ISO-10303-21;
HEADER;
/* Generated by software containing ST-Developer
 * from STEP Tools, Inc. (www.steptools.com) 
 */

FILE_DESCRIPTION(
/* description */ (''),
/* implementation_level */ '2;1');

FILE_NAME(
/* name */ '2x2 250Hz-PLA.ipt.stp',
/* time_stamp */ '2026-06-04T19:58:52-04:00',
/* author */ ('brand'),
/* organization */ (''),
/* preprocessor_version */ 'ST-DEVELOPER v20.1',
/* originating_system */ 'Autodesk Inventor 2027',
/* authorisation */ '');

FILE_SCHEMA (('AUTOMOTIVE_DESIGN { 1 0 10303 214 3 1 1 }'));
ENDSEC;

DATA;
#10=MECHANICAL_DESIGN_GEOMETRIC_PRESENTATION_REPRESENTATION('',(#2536,#2537,
#2538,#2539,#2540,#2541,#2542,#2543,#2544,#2545,#2546,#2547,#2548,#2549,
#2550,#2551,#2552,#2553,#2554,#2555,#2556,#2557,#2558,#2559,#2560,#2561,
#2562,#2563,#2564,#2565,#2566,#2567,#2568,#2569,#2570,#2571,#2572,#2573,
#2574,#2575,#2576,#2577,#2578,#2579,#2580,#2581,#2582,#2583,#2584,#2585,
#2586,#2587,#2588,#2589,#2590,#2591,#2592,#2593,#2594,#2595,#2596,#2597,
#2598,#2599,#2600,#2601,#2602,#2603,#2604,#2605,#2606,#2607,#2608,#2609,
#2610,#2611,#2612,#2613,#2614,#2615,#2616,#2617,#2618,#2619,#2620,#2621,
#2622,#2623,#2624,#2625,#2626,#2627,#2628,#2629,#2630,#2631,#2632,#2633,
#2634,#2635,#2636,#2637,#2638,#2639,#2640,#2641,#2642,#2643,#2644,#2645,
#2646,#2647,#2648,#2649,#2650,#2651,#2652,#2653,#2654,#2655,#2656,#2657,
#2658,#2659,#2660,#2661,#2662,#2663,#2664,#2665,#2666,#2667,#2668,#2669,
#2670,#2671,#2672,#2673,#2674),#4686);
#11=ITEM_DEFINED_TRANSFORMATION($,$,#2876,#3104);
#12=ITEM_DEFINED_TRANSFORMATION($,$,#3103,#3105);
#13=(
REPRESENTATION_RELATIONSHIP($,$,#4704,#4703)
REPRESENTATION_RELATIONSHIP_WITH_TRANSFORMATION(#11)
SHAPE_REPRESENTATION_RELATIONSHIP()
);
#14=(
REPRESENTATION_RELATIONSHIP($,$,#4705,#4703)
REPRESENTATION_RELATIONSHIP_WITH_TRANSFORMATION(#12)
SHAPE_REPRESENTATION_RELATIONSHIP()
);
#15=CONTEXT_DEPENDENT_SHAPE_REPRESENTATION(#13,#4701);
#16=CONTEXT_DEPENDENT_SHAPE_REPRESENTATION(#14,#4702);
#17=NEXT_ASSEMBLY_USAGE_OCCURRENCE('2x2 250Hz-PLA:1','2x2 250Hz-PLA:1',
'2x2 250Hz-PLA:1',#4707,#4708,'2x2 250Hz-PLA:1');
#18=NEXT_ASSEMBLY_USAGE_OCCURRENCE('Part2:1','Part2:1','Part2:1',#4707,
#4709,'Part2:1');
#19=SHAPE_REPRESENTATION_RELATIONSHIP('SRR','None',#4704,#20);
#20=ADVANCED_BREP_SHAPE_REPRESENTATION('',(#21),#4684);
#21=MANIFOLD_SOLID_BREP('Solid1',#2813);
#22=FACE_BOUND('',#275,.T.);
#23=FACE_BOUND('',#309,.T.);
#24=FACE_BOUND('',#344,.T.);
#25=FACE_BOUND('',#376,.T.);
#26=FACE_BOUND('',#377,.T.);
#27=FACE_BOUND('',#378,.T.);
#28=FACE_BOUND('',#379,.T.);
#29=FACE_BOUND('',#384,.T.);
#30=B_SPLINE_CURVE_WITH_KNOTS('',3,(#3945,#3946,#3947,#3948,#3949,#3950,
#3951,#3952,#3953,#3954),.UNSPECIFIED.,.F.,.F.,(4,2,2,2,4),(0.810607690866331,
0.821442568595317,0.844697665397181,0.867952762199046,0.886180633585652),
 .UNSPECIFIED.);
#31=B_SPLINE_CURVE_WITH_KNOTS('',3,(#4142,#4143,#4144,#4145,#4146,#4147,
#4148,#4149,#4150,#4151),.UNSPECIFIED.,.F.,.F.,(4,2,2,2,4),(0.810607690866331,
0.821442568595317,0.844697665397181,0.867952762199046,0.886180633585652),
 .UNSPECIFIED.);
#32=B_SPLINE_CURVE_WITH_KNOTS('',3,(#4348,#4349,#4350,#4351,#4352,#4353,
#4354,#4355,#4356,#4357),.UNSPECIFIED.,.F.,.F.,(4,2,2,2,4),(0.810607690866331,
0.821442568595317,0.844697665397181,0.867952762199046,0.886180633585652),
 .UNSPECIFIED.);
#33=B_SPLINE_CURVE_WITH_KNOTS('',3,(#4556,#4557,#4558,#4559,#4560,#4561,
#4562,#4563,#4564,#4565),.UNSPECIFIED.,.F.,.F.,(4,2,2,2,4),(0.810607690866331,
0.821442568595317,0.844697665397181,0.867952762199046,0.886180633585652),
 .UNSPECIFIED.);
#34=PLANE('',#2880);
#35=PLANE('',#2882);
#36=PLANE('',#2885);
#37=PLANE('',#2886);
#38=PLANE('',#2898);
#39=PLANE('',#2899);
#40=PLANE('',#2900);
#41=PLANE('',#2901);
#42=PLANE('',#2902);
#43=PLANE('',#2903);
#44=PLANE('',#2904);
#45=PLANE('',#2907);
#46=PLANE('',#2910);
#47=PLANE('',#2913);
#48=PLANE('',#2916);
#49=PLANE('',#2917);
#50=PLANE('',#2918);
#51=PLANE('',#2921);
#52=PLANE('',#2924);
#53=PLANE('',#2927);
#54=PLANE('',#2930);
#55=PLANE('',#2931);
#56=PLANE('',#2935);
#57=PLANE('',#2937);
#58=PLANE('',#2940);
#59=PLANE('',#2941);
#60=PLANE('',#2953);
#61=PLANE('',#2954);
#62=PLANE('',#2955);
#63=PLANE('',#2956);
#64=PLANE('',#2957);
#65=PLANE('',#2958);
#66=PLANE('',#2959);
#67=PLANE('',#2962);
#68=PLANE('',#2965);
#69=PLANE('',#2968);
#70=PLANE('',#2971);
#71=PLANE('',#2972);
#72=PLANE('',#2973);
#73=PLANE('',#2976);
#74=PLANE('',#2979);
#75=PLANE('',#2982);
#76=PLANE('',#2985);
#77=PLANE('',#2986);
#78=PLANE('',#2987);
#79=PLANE('',#2991);
#80=PLANE('',#2993);
#81=PLANE('',#2996);
#82=PLANE('',#2997);
#83=PLANE('',#3009);
#84=PLANE('',#3010);
#85=PLANE('',#3011);
#86=PLANE('',#3012);
#87=PLANE('',#3013);
#88=PLANE('',#3014);
#89=PLANE('',#3015);
#90=PLANE('',#3018);
#91=PLANE('',#3021);
#92=PLANE('',#3024);
#93=PLANE('',#3027);
#94=PLANE('',#3028);
#95=PLANE('',#3029);
#96=PLANE('',#3032);
#97=PLANE('',#3035);
#98=PLANE('',#3038);
#99=PLANE('',#3041);
#100=PLANE('',#3042);
#101=PLANE('',#3043);
#102=PLANE('',#3047);
#103=PLANE('',#3049);
#104=PLANE('',#3052);
#105=PLANE('',#3053);
#106=PLANE('',#3054);
#107=PLANE('',#3066);
#108=PLANE('',#3067);
#109=PLANE('',#3068);
#110=PLANE('',#3069);
#111=PLANE('',#3070);
#112=PLANE('',#3071);
#113=PLANE('',#3072);
#114=PLANE('',#3075);
#115=PLANE('',#3078);
#116=PLANE('',#3081);
#117=PLANE('',#3084);
#118=PLANE('',#3085);
#119=PLANE('',#3086);
#120=PLANE('',#3089);
#121=PLANE('',#3092);
#122=PLANE('',#3095);
#123=PLANE('',#3098);
#124=PLANE('',#3099);
#125=PLANE('',#3100);
#126=PLANE('',#3101);
#127=PLANE('',#3102);
#128=FACE_OUTER_BOUND('',#266,.T.);
#129=FACE_OUTER_BOUND('',#267,.T.);
#130=FACE_OUTER_BOUND('',#268,.T.);
#131=FACE_OUTER_BOUND('',#269,.T.);
#132=FACE_OUTER_BOUND('',#270,.T.);
#133=FACE_OUTER_BOUND('',#271,.T.);
#134=FACE_OUTER_BOUND('',#272,.T.);
#135=FACE_OUTER_BOUND('',#273,.T.);
#136=FACE_OUTER_BOUND('',#274,.T.);
#137=FACE_OUTER_BOUND('',#276,.T.);
#138=FACE_OUTER_BOUND('',#277,.T.);
#139=FACE_OUTER_BOUND('',#278,.T.);
#140=FACE_OUTER_BOUND('',#279,.T.);
#141=FACE_OUTER_BOUND('',#280,.T.);
#142=FACE_OUTER_BOUND('',#281,.T.);
#143=FACE_OUTER_BOUND('',#282,.T.);
#144=FACE_OUTER_BOUND('',#283,.T.);
#145=FACE_OUTER_BOUND('',#284,.T.);
#146=FACE_OUTER_BOUND('',#285,.T.);
#147=FACE_OUTER_BOUND('',#286,.T.);
#148=FACE_OUTER_BOUND('',#287,.T.);
#149=FACE_OUTER_BOUND('',#288,.T.);
#150=FACE_OUTER_BOUND('',#289,.T.);
#151=FACE_OUTER_BOUND('',#290,.T.);
#152=FACE_OUTER_BOUND('',#291,.T.);
#153=FACE_OUTER_BOUND('',#292,.T.);
#154=FACE_OUTER_BOUND('',#293,.T.);
#155=FACE_OUTER_BOUND('',#294,.T.);
#156=FACE_OUTER_BOUND('',#295,.T.);
#157=FACE_OUTER_BOUND('',#296,.T.);
#158=FACE_OUTER_BOUND('',#297,.T.);
#159=FACE_OUTER_BOUND('',#298,.T.);
#160=FACE_OUTER_BOUND('',#299,.T.);
#161=FACE_OUTER_BOUND('',#300,.T.);
#162=FACE_OUTER_BOUND('',#301,.T.);
#163=FACE_OUTER_BOUND('',#302,.T.);
#164=FACE_OUTER_BOUND('',#303,.T.);
#165=FACE_OUTER_BOUND('',#304,.T.);
#166=FACE_OUTER_BOUND('',#305,.T.);
#167=FACE_OUTER_BOUND('',#306,.T.);
#168=FACE_OUTER_BOUND('',#307,.T.);
#169=FACE_OUTER_BOUND('',#308,.T.);
#170=FACE_OUTER_BOUND('',#310,.T.);
#171=FACE_OUTER_BOUND('',#311,.T.);
#172=FACE_OUTER_BOUND('',#312,.T.);
#173=FACE_OUTER_BOUND('',#313,.T.);
#174=FACE_OUTER_BOUND('',#314,.T.);
#175=FACE_OUTER_BOUND('',#315,.T.);
#176=FACE_OUTER_BOUND('',#316,.T.);
#177=FACE_OUTER_BOUND('',#317,.T.);
#178=FACE_OUTER_BOUND('',#318,.T.);
#179=FACE_OUTER_BOUND('',#319,.T.);
#180=FACE_OUTER_BOUND('',#320,.T.);
#181=FACE_OUTER_BOUND('',#321,.T.);
#182=FACE_OUTER_BOUND('',#322,.T.);
#183=FACE_OUTER_BOUND('',#323,.T.);
#184=FACE_OUTER_BOUND('',#324,.T.);
#185=FACE_OUTER_BOUND('',#325,.T.);
#186=FACE_OUTER_BOUND('',#326,.T.);
#187=FACE_OUTER_BOUND('',#327,.T.);
#188=FACE_OUTER_BOUND('',#328,.T.);
#189=FACE_OUTER_BOUND('',#329,.T.);
#190=FACE_OUTER_BOUND('',#330,.T.);
#191=FACE_OUTER_BOUND('',#331,.T.);
#192=FACE_OUTER_BOUND('',#332,.T.);
#193=FACE_OUTER_BOUND('',#333,.T.);
#194=FACE_OUTER_BOUND('',#334,.T.);
#195=FACE_OUTER_BOUND('',#335,.T.);
#196=FACE_OUTER_BOUND('',#336,.T.);
#197=FACE_OUTER_BOUND('',#337,.T.);
#198=FACE_OUTER_BOUND('',#338,.T.);
#199=FACE_OUTER_BOUND('',#339,.T.);
#200=FACE_OUTER_BOUND('',#340,.T.);
#201=FACE_OUTER_BOUND('',#341,.T.);
#202=FACE_OUTER_BOUND('',#342,.T.);
#203=FACE_OUTER_BOUND('',#343,.T.);
#204=FACE_OUTER_BOUND('',#345,.T.);
#205=FACE_OUTER_BOUND('',#346,.T.);
#206=FACE_OUTER_BOUND('',#347,.T.);
#207=FACE_OUTER_BOUND('',#348,.T.);
#208=FACE_OUTER_BOUND('',#349,.T.);
#209=FACE_OUTER_BOUND('',#350,.T.);
#210=FACE_OUTER_BOUND('',#351,.T.);
#211=FACE_OUTER_BOUND('',#352,.T.);
#212=FACE_OUTER_BOUND('',#353,.T.);
#213=FACE_OUTER_BOUND('',#354,.T.);
#214=FACE_OUTER_BOUND('',#355,.T.);
#215=FACE_OUTER_BOUND('',#356,.T.);
#216=FACE_OUTER_BOUND('',#357,.T.);
#217=FACE_OUTER_BOUND('',#358,.T.);
#218=FACE_OUTER_BOUND('',#359,.T.);
#219=FACE_OUTER_BOUND('',#360,.T.);
#220=FACE_OUTER_BOUND('',#361,.T.);
#221=FACE_OUTER_BOUND('',#362,.T.);
#222=FACE_OUTER_BOUND('',#363,.T.);
#223=FACE_OUTER_BOUND('',#364,.T.);
#224=FACE_OUTER_BOUND('',#365,.T.);
#225=FACE_OUTER_BOUND('',#366,.T.);
#226=FACE_OUTER_BOUND('',#367,.T.);
#227=FACE_OUTER_BOUND('',#368,.T.);
#228=FACE_OUTER_BOUND('',#369,.T.);
#229=FACE_OUTER_BOUND('',#370,.T.);
#230=FACE_OUTER_BOUND('',#371,.T.);
#231=FACE_OUTER_BOUND('',#372,.T.);
#232=FACE_OUTER_BOUND('',#373,.T.);
#233=FACE_OUTER_BOUND('',#374,.T.);
#234=FACE_OUTER_BOUND('',#375,.T.);
#235=FACE_OUTER_BOUND('',#380,.T.);
#236=FACE_OUTER_BOUND('',#381,.T.);
#237=FACE_OUTER_BOUND('',#382,.T.);
#238=FACE_OUTER_BOUND('',#383,.T.);
#239=FACE_OUTER_BOUND('',#385,.T.);
#240=FACE_OUTER_BOUND('',#386,.T.);
#241=FACE_OUTER_BOUND('',#387,.T.);
#242=FACE_OUTER_BOUND('',#388,.T.);
#243=FACE_OUTER_BOUND('',#389,.T.);
#244=FACE_OUTER_BOUND('',#390,.T.);
#245=FACE_OUTER_BOUND('',#391,.T.);
#246=FACE_OUTER_BOUND('',#392,.T.);
#247=FACE_OUTER_BOUND('',#393,.T.);
#248=FACE_OUTER_BOUND('',#394,.T.);
#249=FACE_OUTER_BOUND('',#395,.T.);
#250=FACE_OUTER_BOUND('',#396,.T.);
#251=FACE_OUTER_BOUND('',#397,.T.);
#252=FACE_OUTER_BOUND('',#398,.T.);
#253=FACE_OUTER_BOUND('',#399,.T.);
#254=FACE_OUTER_BOUND('',#400,.T.);
#255=FACE_OUTER_BOUND('',#401,.T.);
#256=FACE_OUTER_BOUND('',#402,.T.);
#257=FACE_OUTER_BOUND('',#403,.T.);
#258=FACE_OUTER_BOUND('',#404,.T.);
#259=FACE_OUTER_BOUND('',#405,.T.);
#260=FACE_OUTER_BOUND('',#406,.T.);
#261=FACE_OUTER_BOUND('',#407,.T.);
#262=FACE_OUTER_BOUND('',#408,.T.);
#263=FACE_OUTER_BOUND('',#409,.T.);
#264=FACE_OUTER_BOUND('',#410,.T.);
#265=FACE_OUTER_BOUND('',#411,.T.);
#266=EDGE_LOOP('',(#1724,#1725,#1726,#1727));
#267=EDGE_LOOP('',(#1728,#1729,#1730,#1731,#1732,#1733,#1734,#1735));
#268=EDGE_LOOP('',(#1736,#1737,#1738,#1739));
#269=EDGE_LOOP('',(#1740,#1741,#1742,#1743));
#270=EDGE_LOOP('',(#1744,#1745,#1746,#1747));
#271=EDGE_LOOP('',(#1748,#1749,#1750,#1751,#1752,#1753,#1754,#1755,#1756,
#1757,#1758,#1759,#1760,#1761,#1762,#1763,#1764,#1765,#1766,#1767));
#272=EDGE_LOOP('',(#1768,#1769,#1770,#1771,#1772));
#273=EDGE_LOOP('',(#1773,#1774,#1775,#1776));
#274=EDGE_LOOP('',(#1777,#1778,#1779,#1780));
#275=EDGE_LOOP('',(#1781,#1782,#1783,#1784));
#276=EDGE_LOOP('',(#1785,#1786,#1787,#1788));
#277=EDGE_LOOP('',(#1789,#1790,#1791,#1792));
#278=EDGE_LOOP('',(#1793,#1794,#1795,#1796));
#279=EDGE_LOOP('',(#1797,#1798,#1799,#1800));
#280=EDGE_LOOP('',(#1801,#1802,#1803,#1804));
#281=EDGE_LOOP('',(#1805,#1806,#1807,#1808));
#282=EDGE_LOOP('',(#1809,#1810,#1811,#1812));
#283=EDGE_LOOP('',(#1813,#1814,#1815,#1816));
#284=EDGE_LOOP('',(#1817,#1818,#1819,#1820));
#285=EDGE_LOOP('',(#1821,#1822,#1823,#1824));
#286=EDGE_LOOP('',(#1825,#1826,#1827,#1828));
#287=EDGE_LOOP('',(#1829,#1830,#1831,#1832,#1833));
#288=EDGE_LOOP('',(#1834,#1835,#1836,#1837,#1838,#1839));
#289=EDGE_LOOP('',(#1840,#1841,#1842,#1843));
#290=EDGE_LOOP('',(#1844,#1845,#1846,#1847,#1848,#1849,#1850));
#291=EDGE_LOOP('',(#1851,#1852,#1853,#1854));
#292=EDGE_LOOP('',(#1855,#1856,#1857,#1858));
#293=EDGE_LOOP('',(#1859,#1860,#1861,#1862));
#294=EDGE_LOOP('',(#1863,#1864,#1865,#1866));
#295=EDGE_LOOP('',(#1867,#1868,#1869,#1870));
#296=EDGE_LOOP('',(#1871,#1872,#1873,#1874));
#297=EDGE_LOOP('',(#1875,#1876,#1877,#1878));
#298=EDGE_LOOP('',(#1879,#1880,#1881,#1882,#1883,#1884,#1885,#1886));
#299=EDGE_LOOP('',(#1887,#1888,#1889,#1890,#1891,#1892,#1893,#1894,#1895,
#1896,#1897,#1898,#1899,#1900,#1901,#1902,#1903,#1904,#1905));
#300=EDGE_LOOP('',(#1906,#1907,#1908,#1909));
#301=EDGE_LOOP('',(#1910,#1911,#1912,#1913,#1914,#1915,#1916,#1917));
#302=EDGE_LOOP('',(#1918,#1919,#1920,#1921));
#303=EDGE_LOOP('',(#1922,#1923,#1924,#1925));
#304=EDGE_LOOP('',(#1926,#1927,#1928,#1929));
#305=EDGE_LOOP('',(#1930,#1931,#1932,#1933,#1934,#1935,#1936,#1937,#1938,
#1939,#1940,#1941,#1942,#1943,#1944,#1945,#1946,#1947,#1948,#1949));
#306=EDGE_LOOP('',(#1950,#1951,#1952,#1953,#1954));
#307=EDGE_LOOP('',(#1955,#1956,#1957,#1958));
#308=EDGE_LOOP('',(#1959,#1960,#1961,#1962));
#309=EDGE_LOOP('',(#1963,#1964,#1965,#1966));
#310=EDGE_LOOP('',(#1967,#1968,#1969,#1970));
#311=EDGE_LOOP('',(#1971,#1972,#1973,#1974));
#312=EDGE_LOOP('',(#1975,#1976,#1977,#1978));
#313=EDGE_LOOP('',(#1979,#1980,#1981,#1982));
#314=EDGE_LOOP('',(#1983,#1984,#1985,#1986));
#315=EDGE_LOOP('',(#1987,#1988,#1989,#1990));
#316=EDGE_LOOP('',(#1991,#1992,#1993,#1994));
#317=EDGE_LOOP('',(#1995,#1996,#1997,#1998));
#318=EDGE_LOOP('',(#1999,#2000,#2001,#2002));
#319=EDGE_LOOP('',(#2003,#2004,#2005,#2006));
#320=EDGE_LOOP('',(#2007,#2008,#2009,#2010));
#321=EDGE_LOOP('',(#2011,#2012,#2013,#2014,#2015));
#322=EDGE_LOOP('',(#2016,#2017,#2018,#2019,#2020,#2021));
#323=EDGE_LOOP('',(#2022,#2023,#2024,#2025));
#324=EDGE_LOOP('',(#2026,#2027,#2028,#2029,#2030,#2031,#2032));
#325=EDGE_LOOP('',(#2033,#2034,#2035,#2036));
#326=EDGE_LOOP('',(#2037,#2038,#2039,#2040));
#327=EDGE_LOOP('',(#2041,#2042,#2043,#2044));
#328=EDGE_LOOP('',(#2045,#2046,#2047,#2048));
#329=EDGE_LOOP('',(#2049,#2050,#2051,#2052));
#330=EDGE_LOOP('',(#2053,#2054,#2055,#2056));
#331=EDGE_LOOP('',(#2057,#2058,#2059,#2060));
#332=EDGE_LOOP('',(#2061,#2062,#2063,#2064,#2065,#2066,#2067,#2068));
#333=EDGE_LOOP('',(#2069,#2070,#2071,#2072));
#334=EDGE_LOOP('',(#2073,#2074,#2075,#2076,#2077,#2078,#2079,#2080,#2081,
#2082,#2083,#2084,#2085,#2086,#2087,#2088,#2089,#2090,#2091));
#335=EDGE_LOOP('',(#2092,#2093,#2094,#2095));
#336=EDGE_LOOP('',(#2096,#2097,#2098,#2099,#2100,#2101,#2102,#2103));
#337=EDGE_LOOP('',(#2104,#2105,#2106,#2107));
#338=EDGE_LOOP('',(#2108,#2109,#2110,#2111));
#339=EDGE_LOOP('',(#2112,#2113,#2114,#2115));
#340=EDGE_LOOP('',(#2116,#2117,#2118,#2119,#2120,#2121,#2122,#2123,#2124,
#2125,#2126,#2127,#2128,#2129,#2130,#2131,#2132,#2133,#2134,#2135));
#341=EDGE_LOOP('',(#2136,#2137,#2138,#2139,#2140));
#342=EDGE_LOOP('',(#2141,#2142,#2143,#2144));
#343=EDGE_LOOP('',(#2145,#2146,#2147,#2148));
#344=EDGE_LOOP('',(#2149,#2150,#2151,#2152));
#345=EDGE_LOOP('',(#2153,#2154,#2155,#2156));
#346=EDGE_LOOP('',(#2157,#2158,#2159,#2160));
#347=EDGE_LOOP('',(#2161,#2162,#2163,#2164));
#348=EDGE_LOOP('',(#2165,#2166,#2167,#2168));
#349=EDGE_LOOP('',(#2169,#2170,#2171,#2172));
#350=EDGE_LOOP('',(#2173,#2174,#2175,#2176));
#351=EDGE_LOOP('',(#2177,#2178,#2179,#2180));
#352=EDGE_LOOP('',(#2181,#2182,#2183,#2184));
#353=EDGE_LOOP('',(#2185,#2186,#2187,#2188));
#354=EDGE_LOOP('',(#2189,#2190,#2191,#2192));
#355=EDGE_LOOP('',(#2193,#2194,#2195,#2196));
#356=EDGE_LOOP('',(#2197,#2198,#2199,#2200,#2201));
#357=EDGE_LOOP('',(#2202,#2203,#2204,#2205,#2206,#2207));
#358=EDGE_LOOP('',(#2208,#2209,#2210,#2211));
#359=EDGE_LOOP('',(#2212,#2213,#2214,#2215,#2216,#2217,#2218));
#360=EDGE_LOOP('',(#2219,#2220,#2221,#2222));
#361=EDGE_LOOP('',(#2223,#2224,#2225,#2226));
#362=EDGE_LOOP('',(#2227,#2228,#2229,#2230));
#363=EDGE_LOOP('',(#2231,#2232,#2233,#2234));
#364=EDGE_LOOP('',(#2235,#2236,#2237,#2238));
#365=EDGE_LOOP('',(#2239,#2240,#2241,#2242));
#366=EDGE_LOOP('',(#2243,#2244,#2245,#2246));
#367=EDGE_LOOP('',(#2247,#2248,#2249,#2250,#2251,#2252,#2253,#2254));
#368=EDGE_LOOP('',(#2255,#2256,#2257,#2258));
#369=EDGE_LOOP('',(#2259,#2260,#2261,#2262,#2263,#2264,#2265,#2266,#2267,
#2268,#2269,#2270,#2271,#2272,#2273,#2274,#2275,#2276,#2277));
#370=EDGE_LOOP('',(#2278,#2279,#2280,#2281));
#371=EDGE_LOOP('',(#2282,#2283,#2284,#2285,#2286,#2287,#2288,#2289));
#372=EDGE_LOOP('',(#2290,#2291,#2292,#2293));
#373=EDGE_LOOP('',(#2294,#2295,#2296,#2297));
#374=EDGE_LOOP('',(#2298,#2299,#2300,#2301));
#375=EDGE_LOOP('',(#2302,#2303,#2304,#2305));
#376=EDGE_LOOP('',(#2306,#2307,#2308,#2309));
#377=EDGE_LOOP('',(#2310,#2311,#2312,#2313));
#378=EDGE_LOOP('',(#2314,#2315,#2316,#2317));
#379=EDGE_LOOP('',(#2318,#2319,#2320,#2321));
#380=EDGE_LOOP('',(#2322,#2323,#2324,#2325,#2326,#2327,#2328,#2329,#2330,
#2331,#2332,#2333,#2334,#2335,#2336,#2337,#2338,#2339,#2340,#2341));
#381=EDGE_LOOP('',(#2342,#2343,#2344,#2345,#2346));
#382=EDGE_LOOP('',(#2347,#2348,#2349,#2350));
#383=EDGE_LOOP('',(#2351,#2352,#2353,#2354));
#384=EDGE_LOOP('',(#2355,#2356,#2357,#2358));
#385=EDGE_LOOP('',(#2359,#2360,#2361,#2362));
#386=EDGE_LOOP('',(#2363,#2364,#2365,#2366));
#387=EDGE_LOOP('',(#2367,#2368,#2369,#2370));
#388=EDGE_LOOP('',(#2371,#2372,#2373,#2374));
#389=EDGE_LOOP('',(#2375,#2376,#2377,#2378));
#390=EDGE_LOOP('',(#2379,#2380,#2381,#2382));
#391=EDGE_LOOP('',(#2383,#2384,#2385,#2386));
#392=EDGE_LOOP('',(#2387,#2388,#2389,#2390));
#393=EDGE_LOOP('',(#2391,#2392,#2393,#2394));
#394=EDGE_LOOP('',(#2395,#2396,#2397,#2398));
#395=EDGE_LOOP('',(#2399,#2400,#2401,#2402));
#396=EDGE_LOOP('',(#2403,#2404,#2405,#2406,#2407));
#397=EDGE_LOOP('',(#2408,#2409,#2410,#2411,#2412,#2413));
#398=EDGE_LOOP('',(#2414,#2415,#2416,#2417));
#399=EDGE_LOOP('',(#2418,#2419,#2420,#2421,#2422,#2423,#2424));
#400=EDGE_LOOP('',(#2425,#2426,#2427,#2428));
#401=EDGE_LOOP('',(#2429,#2430,#2431,#2432));
#402=EDGE_LOOP('',(#2433,#2434,#2435,#2436));
#403=EDGE_LOOP('',(#2437,#2438,#2439,#2440));
#404=EDGE_LOOP('',(#2441,#2442,#2443,#2444));
#405=EDGE_LOOP('',(#2445,#2446,#2447,#2448));
#406=EDGE_LOOP('',(#2449,#2450,#2451,#2452));
#407=EDGE_LOOP('',(#2453,#2454,#2455,#2456,#2457,#2458,#2459,#2460));
#408=EDGE_LOOP('',(#2461,#2462,#2463,#2464));
#409=EDGE_LOOP('',(#2465,#2466,#2467,#2468));
#410=EDGE_LOOP('',(#2469,#2470,#2471,#2472));
#411=EDGE_LOOP('',(#2473,#2474,#2475,#2476,#2477,#2478,#2479,#2480,#2481,
#2482,#2483,#2484,#2485,#2486,#2487,#2488,#2489,#2490,#2491));
#412=LINE('',#3867,#704);
#413=LINE('',#3870,#705);
#414=LINE('',#3873,#706);
#415=LINE('',#3875,#707);
#416=LINE('',#3877,#708);
#417=LINE('',#3881,#709);
#418=LINE('',#3883,#710);
#419=LINE('',#3884,#711);
#420=LINE('',#3887,#712);
#421=LINE('',#3888,#713);
#422=LINE('',#3891,#714);
#423=LINE('',#3894,#715);
#424=LINE('',#3897,#716);
#425=LINE('',#3898,#717);
#426=LINE('',#3901,#718);
#427=LINE('',#3905,#719);
#428=LINE('',#3909,#720);
#429=LINE('',#3913,#721);
#430=LINE('',#3917,#722);
#431=LINE('',#3919,#723);
#432=LINE('',#3921,#724);
#433=LINE('',#3925,#725);
#434=LINE('',#3929,#726);
#435=LINE('',#3933,#727);
#436=LINE('',#3940,#728);
#437=LINE('',#3944,#729);
#438=LINE('',#3957,#730);
#439=LINE('',#3959,#731);
#440=LINE('',#3960,#732);
#441=LINE('',#3964,#733);
#442=LINE('',#3966,#734);
#443=LINE('',#3968,#735);
#444=LINE('',#3969,#736);
#445=LINE('',#3971,#737);
#446=LINE('',#3973,#738);
#447=LINE('',#3974,#739);
#448=LINE('',#3978,#740);
#449=LINE('',#3979,#741);
#450=LINE('',#3980,#742);
#451=LINE('',#3983,#743);
#452=LINE('',#3984,#744);
#453=LINE('',#3987,#745);
#454=LINE('',#3988,#746);
#455=LINE('',#3990,#747);
#456=LINE('',#3995,#748);
#457=LINE('',#3998,#749);
#458=LINE('',#3999,#750);
#459=LINE('',#4003,#751);
#460=LINE('',#4006,#752);
#461=LINE('',#4007,#753);
#462=LINE('',#4011,#754);
#463=LINE('',#4014,#755);
#464=LINE('',#4015,#756);
#465=LINE('',#4018,#757);
#466=LINE('',#4020,#758);
#467=LINE('',#4022,#759);
#468=LINE('',#4025,#760);
#469=LINE('',#4026,#761);
#470=LINE('',#4030,#762);
#471=LINE('',#4033,#763);
#472=LINE('',#4034,#764);
#473=LINE('',#4038,#765);
#474=LINE('',#4041,#766);
#475=LINE('',#4042,#767);
#476=LINE('',#4046,#768);
#477=LINE('',#4049,#769);
#478=LINE('',#4050,#770);
#479=LINE('',#4054,#771);
#480=LINE('',#4056,#772);
#481=LINE('',#4057,#773);
#482=LINE('',#4064,#774);
#483=LINE('',#4067,#775);
#484=LINE('',#4070,#776);
#485=LINE('',#4072,#777);
#486=LINE('',#4074,#778);
#487=LINE('',#4078,#779);
#488=LINE('',#4080,#780);
#489=LINE('',#4081,#781);
#490=LINE('',#4084,#782);
#491=LINE('',#4085,#783);
#492=LINE('',#4088,#784);
#493=LINE('',#4091,#785);
#494=LINE('',#4094,#786);
#495=LINE('',#4095,#787);
#496=LINE('',#4098,#788);
#497=LINE('',#4102,#789);
#498=LINE('',#4106,#790);
#499=LINE('',#4110,#791);
#500=LINE('',#4114,#792);
#501=LINE('',#4116,#793);
#502=LINE('',#4118,#794);
#503=LINE('',#4122,#795);
#504=LINE('',#4126,#796);
#505=LINE('',#4130,#797);
#506=LINE('',#4137,#798);
#507=LINE('',#4141,#799);
#508=LINE('',#4154,#800);
#509=LINE('',#4156,#801);
#510=LINE('',#4157,#802);
#511=LINE('',#4161,#803);
#512=LINE('',#4163,#804);
#513=LINE('',#4165,#805);
#514=LINE('',#4166,#806);
#515=LINE('',#4168,#807);
#516=LINE('',#4170,#808);
#517=LINE('',#4171,#809);
#518=LINE('',#4175,#810);
#519=LINE('',#4176,#811);
#520=LINE('',#4177,#812);
#521=LINE('',#4180,#813);
#522=LINE('',#4181,#814);
#523=LINE('',#4184,#815);
#524=LINE('',#4185,#816);
#525=LINE('',#4187,#817);
#526=LINE('',#4192,#818);
#527=LINE('',#4195,#819);
#528=LINE('',#4196,#820);
#529=LINE('',#4200,#821);
#530=LINE('',#4203,#822);
#531=LINE('',#4204,#823);
#532=LINE('',#4208,#824);
#533=LINE('',#4211,#825);
#534=LINE('',#4212,#826);
#535=LINE('',#4215,#827);
#536=LINE('',#4217,#828);
#537=LINE('',#4219,#829);
#538=LINE('',#4222,#830);
#539=LINE('',#4223,#831);
#540=LINE('',#4227,#832);
#541=LINE('',#4230,#833);
#542=LINE('',#4231,#834);
#543=LINE('',#4235,#835);
#544=LINE('',#4238,#836);
#545=LINE('',#4239,#837);
#546=LINE('',#4243,#838);
#547=LINE('',#4246,#839);
#548=LINE('',#4247,#840);
#549=LINE('',#4251,#841);
#550=LINE('',#4253,#842);
#551=LINE('',#4254,#843);
#552=LINE('',#4258,#844);
#553=LINE('',#4260,#845);
#554=LINE('',#4262,#846);
#555=LINE('',#4263,#847);
#556=LINE('',#4270,#848);
#557=LINE('',#4273,#849);
#558=LINE('',#4276,#850);
#559=LINE('',#4278,#851);
#560=LINE('',#4280,#852);
#561=LINE('',#4284,#853);
#562=LINE('',#4286,#854);
#563=LINE('',#4287,#855);
#564=LINE('',#4290,#856);
#565=LINE('',#4291,#857);
#566=LINE('',#4294,#858);
#567=LINE('',#4297,#859);
#568=LINE('',#4300,#860);
#569=LINE('',#4301,#861);
#570=LINE('',#4304,#862);
#571=LINE('',#4308,#863);
#572=LINE('',#4312,#864);
#573=LINE('',#4316,#865);
#574=LINE('',#4320,#866);
#575=LINE('',#4322,#867);
#576=LINE('',#4324,#868);
#577=LINE('',#4328,#869);
#578=LINE('',#4332,#870);
#579=LINE('',#4336,#871);
#580=LINE('',#4343,#872);
#581=LINE('',#4347,#873);
#582=LINE('',#4360,#874);
#583=LINE('',#4362,#875);
#584=LINE('',#4363,#876);
#585=LINE('',#4367,#877);
#586=LINE('',#4369,#878);
#587=LINE('',#4371,#879);
#588=LINE('',#4372,#880);
#589=LINE('',#4374,#881);
#590=LINE('',#4376,#882);
#591=LINE('',#4377,#883);
#592=LINE('',#4381,#884);
#593=LINE('',#4382,#885);
#594=LINE('',#4383,#886);
#595=LINE('',#4386,#887);
#596=LINE('',#4387,#888);
#597=LINE('',#4390,#889);
#598=LINE('',#4391,#890);
#599=LINE('',#4393,#891);
#600=LINE('',#4398,#892);
#601=LINE('',#4401,#893);
#602=LINE('',#4402,#894);
#603=LINE('',#4406,#895);
#604=LINE('',#4409,#896);
#605=LINE('',#4410,#897);
#606=LINE('',#4414,#898);
#607=LINE('',#4417,#899);
#608=LINE('',#4418,#900);
#609=LINE('',#4421,#901);
#610=LINE('',#4423,#902);
#611=LINE('',#4425,#903);
#612=LINE('',#4428,#904);
#613=LINE('',#4429,#905);
#614=LINE('',#4433,#906);
#615=LINE('',#4436,#907);
#616=LINE('',#4437,#908);
#617=LINE('',#4441,#909);
#618=LINE('',#4444,#910);
#619=LINE('',#4445,#911);
#620=LINE('',#4449,#912);
#621=LINE('',#4452,#913);
#622=LINE('',#4453,#914);
#623=LINE('',#4457,#915);
#624=LINE('',#4459,#916);
#625=LINE('',#4460,#917);
#626=LINE('',#4463,#918);
#627=LINE('',#4465,#919);
#628=LINE('',#4466,#920);
#629=LINE('',#4473,#921);
#630=LINE('',#4476,#922);
#631=LINE('',#4479,#923);
#632=LINE('',#4481,#924);
#633=LINE('',#4483,#925);
#634=LINE('',#4487,#926);
#635=LINE('',#4489,#927);
#636=LINE('',#4490,#928);
#637=LINE('',#4493,#929);
#638=LINE('',#4494,#930);
#639=LINE('',#4497,#931);
#640=LINE('',#4500,#932);
#641=LINE('',#4503,#933);
#642=LINE('',#4504,#934);
#643=LINE('',#4507,#935);
#644=LINE('',#4508,#936);
#645=LINE('',#4509,#937);
#646=LINE('',#4512,#938);
#647=LINE('',#4516,#939);
#648=LINE('',#4520,#940);
#649=LINE('',#4524,#941);
#650=LINE('',#4528,#942);
#651=LINE('',#4530,#943);
#652=LINE('',#4532,#944);
#653=LINE('',#4536,#945);
#654=LINE('',#4540,#946);
#655=LINE('',#4544,#947);
#656=LINE('',#4551,#948);
#657=LINE('',#4555,#949);
#658=LINE('',#4568,#950);
#659=LINE('',#4570,#951);
#660=LINE('',#4571,#952);
#661=LINE('',#4575,#953);
#662=LINE('',#4577,#954);
#663=LINE('',#4579,#955);
#664=LINE('',#4580,#956);
#665=LINE('',#4582,#957);
#666=LINE('',#4584,#958);
#667=LINE('',#4585,#959);
#668=LINE('',#4589,#960);
#669=LINE('',#4590,#961);
#670=LINE('',#4591,#962);
#671=LINE('',#4594,#963);
#672=LINE('',#4595,#964);
#673=LINE('',#4598,#965);
#674=LINE('',#4599,#966);
#675=LINE('',#4601,#967);
#676=LINE('',#4606,#968);
#677=LINE('',#4609,#969);
#678=LINE('',#4610,#970);
#679=LINE('',#4614,#971);
#680=LINE('',#4617,#972);
#681=LINE('',#4618,#973);
#682=LINE('',#4622,#974);
#683=LINE('',#4625,#975);
#684=LINE('',#4626,#976);
#685=LINE('',#4629,#977);
#686=LINE('',#4631,#978);
#687=LINE('',#4633,#979);
#688=LINE('',#4636,#980);
#689=LINE('',#4637,#981);
#690=LINE('',#4641,#982);
#691=LINE('',#4644,#983);
#692=LINE('',#4645,#984);
#693=LINE('',#4649,#985);
#694=LINE('',#4652,#986);
#695=LINE('',#4653,#987);
#696=LINE('',#4657,#988);
#697=LINE('',#4660,#989);
#698=LINE('',#4661,#990);
#699=LINE('',#4665,#991);
#700=LINE('',#4667,#992);
#701=LINE('',#4670,#993);
#702=LINE('',#4671,#994);
#703=LINE('',#4673,#995);
#704=VECTOR('',#3114,0.393700787401575);
#705=VECTOR('',#3117,0.393700787401575);
#706=VECTOR('',#3120,0.393700787401575);
#707=VECTOR('',#3121,0.393700787401575);
#708=VECTOR('',#3122,0.393700787401575);
#709=VECTOR('',#3125,0.393700787401575);
#710=VECTOR('',#3126,0.393700787401575);
#711=VECTOR('',#3127,0.393700787401575);
#712=VECTOR('',#3130,0.393700787401575);
#713=VECTOR('',#3131,0.393700787401575);
#714=VECTOR('',#3134,0.393700787401575);
#715=VECTOR('',#3137,0.393700787401575);
#716=VECTOR('',#3140,0.393700787401575);
#717=VECTOR('',#3141,0.393700787401575);
#718=VECTOR('',#3144,0.393700787401575);
#719=VECTOR('',#3147,0.393700787401575);
#720=VECTOR('',#3150,0.393700787401575);
#721=VECTOR('',#3153,0.393700787401575);
#722=VECTOR('',#3156,0.393700787401575);
#723=VECTOR('',#3157,0.393700787401575);
#724=VECTOR('',#3158,0.393700787401575);
#725=VECTOR('',#3161,0.393700787401575);
#726=VECTOR('',#3164,0.393700787401575);
#727=VECTOR('',#3167,0.393700787401575);
#728=VECTOR('',#3174,0.393700787401575);
#729=VECTOR('',#3177,0.393700787401575);
#730=VECTOR('',#3180,0.393700787401575);
#731=VECTOR('',#3181,0.393700787401575);
#732=VECTOR('',#3182,0.393700787401575);
#733=VECTOR('',#3185,0.393700787401575);
#734=VECTOR('',#3186,0.393700787401575);
#735=VECTOR('',#3187,0.393700787401575);
#736=VECTOR('',#3188,0.393700787401575);
#737=VECTOR('',#3189,0.393700787401575);
#738=VECTOR('',#3190,0.393700787401575);
#739=VECTOR('',#3191,0.393700787401575);
#740=VECTOR('',#3194,0.393700787401575);
#741=VECTOR('',#3195,0.393700787401575);
#742=VECTOR('',#3196,0.393700787401575);
#743=VECTOR('',#3199,0.393700787401575);
#744=VECTOR('',#3200,0.393700787401575);
#745=VECTOR('',#3203,0.393700787401575);
#746=VECTOR('',#3204,0.393700787401575);
#747=VECTOR('',#3207,0.393700787401575);
#748=VECTOR('',#3214,0.393700787401575);
#749=VECTOR('',#3217,0.393700787401575);
#750=VECTOR('',#3218,0.393700787401575);
#751=VECTOR('',#3223,0.393700787401575);
#752=VECTOR('',#3226,0.393700787401575);
#753=VECTOR('',#3227,0.393700787401575);
#754=VECTOR('',#3232,0.393700787401575);
#755=VECTOR('',#3235,0.393700787401575);
#756=VECTOR('',#3236,0.393700787401575);
#757=VECTOR('',#3241,0.393700787401575);
#758=VECTOR('',#3244,0.393700787401575);
#759=VECTOR('',#3247,0.393700787401575);
#760=VECTOR('',#3250,0.393700787401575);
#761=VECTOR('',#3251,0.393700787401575);
#762=VECTOR('',#3256,0.393700787401575);
#763=VECTOR('',#3259,0.393700787401575);
#764=VECTOR('',#3260,0.393700787401575);
#765=VECTOR('',#3265,0.393700787401575);
#766=VECTOR('',#3268,0.393700787401575);
#767=VECTOR('',#3269,0.393700787401575);
#768=VECTOR('',#3274,0.393700787401575);
#769=VECTOR('',#3277,0.393700787401575);
#770=VECTOR('',#3278,0.393700787401575);
#771=VECTOR('',#3283,0.393700787401575);
#772=VECTOR('',#3286,0.393700787401575);
#773=VECTOR('',#3287,0.393700787401575);
#774=VECTOR('',#3294,0.393700787401575);
#775=VECTOR('',#3297,0.393700787401575);
#776=VECTOR('',#3300,0.393700787401575);
#777=VECTOR('',#3301,0.393700787401575);
#778=VECTOR('',#3302,0.393700787401575);
#779=VECTOR('',#3305,0.393700787401575);
#780=VECTOR('',#3306,0.393700787401575);
#781=VECTOR('',#3307,0.393700787401575);
#782=VECTOR('',#3310,0.393700787401575);
#783=VECTOR('',#3311,0.393700787401575);
#784=VECTOR('',#3314,0.393700787401575);
#785=VECTOR('',#3317,0.393700787401575);
#786=VECTOR('',#3320,0.393700787401575);
#787=VECTOR('',#3321,0.393700787401575);
#788=VECTOR('',#3324,0.393700787401575);
#789=VECTOR('',#3327,0.393700787401575);
#790=VECTOR('',#3330,0.393700787401575);
#791=VECTOR('',#3333,0.393700787401575);
#792=VECTOR('',#3336,0.393700787401575);
#793=VECTOR('',#3337,0.393700787401575);
#794=VECTOR('',#3338,0.393700787401575);
#795=VECTOR('',#3341,0.393700787401575);
#796=VECTOR('',#3344,0.393700787401575);
#797=VECTOR('',#3347,0.393700787401575);
#798=VECTOR('',#3354,0.393700787401575);
#799=VECTOR('',#3357,0.393700787401575);
#800=VECTOR('',#3360,0.393700787401575);
#801=VECTOR('',#3361,0.393700787401575);
#802=VECTOR('',#3362,0.393700787401575);
#803=VECTOR('',#3365,0.393700787401575);
#804=VECTOR('',#3366,0.393700787401575);
#805=VECTOR('',#3367,0.393700787401575);
#806=VECTOR('',#3368,0.393700787401575);
#807=VECTOR('',#3369,0.393700787401575);
#808=VECTOR('',#3370,0.393700787401575);
#809=VECTOR('',#3371,0.393700787401575);
#810=VECTOR('',#3374,0.393700787401575);
#811=VECTOR('',#3375,0.393700787401575);
#812=VECTOR('',#3376,0.393700787401575);
#813=VECTOR('',#3379,0.393700787401575);
#814=VECTOR('',#3380,0.393700787401575);
#815=VECTOR('',#3383,0.393700787401575);
#816=VECTOR('',#3384,0.393700787401575);
#817=VECTOR('',#3387,0.393700787401575);
#818=VECTOR('',#3394,0.393700787401575);
#819=VECTOR('',#3397,0.393700787401575);
#820=VECTOR('',#3398,0.393700787401575);
#821=VECTOR('',#3403,0.393700787401575);
#822=VECTOR('',#3406,0.393700787401575);
#823=VECTOR('',#3407,0.393700787401575);
#824=VECTOR('',#3412,0.393700787401575);
#825=VECTOR('',#3415,0.393700787401575);
#826=VECTOR('',#3416,0.393700787401575);
#827=VECTOR('',#3421,0.393700787401575);
#828=VECTOR('',#3424,0.393700787401575);
#829=VECTOR('',#3427,0.393700787401575);
#830=VECTOR('',#3430,0.393700787401575);
#831=VECTOR('',#3431,0.393700787401575);
#832=VECTOR('',#3436,0.393700787401575);
#833=VECTOR('',#3439,0.393700787401575);
#834=VECTOR('',#3440,0.393700787401575);
#835=VECTOR('',#3445,0.393700787401575);
#836=VECTOR('',#3448,0.393700787401575);
#837=VECTOR('',#3449,0.393700787401575);
#838=VECTOR('',#3454,0.393700787401575);
#839=VECTOR('',#3457,0.393700787401575);
#840=VECTOR('',#3458,0.393700787401575);
#841=VECTOR('',#3463,0.393700787401575);
#842=VECTOR('',#3466,0.393700787401575);
#843=VECTOR('',#3467,0.393700787401575);
#844=VECTOR('',#3470,0.393700787401575);
#845=VECTOR('',#3471,0.393700787401575);
#846=VECTOR('',#3472,0.393700787401575);
#847=VECTOR('',#3473,0.393700787401575);
#848=VECTOR('',#3480,0.393700787401575);
#849=VECTOR('',#3483,0.393700787401575);
#850=VECTOR('',#3486,0.393700787401575);
#851=VECTOR('',#3487,0.393700787401575);
#852=VECTOR('',#3488,0.393700787401575);
#853=VECTOR('',#3491,0.393700787401575);
#854=VECTOR('',#3492,0.393700787401575);
#855=VECTOR('',#3493,0.393700787401575);
#856=VECTOR('',#3496,0.393700787401575);
#857=VECTOR('',#3497,0.393700787401575);
#858=VECTOR('',#3500,0.393700787401575);
#859=VECTOR('',#3503,0.393700787401575);
#860=VECTOR('',#3506,0.393700787401575);
#861=VECTOR('',#3507,0.393700787401575);
#862=VECTOR('',#3510,0.393700787401575);
#863=VECTOR('',#3513,0.393700787401575);
#864=VECTOR('',#3516,0.393700787401575);
#865=VECTOR('',#3519,0.393700787401575);
#866=VECTOR('',#3522,0.393700787401575);
#867=VECTOR('',#3523,0.393700787401575);
#868=VECTOR('',#3524,0.393700787401575);
#869=VECTOR('',#3527,0.393700787401575);
#870=VECTOR('',#3530,0.393700787401575);
#871=VECTOR('',#3533,0.393700787401575);
#872=VECTOR('',#3540,0.393700787401575);
#873=VECTOR('',#3543,0.393700787401575);
#874=VECTOR('',#3546,0.393700787401575);
#875=VECTOR('',#3547,0.393700787401575);
#876=VECTOR('',#3548,0.393700787401575);
#877=VECTOR('',#3551,0.393700787401575);
#878=VECTOR('',#3552,0.393700787401575);
#879=VECTOR('',#3553,0.393700787401575);
#880=VECTOR('',#3554,0.393700787401575);
#881=VECTOR('',#3555,0.393700787401575);
#882=VECTOR('',#3556,0.393700787401575);
#883=VECTOR('',#3557,0.393700787401575);
#884=VECTOR('',#3560,0.393700787401575);
#885=VECTOR('',#3561,0.393700787401575);
#886=VECTOR('',#3562,0.393700787401575);
#887=VECTOR('',#3565,0.393700787401575);
#888=VECTOR('',#3566,0.393700787401575);
#889=VECTOR('',#3569,0.393700787401575);
#890=VECTOR('',#3570,0.393700787401575);
#891=VECTOR('',#3573,0.393700787401575);
#892=VECTOR('',#3580,0.393700787401575);
#893=VECTOR('',#3583,0.393700787401575);
#894=VECTOR('',#3584,0.393700787401575);
#895=VECTOR('',#3589,0.393700787401575);
#896=VECTOR('',#3592,0.393700787401575);
#897=VECTOR('',#3593,0.393700787401575);
#898=VECTOR('',#3598,0.393700787401575);
#899=VECTOR('',#3601,0.393700787401575);
#900=VECTOR('',#3602,0.393700787401575);
#901=VECTOR('',#3607,0.393700787401575);
#902=VECTOR('',#3610,0.393700787401575);
#903=VECTOR('',#3613,0.393700787401575);
#904=VECTOR('',#3616,0.393700787401575);
#905=VECTOR('',#3617,0.393700787401575);
#906=VECTOR('',#3622,0.393700787401575);
#907=VECTOR('',#3625,0.393700787401575);
#908=VECTOR('',#3626,0.393700787401575);
#909=VECTOR('',#3631,0.393700787401575);
#910=VECTOR('',#3634,0.393700787401575);
#911=VECTOR('',#3635,0.393700787401575);
#912=VECTOR('',#3640,0.393700787401575);
#913=VECTOR('',#3643,0.393700787401575);
#914=VECTOR('',#3644,0.393700787401575);
#915=VECTOR('',#3649,0.393700787401575);
#916=VECTOR('',#3652,0.393700787401575);
#917=VECTOR('',#3653,0.393700787401575);
#918=VECTOR('',#3656,0.393700787401575);
#919=VECTOR('',#3657,0.393700787401575);
#920=VECTOR('',#3658,0.393700787401575);
#921=VECTOR('',#3665,0.393700787401575);
#922=VECTOR('',#3668,0.393700787401575);
#923=VECTOR('',#3671,0.393700787401575);
#924=VECTOR('',#3672,0.393700787401575);
#925=VECTOR('',#3673,0.393700787401575);
#926=VECTOR('',#3676,0.393700787401575);
#927=VECTOR('',#3677,0.393700787401575);
#928=VECTOR('',#3678,0.393700787401575);
#929=VECTOR('',#3681,0.393700787401575);
#930=VECTOR('',#3682,0.393700787401575);
#931=VECTOR('',#3685,0.393700787401575);
#932=VECTOR('',#3688,0.393700787401575);
#933=VECTOR('',#3691,0.393700787401575);
#934=VECTOR('',#3692,0.393700787401575);
#935=VECTOR('',#3695,0.393700787401575);
#936=VECTOR('',#3696,0.393700787401575);
#937=VECTOR('',#3697,0.393700787401575);
#938=VECTOR('',#3700,0.393700787401575);
#939=VECTOR('',#3703,0.393700787401575);
#940=VECTOR('',#3706,0.393700787401575);
#941=VECTOR('',#3709,0.393700787401575);
#942=VECTOR('',#3712,0.393700787401575);
#943=VECTOR('',#3713,0.393700787401575);
#944=VECTOR('',#3714,0.393700787401575);
#945=VECTOR('',#3717,0.393700787401575);
#946=VECTOR('',#3720,0.393700787401575);
#947=VECTOR('',#3723,0.393700787401575);
#948=VECTOR('',#3730,0.393700787401575);
#949=VECTOR('',#3733,0.393700787401575);
#950=VECTOR('',#3736,0.393700787401575);
#951=VECTOR('',#3737,0.393700787401575);
#952=VECTOR('',#3738,0.393700787401575);
#953=VECTOR('',#3741,0.393700787401575);
#954=VECTOR('',#3742,0.393700787401575);
#955=VECTOR('',#3743,0.393700787401575);
#956=VECTOR('',#3744,0.393700787401575);
#957=VECTOR('',#3745,0.393700787401575);
#958=VECTOR('',#3746,0.393700787401575);
#959=VECTOR('',#3747,0.393700787401575);
#960=VECTOR('',#3750,0.393700787401575);
#961=VECTOR('',#3751,0.393700787401575);
#962=VECTOR('',#3752,0.393700787401575);
#963=VECTOR('',#3755,0.393700787401575);
#964=VECTOR('',#3756,0.393700787401575);
#965=VECTOR('',#3759,0.393700787401575);
#966=VECTOR('',#3760,0.393700787401575);
#967=VECTOR('',#3763,0.393700787401575);
#968=VECTOR('',#3770,0.393700787401575);
#969=VECTOR('',#3773,0.393700787401575);
#970=VECTOR('',#3774,0.393700787401575);
#971=VECTOR('',#3779,0.393700787401575);
#972=VECTOR('',#3782,0.393700787401575);
#973=VECTOR('',#3783,0.393700787401575);
#974=VECTOR('',#3788,0.393700787401575);
#975=VECTOR('',#3791,0.393700787401575);
#976=VECTOR('',#3792,0.393700787401575);
#977=VECTOR('',#3797,0.393700787401575);
#978=VECTOR('',#3800,0.393700787401575);
#979=VECTOR('',#3803,0.393700787401575);
#980=VECTOR('',#3806,0.393700787401575);
#981=VECTOR('',#3807,0.393700787401575);
#982=VECTOR('',#3812,0.393700787401575);
#983=VECTOR('',#3815,0.393700787401575);
#984=VECTOR('',#3816,0.393700787401575);
#985=VECTOR('',#3821,0.393700787401575);
#986=VECTOR('',#3824,0.393700787401575);
#987=VECTOR('',#3825,0.393700787401575);
#988=VECTOR('',#3830,0.393700787401575);
#989=VECTOR('',#3833,0.393700787401575);
#990=VECTOR('',#3834,0.393700787401575);
#991=VECTOR('',#3839,0.393700787401575);
#992=VECTOR('',#3842,0.393700787401575);
#993=VECTOR('',#3845,0.393700787401575);
#994=VECTOR('',#3846,0.393700787401575);
#995=VECTOR('',#3849,0.393700787401575);
#996=CIRCLE('',#2878,0.0393700787401575);
#997=CIRCLE('',#2879,0.0393700787401575);
#998=CIRCLE('',#2881,0.0393700787401575);
#999=CIRCLE('',#2884,0.0393700787401575);
#1000=CIRCLE('',#2887,0.0393700787401577);
#1001=CIRCLE('',#2888,0.039370078740158);
#1002=CIRCLE('',#2889,0.0393700787401577);
#1003=CIRCLE('',#2890,0.0393700787401575);
#1004=CIRCLE('',#2891,0.0393700787401578);
#1005=CIRCLE('',#2892,0.0393700787401572);
#1006=CIRCLE('',#2893,0.0393700787401579);
#1007=CIRCLE('',#2894,0.0393700787401575);
#1008=CIRCLE('',#2896,0.0393700787401575);
#1009=CIRCLE('',#2897,0.0393700787401575);
#1010=CIRCLE('',#2906,0.0393700787401575);
#1011=CIRCLE('',#2909,0.0393700787401579);
#1012=CIRCLE('',#2912,0.0393700787401572);
#1013=CIRCLE('',#2915,0.0393700787401578);
#1014=CIRCLE('',#2920,0.0393700787401575);
#1015=CIRCLE('',#2923,0.0393700787401577);
#1016=CIRCLE('',#2926,0.039370078740158);
#1017=CIRCLE('',#2929,0.0393700787401577);
#1018=CIRCLE('',#2933,0.0393700787401575);
#1019=CIRCLE('',#2934,0.0393700787401575);
#1020=CIRCLE('',#2936,0.0393700787401575);
#1021=CIRCLE('',#2939,0.0393700787401575);
#1022=CIRCLE('',#2942,0.0393700787401577);
#1023=CIRCLE('',#2943,0.039370078740158);
#1024=CIRCLE('',#2944,0.0393700787401577);
#1025=CIRCLE('',#2945,0.0393700787401575);
#1026=CIRCLE('',#2946,0.0393700787401578);
#1027=CIRCLE('',#2947,0.0393700787401572);
#1028=CIRCLE('',#2948,0.0393700787401579);
#1029=CIRCLE('',#2949,0.0393700787401575);
#1030=CIRCLE('',#2951,0.0393700787401575);
#1031=CIRCLE('',#2952,0.0393700787401575);
#1032=CIRCLE('',#2961,0.0393700787401575);
#1033=CIRCLE('',#2964,0.0393700787401579);
#1034=CIRCLE('',#2967,0.0393700787401572);
#1035=CIRCLE('',#2970,0.0393700787401578);
#1036=CIRCLE('',#2975,0.0393700787401575);
#1037=CIRCLE('',#2978,0.0393700787401577);
#1038=CIRCLE('',#2981,0.039370078740158);
#1039=CIRCLE('',#2984,0.0393700787401577);
#1040=CIRCLE('',#2989,0.0393700787401575);
#1041=CIRCLE('',#2990,0.0393700787401575);
#1042=CIRCLE('',#2992,0.0393700787401575);
#1043=CIRCLE('',#2995,0.0393700787401575);
#1044=CIRCLE('',#2998,0.0393700787401577);
#1045=CIRCLE('',#2999,0.039370078740158);
#1046=CIRCLE('',#3000,0.0393700787401577);
#1047=CIRCLE('',#3001,0.0393700787401575);
#1048=CIRCLE('',#3002,0.0393700787401578);
#1049=CIRCLE('',#3003,0.0393700787401572);
#1050=CIRCLE('',#3004,0.0393700787401579);
#1051=CIRCLE('',#3005,0.0393700787401575);
#1052=CIRCLE('',#3007,0.0393700787401575);
#1053=CIRCLE('',#3008,0.0393700787401575);
#1054=CIRCLE('',#3017,0.0393700787401575);
#1055=CIRCLE('',#3020,0.0393700787401579);
#1056=CIRCLE('',#3023,0.0393700787401572);
#1057=CIRCLE('',#3026,0.0393700787401578);
#1058=CIRCLE('',#3031,0.0393700787401575);
#1059=CIRCLE('',#3034,0.0393700787401577);
#1060=CIRCLE('',#3037,0.039370078740158);
#1061=CIRCLE('',#3040,0.0393700787401577);
#1062=CIRCLE('',#3045,0.0393700787401575);
#1063=CIRCLE('',#3046,0.0393700787401575);
#1064=CIRCLE('',#3048,0.0393700787401575);
#1065=CIRCLE('',#3051,0.0393700787401575);
#1066=CIRCLE('',#3055,0.0393700787401577);
#1067=CIRCLE('',#3056,0.039370078740158);
#1068=CIRCLE('',#3057,0.0393700787401577);
#1069=CIRCLE('',#3058,0.0393700787401575);
#1070=CIRCLE('',#3059,0.0393700787401578);
#1071=CIRCLE('',#3060,0.0393700787401572);
#1072=CIRCLE('',#3061,0.0393700787401579);
#1073=CIRCLE('',#3062,0.0393700787401575);
#1074=CIRCLE('',#3064,0.0393700787401575);
#1075=CIRCLE('',#3065,0.0393700787401575);
#1076=CIRCLE('',#3074,0.0393700787401575);
#1077=CIRCLE('',#3077,0.0393700787401579);
#1078=CIRCLE('',#3080,0.0393700787401572);
#1079=CIRCLE('',#3083,0.0393700787401578);
#1080=CIRCLE('',#3088,0.0393700787401575);
#1081=CIRCLE('',#3091,0.0393700787401577);
#1082=CIRCLE('',#3094,0.039370078740158);
#1083=CIRCLE('',#3097,0.0393700787401577);
#1084=VERTEX_POINT('',#3863);
#1085=VERTEX_POINT('',#3864);
#1086=VERTEX_POINT('',#3866);
#1087=VERTEX_POINT('',#3868);
#1088=VERTEX_POINT('',#3872);
#1089=VERTEX_POINT('',#3874);
#1090=VERTEX_POINT('',#3876);
#1091=VERTEX_POINT('',#3878);
#1092=VERTEX_POINT('',#3880);
#1093=VERTEX_POINT('',#3882);
#1094=VERTEX_POINT('',#3886);
#1095=VERTEX_POINT('',#3890);
#1096=VERTEX_POINT('',#3892);
#1097=VERTEX_POINT('',#3896);
#1098=VERTEX_POINT('',#3900);
#1099=VERTEX_POINT('',#3902);
#1100=VERTEX_POINT('',#3904);
#1101=VERTEX_POINT('',#3906);
#1102=VERTEX_POINT('',#3908);
#1103=VERTEX_POINT('',#3910);
#1104=VERTEX_POINT('',#3912);
#1105=VERTEX_POINT('',#3914);
#1106=VERTEX_POINT('',#3916);
#1107=VERTEX_POINT('',#3918);
#1108=VERTEX_POINT('',#3920);
#1109=VERTEX_POINT('',#3922);
#1110=VERTEX_POINT('',#3924);
#1111=VERTEX_POINT('',#3926);
#1112=VERTEX_POINT('',#3928);
#1113=VERTEX_POINT('',#3930);
#1114=VERTEX_POINT('',#3932);
#1115=VERTEX_POINT('',#3936);
#1116=VERTEX_POINT('',#3937);
#1117=VERTEX_POINT('',#3939);
#1118=VERTEX_POINT('',#3941);
#1119=VERTEX_POINT('',#3943);
#1120=VERTEX_POINT('',#3956);
#1121=VERTEX_POINT('',#3958);
#1122=VERTEX_POINT('',#3962);
#1123=VERTEX_POINT('',#3963);
#1124=VERTEX_POINT('',#3965);
#1125=VERTEX_POINT('',#3967);
#1126=VERTEX_POINT('',#3970);
#1127=VERTEX_POINT('',#3972);
#1128=VERTEX_POINT('',#3976);
#1129=VERTEX_POINT('',#3977);
#1130=VERTEX_POINT('',#3982);
#1131=VERTEX_POINT('',#3986);
#1132=VERTEX_POINT('',#3993);
#1133=VERTEX_POINT('',#3997);
#1134=VERTEX_POINT('',#4001);
#1135=VERTEX_POINT('',#4005);
#1136=VERTEX_POINT('',#4009);
#1137=VERTEX_POINT('',#4013);
#1138=VERTEX_POINT('',#4024);
#1139=VERTEX_POINT('',#4028);
#1140=VERTEX_POINT('',#4032);
#1141=VERTEX_POINT('',#4036);
#1142=VERTEX_POINT('',#4040);
#1143=VERTEX_POINT('',#4044);
#1144=VERTEX_POINT('',#4048);
#1145=VERTEX_POINT('',#4052);
#1146=VERTEX_POINT('',#4060);
#1147=VERTEX_POINT('',#4061);
#1148=VERTEX_POINT('',#4063);
#1149=VERTEX_POINT('',#4065);
#1150=VERTEX_POINT('',#4069);
#1151=VERTEX_POINT('',#4071);
#1152=VERTEX_POINT('',#4073);
#1153=VERTEX_POINT('',#4075);
#1154=VERTEX_POINT('',#4077);
#1155=VERTEX_POINT('',#4079);
#1156=VERTEX_POINT('',#4083);
#1157=VERTEX_POINT('',#4087);
#1158=VERTEX_POINT('',#4089);
#1159=VERTEX_POINT('',#4093);
#1160=VERTEX_POINT('',#4097);
#1161=VERTEX_POINT('',#4099);
#1162=VERTEX_POINT('',#4101);
#1163=VERTEX_POINT('',#4103);
#1164=VERTEX_POINT('',#4105);
#1165=VERTEX_POINT('',#4107);
#1166=VERTEX_POINT('',#4109);
#1167=VERTEX_POINT('',#4111);
#1168=VERTEX_POINT('',#4113);
#1169=VERTEX_POINT('',#4115);
#1170=VERTEX_POINT('',#4117);
#1171=VERTEX_POINT('',#4119);
#1172=VERTEX_POINT('',#4121);
#1173=VERTEX_POINT('',#4123);
#1174=VERTEX_POINT('',#4125);
#1175=VERTEX_POINT('',#4127);
#1176=VERTEX_POINT('',#4129);
#1177=VERTEX_POINT('',#4133);
#1178=VERTEX_POINT('',#4134);
#1179=VERTEX_POINT('',#4136);
#1180=VERTEX_POINT('',#4138);
#1181=VERTEX_POINT('',#4140);
#1182=VERTEX_POINT('',#4153);
#1183=VERTEX_POINT('',#4155);
#1184=VERTEX_POINT('',#4159);
#1185=VERTEX_POINT('',#4160);
#1186=VERTEX_POINT('',#4162);
#1187=VERTEX_POINT('',#4164);
#1188=VERTEX_POINT('',#4167);
#1189=VERTEX_POINT('',#4169);
#1190=VERTEX_POINT('',#4173);
#1191=VERTEX_POINT('',#4174);
#1192=VERTEX_POINT('',#4179);
#1193=VERTEX_POINT('',#4183);
#1194=VERTEX_POINT('',#4190);
#1195=VERTEX_POINT('',#4194);
#1196=VERTEX_POINT('',#4198);
#1197=VERTEX_POINT('',#4202);
#1198=VERTEX_POINT('',#4206);
#1199=VERTEX_POINT('',#4210);
#1200=VERTEX_POINT('',#4221);
#1201=VERTEX_POINT('',#4225);
#1202=VERTEX_POINT('',#4229);
#1203=VERTEX_POINT('',#4233);
#1204=VERTEX_POINT('',#4237);
#1205=VERTEX_POINT('',#4241);
#1206=VERTEX_POINT('',#4245);
#1207=VERTEX_POINT('',#4249);
#1208=VERTEX_POINT('',#4256);
#1209=VERTEX_POINT('',#4257);
#1210=VERTEX_POINT('',#4259);
#1211=VERTEX_POINT('',#4261);
#1212=VERTEX_POINT('',#4266);
#1213=VERTEX_POINT('',#4267);
#1214=VERTEX_POINT('',#4269);
#1215=VERTEX_POINT('',#4271);
#1216=VERTEX_POINT('',#4275);
#1217=VERTEX_POINT('',#4277);
#1218=VERTEX_POINT('',#4279);
#1219=VERTEX_POINT('',#4281);
#1220=VERTEX_POINT('',#4283);
#1221=VERTEX_POINT('',#4285);
#1222=VERTEX_POINT('',#4289);
#1223=VERTEX_POINT('',#4293);
#1224=VERTEX_POINT('',#4295);
#1225=VERTEX_POINT('',#4299);
#1226=VERTEX_POINT('',#4303);
#1227=VERTEX_POINT('',#4305);
#1228=VERTEX_POINT('',#4307);
#1229=VERTEX_POINT('',#4309);
#1230=VERTEX_POINT('',#4311);
#1231=VERTEX_POINT('',#4313);
#1232=VERTEX_POINT('',#4315);
#1233=VERTEX_POINT('',#4317);
#1234=VERTEX_POINT('',#4319);
#1235=VERTEX_POINT('',#4321);
#1236=VERTEX_POINT('',#4323);
#1237=VERTEX_POINT('',#4325);
#1238=VERTEX_POINT('',#4327);
#1239=VERTEX_POINT('',#4329);
#1240=VERTEX_POINT('',#4331);
#1241=VERTEX_POINT('',#4333);
#1242=VERTEX_POINT('',#4335);
#1243=VERTEX_POINT('',#4339);
#1244=VERTEX_POINT('',#4340);
#1245=VERTEX_POINT('',#4342);
#1246=VERTEX_POINT('',#4344);
#1247=VERTEX_POINT('',#4346);
#1248=VERTEX_POINT('',#4359);
#1249=VERTEX_POINT('',#4361);
#1250=VERTEX_POINT('',#4365);
#1251=VERTEX_POINT('',#4366);
#1252=VERTEX_POINT('',#4368);
#1253=VERTEX_POINT('',#4370);
#1254=VERTEX_POINT('',#4373);
#1255=VERTEX_POINT('',#4375);
#1256=VERTEX_POINT('',#4379);
#1257=VERTEX_POINT('',#4380);
#1258=VERTEX_POINT('',#4385);
#1259=VERTEX_POINT('',#4389);
#1260=VERTEX_POINT('',#4396);
#1261=VERTEX_POINT('',#4400);
#1262=VERTEX_POINT('',#4404);
#1263=VERTEX_POINT('',#4408);
#1264=VERTEX_POINT('',#4412);
#1265=VERTEX_POINT('',#4416);
#1266=VERTEX_POINT('',#4427);
#1267=VERTEX_POINT('',#4431);
#1268=VERTEX_POINT('',#4435);
#1269=VERTEX_POINT('',#4439);
#1270=VERTEX_POINT('',#4443);
#1271=VERTEX_POINT('',#4447);
#1272=VERTEX_POINT('',#4451);
#1273=VERTEX_POINT('',#4455);
#1274=VERTEX_POINT('',#4462);
#1275=VERTEX_POINT('',#4464);
#1276=VERTEX_POINT('',#4469);
#1277=VERTEX_POINT('',#4470);
#1278=VERTEX_POINT('',#4472);
#1279=VERTEX_POINT('',#4474);
#1280=VERTEX_POINT('',#4478);
#1281=VERTEX_POINT('',#4480);
#1282=VERTEX_POINT('',#4482);
#1283=VERTEX_POINT('',#4484);
#1284=VERTEX_POINT('',#4486);
#1285=VERTEX_POINT('',#4488);
#1286=VERTEX_POINT('',#4492);
#1287=VERTEX_POINT('',#4496);
#1288=VERTEX_POINT('',#4498);
#1289=VERTEX_POINT('',#4502);
#1290=VERTEX_POINT('',#4506);
#1291=VERTEX_POINT('',#4511);
#1292=VERTEX_POINT('',#4513);
#1293=VERTEX_POINT('',#4515);
#1294=VERTEX_POINT('',#4517);
#1295=VERTEX_POINT('',#4519);
#1296=VERTEX_POINT('',#4521);
#1297=VERTEX_POINT('',#4523);
#1298=VERTEX_POINT('',#4525);
#1299=VERTEX_POINT('',#4527);
#1300=VERTEX_POINT('',#4529);
#1301=VERTEX_POINT('',#4531);
#1302=VERTEX_POINT('',#4533);
#1303=VERTEX_POINT('',#4535);
#1304=VERTEX_POINT('',#4537);
#1305=VERTEX_POINT('',#4539);
#1306=VERTEX_POINT('',#4541);
#1307=VERTEX_POINT('',#4543);
#1308=VERTEX_POINT('',#4547);
#1309=VERTEX_POINT('',#4548);
#1310=VERTEX_POINT('',#4550);
#1311=VERTEX_POINT('',#4552);
#1312=VERTEX_POINT('',#4554);
#1313=VERTEX_POINT('',#4567);
#1314=VERTEX_POINT('',#4569);
#1315=VERTEX_POINT('',#4573);
#1316=VERTEX_POINT('',#4574);
#1317=VERTEX_POINT('',#4576);
#1318=VERTEX_POINT('',#4578);
#1319=VERTEX_POINT('',#4581);
#1320=VERTEX_POINT('',#4583);
#1321=VERTEX_POINT('',#4587);
#1322=VERTEX_POINT('',#4588);
#1323=VERTEX_POINT('',#4593);
#1324=VERTEX_POINT('',#4597);
#1325=VERTEX_POINT('',#4604);
#1326=VERTEX_POINT('',#4608);
#1327=VERTEX_POINT('',#4612);
#1328=VERTEX_POINT('',#4616);
#1329=VERTEX_POINT('',#4620);
#1330=VERTEX_POINT('',#4624);
#1331=VERTEX_POINT('',#4635);
#1332=VERTEX_POINT('',#4639);
#1333=VERTEX_POINT('',#4643);
#1334=VERTEX_POINT('',#4647);
#1335=VERTEX_POINT('',#4651);
#1336=VERTEX_POINT('',#4655);
#1337=VERTEX_POINT('',#4659);
#1338=VERTEX_POINT('',#4663);
#1339=VERTEX_POINT('',#4669);
#1340=EDGE_CURVE('',#1084,#1085,#996,.T.);
#1341=EDGE_CURVE('',#1084,#1086,#412,.T.);
#1342=EDGE_CURVE('',#1087,#1086,#997,.T.);
#1343=EDGE_CURVE('',#1087,#1085,#413,.T.);
#1344=EDGE_CURVE('',#1086,#1088,#414,.T.);
#1345=EDGE_CURVE('',#1089,#1088,#415,.T.);
#1346=EDGE_CURVE('',#1090,#1089,#416,.T.);
#1347=EDGE_CURVE('',#1091,#1090,#998,.F.);
#1348=EDGE_CURVE('',#1092,#1091,#417,.T.);
#1349=EDGE_CURVE('',#1093,#1092,#418,.T.);
#1350=EDGE_CURVE('',#1087,#1093,#419,.T.);
#1351=EDGE_CURVE('',#1084,#1094,#420,.T.);
#1352=EDGE_CURVE('',#1088,#1094,#421,.T.);
#1353=EDGE_CURVE('',#1090,#1095,#422,.T.);
#1354=EDGE_CURVE('',#1095,#1096,#999,.F.);
#1355=EDGE_CURVE('',#1096,#1091,#423,.T.);
#1356=EDGE_CURVE('',#1097,#1089,#424,.T.);
#1357=EDGE_CURVE('',#1095,#1097,#425,.T.);
#1358=EDGE_CURVE('',#1096,#1098,#426,.T.);
#1359=EDGE_CURVE('',#1098,#1099,#1000,.T.);
#1360=EDGE_CURVE('',#1099,#1100,#427,.T.);
#1361=EDGE_CURVE('',#1100,#1101,#1001,.T.);
#1362=EDGE_CURVE('',#1101,#1102,#428,.T.);
#1363=EDGE_CURVE('',#1102,#1103,#1002,.T.);
#1364=EDGE_CURVE('',#1103,#1104,#429,.T.);
#1365=EDGE_CURVE('',#1104,#1105,#1003,.T.);
#1366=EDGE_CURVE('',#1105,#1106,#430,.T.);
#1367=EDGE_CURVE('',#1106,#1107,#431,.T.);
#1368=EDGE_CURVE('',#1107,#1108,#432,.T.);
#1369=EDGE_CURVE('',#1108,#1109,#1004,.T.);
#1370=EDGE_CURVE('',#1109,#1110,#433,.T.);
#1371=EDGE_CURVE('',#1110,#1111,#1005,.T.);
#1372=EDGE_CURVE('',#1111,#1112,#434,.T.);
#1373=EDGE_CURVE('',#1112,#1113,#1006,.T.);
#1374=EDGE_CURVE('',#1113,#1114,#435,.T.);
#1375=EDGE_CURVE('',#1114,#1092,#1007,.T.);
#1376=EDGE_CURVE('',#1115,#1116,#1008,.F.);
#1377=EDGE_CURVE('',#1116,#1117,#436,.T.);
#1378=EDGE_CURVE('',#1117,#1118,#1009,.F.);
#1379=EDGE_CURVE('',#1118,#1119,#437,.T.);
#1380=EDGE_CURVE('',#1119,#1115,#30,.F.);
#1381=EDGE_CURVE('',#1116,#1120,#438,.T.);
#1382=EDGE_CURVE('',#1121,#1120,#439,.T.);
#1383=EDGE_CURVE('',#1117,#1121,#440,.T.);
#1384=EDGE_CURVE('',#1122,#1123,#441,.T.);
#1385=EDGE_CURVE('',#1123,#1124,#442,.T.);
#1386=EDGE_CURVE('',#1124,#1125,#443,.T.);
#1387=EDGE_CURVE('',#1125,#1122,#444,.T.);
#1388=EDGE_CURVE('',#1120,#1126,#445,.T.);
#1389=EDGE_CURVE('',#1126,#1127,#446,.T.);
#1390=EDGE_CURVE('',#1127,#1121,#447,.T.);
#1391=EDGE_CURVE('',#1128,#1129,#448,.T.);
#1392=EDGE_CURVE('',#1128,#1123,#449,.T.);
#1393=EDGE_CURVE('',#1129,#1122,#450,.T.);
#1394=EDGE_CURVE('',#1129,#1130,#451,.T.);
#1395=EDGE_CURVE('',#1130,#1125,#452,.T.);
#1396=EDGE_CURVE('',#1130,#1131,#453,.T.);
#1397=EDGE_CURVE('',#1131,#1124,#454,.T.);
#1398=EDGE_CURVE('',#1131,#1128,#455,.T.);
#1399=EDGE_CURVE('',#1093,#1132,#1010,.T.);
#1400=EDGE_CURVE('',#1132,#1114,#456,.T.);
#1401=EDGE_CURVE('',#1132,#1133,#457,.T.);
#1402=EDGE_CURVE('',#1133,#1113,#458,.T.);
#1403=EDGE_CURVE('',#1133,#1134,#1011,.T.);
#1404=EDGE_CURVE('',#1134,#1112,#459,.T.);
#1405=EDGE_CURVE('',#1134,#1135,#460,.T.);
#1406=EDGE_CURVE('',#1135,#1111,#461,.T.);
#1407=EDGE_CURVE('',#1135,#1136,#1012,.T.);
#1408=EDGE_CURVE('',#1136,#1110,#462,.T.);
#1409=EDGE_CURVE('',#1136,#1137,#463,.T.);
#1410=EDGE_CURVE('',#1137,#1109,#464,.T.);
#1411=EDGE_CURVE('',#1137,#1119,#1013,.T.);
#1412=EDGE_CURVE('',#1115,#1108,#465,.T.);
#1413=EDGE_CURVE('',#1107,#1126,#466,.T.);
#1414=EDGE_CURVE('',#1106,#1127,#467,.T.);
#1415=EDGE_CURVE('',#1138,#1105,#468,.T.);
#1416=EDGE_CURVE('',#1118,#1138,#469,.T.);
#1417=EDGE_CURVE('',#1138,#1139,#1014,.T.);
#1418=EDGE_CURVE('',#1139,#1104,#470,.T.);
#1419=EDGE_CURVE('',#1139,#1140,#471,.T.);
#1420=EDGE_CURVE('',#1140,#1103,#472,.T.);
#1421=EDGE_CURVE('',#1140,#1141,#1015,.T.);
#1422=EDGE_CURVE('',#1141,#1102,#473,.T.);
#1423=EDGE_CURVE('',#1141,#1142,#474,.T.);
#1424=EDGE_CURVE('',#1142,#1101,#475,.T.);
#1425=EDGE_CURVE('',#1142,#1143,#1016,.T.);
#1426=EDGE_CURVE('',#1143,#1100,#476,.T.);
#1427=EDGE_CURVE('',#1143,#1144,#477,.T.);
#1428=EDGE_CURVE('',#1144,#1099,#478,.T.);
#1429=EDGE_CURVE('',#1144,#1145,#1017,.T.);
#1430=EDGE_CURVE('',#1145,#1098,#479,.T.);
#1431=EDGE_CURVE('',#1145,#1085,#480,.T.);
#1432=EDGE_CURVE('',#1094,#1097,#481,.T.);
#1433=EDGE_CURVE('',#1146,#1147,#1018,.T.);
#1434=EDGE_CURVE('',#1146,#1148,#482,.T.);
#1435=EDGE_CURVE('',#1149,#1148,#1019,.T.);
#1436=EDGE_CURVE('',#1149,#1147,#483,.T.);
#1437=EDGE_CURVE('',#1148,#1150,#484,.T.);
#1438=EDGE_CURVE('',#1151,#1150,#485,.T.);
#1439=EDGE_CURVE('',#1152,#1151,#486,.T.);
#1440=EDGE_CURVE('',#1153,#1152,#1020,.F.);
#1441=EDGE_CURVE('',#1154,#1153,#487,.T.);
#1442=EDGE_CURVE('',#1155,#1154,#488,.T.);
#1443=EDGE_CURVE('',#1149,#1155,#489,.T.);
#1444=EDGE_CURVE('',#1146,#1156,#490,.T.);
#1445=EDGE_CURVE('',#1150,#1156,#491,.T.);
#1446=EDGE_CURVE('',#1152,#1157,#492,.T.);
#1447=EDGE_CURVE('',#1157,#1158,#1021,.F.);
#1448=EDGE_CURVE('',#1158,#1153,#493,.T.);
#1449=EDGE_CURVE('',#1159,#1151,#494,.T.);
#1450=EDGE_CURVE('',#1157,#1159,#495,.T.);
#1451=EDGE_CURVE('',#1158,#1160,#496,.T.);
#1452=EDGE_CURVE('',#1160,#1161,#1022,.T.);
#1453=EDGE_CURVE('',#1161,#1162,#497,.T.);
#1454=EDGE_CURVE('',#1162,#1163,#1023,.T.);
#1455=EDGE_CURVE('',#1163,#1164,#498,.T.);
#1456=EDGE_CURVE('',#1164,#1165,#1024,.T.);
#1457=EDGE_CURVE('',#1165,#1166,#499,.T.);
#1458=EDGE_CURVE('',#1166,#1167,#1025,.T.);
#1459=EDGE_CURVE('',#1167,#1168,#500,.T.);
#1460=EDGE_CURVE('',#1168,#1169,#501,.T.);
#1461=EDGE_CURVE('',#1169,#1170,#502,.T.);
#1462=EDGE_CURVE('',#1170,#1171,#1026,.T.);
#1463=EDGE_CURVE('',#1171,#1172,#503,.T.);
#1464=EDGE_CURVE('',#1172,#1173,#1027,.T.);
#1465=EDGE_CURVE('',#1173,#1174,#504,.T.);
#1466=EDGE_CURVE('',#1174,#1175,#1028,.T.);
#1467=EDGE_CURVE('',#1175,#1176,#505,.T.);
#1468=EDGE_CURVE('',#1176,#1154,#1029,.T.);
#1469=EDGE_CURVE('',#1177,#1178,#1030,.F.);
#1470=EDGE_CURVE('',#1178,#1179,#506,.T.);
#1471=EDGE_CURVE('',#1179,#1180,#1031,.F.);
#1472=EDGE_CURVE('',#1180,#1181,#507,.T.);
#1473=EDGE_CURVE('',#1181,#1177,#31,.F.);
#1474=EDGE_CURVE('',#1178,#1182,#508,.T.);
#1475=EDGE_CURVE('',#1183,#1182,#509,.T.);
#1476=EDGE_CURVE('',#1179,#1183,#510,.T.);
#1477=EDGE_CURVE('',#1184,#1185,#511,.T.);
#1478=EDGE_CURVE('',#1185,#1186,#512,.T.);
#1479=EDGE_CURVE('',#1186,#1187,#513,.T.);
#1480=EDGE_CURVE('',#1187,#1184,#514,.T.);
#1481=EDGE_CURVE('',#1182,#1188,#515,.T.);
#1482=EDGE_CURVE('',#1188,#1189,#516,.T.);
#1483=EDGE_CURVE('',#1189,#1183,#517,.T.);
#1484=EDGE_CURVE('',#1190,#1191,#518,.T.);
#1485=EDGE_CURVE('',#1190,#1185,#519,.T.);
#1486=EDGE_CURVE('',#1191,#1184,#520,.T.);
#1487=EDGE_CURVE('',#1191,#1192,#521,.T.);
#1488=EDGE_CURVE('',#1192,#1187,#522,.T.);
#1489=EDGE_CURVE('',#1192,#1193,#523,.T.);
#1490=EDGE_CURVE('',#1193,#1186,#524,.T.);
#1491=EDGE_CURVE('',#1193,#1190,#525,.T.);
#1492=EDGE_CURVE('',#1155,#1194,#1032,.T.);
#1493=EDGE_CURVE('',#1194,#1176,#526,.T.);
#1494=EDGE_CURVE('',#1194,#1195,#527,.T.);
#1495=EDGE_CURVE('',#1195,#1175,#528,.T.);
#1496=EDGE_CURVE('',#1195,#1196,#1033,.T.);
#1497=EDGE_CURVE('',#1196,#1174,#529,.T.);
#1498=EDGE_CURVE('',#1196,#1197,#530,.T.);
#1499=EDGE_CURVE('',#1197,#1173,#531,.T.);
#1500=EDGE_CURVE('',#1197,#1198,#1034,.T.);
#1501=EDGE_CURVE('',#1198,#1172,#532,.T.);
#1502=EDGE_CURVE('',#1198,#1199,#533,.T.);
#1503=EDGE_CURVE('',#1199,#1171,#534,.T.);
#1504=EDGE_CURVE('',#1199,#1181,#1035,.T.);
#1505=EDGE_CURVE('',#1177,#1170,#535,.T.);
#1506=EDGE_CURVE('',#1169,#1188,#536,.T.);
#1507=EDGE_CURVE('',#1168,#1189,#537,.T.);
#1508=EDGE_CURVE('',#1200,#1167,#538,.T.);
#1509=EDGE_CURVE('',#1180,#1200,#539,.T.);
#1510=EDGE_CURVE('',#1200,#1201,#1036,.T.);
#1511=EDGE_CURVE('',#1201,#1166,#540,.T.);
#1512=EDGE_CURVE('',#1201,#1202,#541,.T.);
#1513=EDGE_CURVE('',#1202,#1165,#542,.T.);
#1514=EDGE_CURVE('',#1202,#1203,#1037,.T.);
#1515=EDGE_CURVE('',#1203,#1164,#543,.T.);
#1516=EDGE_CURVE('',#1203,#1204,#544,.T.);
#1517=EDGE_CURVE('',#1204,#1163,#545,.T.);
#1518=EDGE_CURVE('',#1204,#1205,#1038,.T.);
#1519=EDGE_CURVE('',#1205,#1162,#546,.T.);
#1520=EDGE_CURVE('',#1205,#1206,#547,.T.);
#1521=EDGE_CURVE('',#1206,#1161,#548,.T.);
#1522=EDGE_CURVE('',#1206,#1207,#1039,.T.);
#1523=EDGE_CURVE('',#1207,#1160,#549,.T.);
#1524=EDGE_CURVE('',#1207,#1147,#550,.T.);
#1525=EDGE_CURVE('',#1156,#1159,#551,.T.);
#1526=EDGE_CURVE('',#1208,#1209,#552,.T.);
#1527=EDGE_CURVE('',#1209,#1210,#553,.T.);
#1528=EDGE_CURVE('',#1211,#1210,#554,.T.);
#1529=EDGE_CURVE('',#1208,#1211,#555,.T.);
#1530=EDGE_CURVE('',#1212,#1213,#1040,.T.);
#1531=EDGE_CURVE('',#1212,#1214,#556,.T.);
#1532=EDGE_CURVE('',#1215,#1214,#1041,.T.);
#1533=EDGE_CURVE('',#1215,#1213,#557,.T.);
#1534=EDGE_CURVE('',#1214,#1216,#558,.T.);
#1535=EDGE_CURVE('',#1217,#1216,#559,.T.);
#1536=EDGE_CURVE('',#1218,#1217,#560,.T.);
#1537=EDGE_CURVE('',#1219,#1218,#1042,.F.);
#1538=EDGE_CURVE('',#1220,#1219,#561,.T.);
#1539=EDGE_CURVE('',#1221,#1220,#562,.T.);
#1540=EDGE_CURVE('',#1215,#1221,#563,.T.);
#1541=EDGE_CURVE('',#1212,#1222,#564,.T.);
#1542=EDGE_CURVE('',#1216,#1222,#565,.T.);
#1543=EDGE_CURVE('',#1218,#1223,#566,.T.);
#1544=EDGE_CURVE('',#1223,#1224,#1043,.F.);
#1545=EDGE_CURVE('',#1224,#1219,#567,.T.);
#1546=EDGE_CURVE('',#1225,#1217,#568,.T.);
#1547=EDGE_CURVE('',#1223,#1225,#569,.T.);
#1548=EDGE_CURVE('',#1224,#1226,#570,.T.);
#1549=EDGE_CURVE('',#1226,#1227,#1044,.T.);
#1550=EDGE_CURVE('',#1227,#1228,#571,.T.);
#1551=EDGE_CURVE('',#1228,#1229,#1045,.T.);
#1552=EDGE_CURVE('',#1229,#1230,#572,.T.);
#1553=EDGE_CURVE('',#1230,#1231,#1046,.T.);
#1554=EDGE_CURVE('',#1231,#1232,#573,.T.);
#1555=EDGE_CURVE('',#1232,#1233,#1047,.T.);
#1556=EDGE_CURVE('',#1233,#1234,#574,.T.);
#1557=EDGE_CURVE('',#1234,#1235,#575,.T.);
#1558=EDGE_CURVE('',#1235,#1236,#576,.T.);
#1559=EDGE_CURVE('',#1236,#1237,#1048,.T.);
#1560=EDGE_CURVE('',#1237,#1238,#577,.T.);
#1561=EDGE_CURVE('',#1238,#1239,#1049,.T.);
#1562=EDGE_CURVE('',#1239,#1240,#578,.T.);
#1563=EDGE_CURVE('',#1240,#1241,#1050,.T.);
#1564=EDGE_CURVE('',#1241,#1242,#579,.T.);
#1565=EDGE_CURVE('',#1242,#1220,#1051,.T.);
#1566=EDGE_CURVE('',#1243,#1244,#1052,.F.);
#1567=EDGE_CURVE('',#1244,#1245,#580,.T.);
#1568=EDGE_CURVE('',#1245,#1246,#1053,.F.);
#1569=EDGE_CURVE('',#1246,#1247,#581,.T.);
#1570=EDGE_CURVE('',#1247,#1243,#32,.F.);
#1571=EDGE_CURVE('',#1244,#1248,#582,.T.);
#1572=EDGE_CURVE('',#1249,#1248,#583,.T.);
#1573=EDGE_CURVE('',#1245,#1249,#584,.T.);
#1574=EDGE_CURVE('',#1250,#1251,#585,.T.);
#1575=EDGE_CURVE('',#1251,#1252,#586,.T.);
#1576=EDGE_CURVE('',#1252,#1253,#587,.T.);
#1577=EDGE_CURVE('',#1253,#1250,#588,.T.);
#1578=EDGE_CURVE('',#1248,#1254,#589,.T.);
#1579=EDGE_CURVE('',#1254,#1255,#590,.T.);
#1580=EDGE_CURVE('',#1255,#1249,#591,.T.);
#1581=EDGE_CURVE('',#1256,#1257,#592,.T.);
#1582=EDGE_CURVE('',#1256,#1251,#593,.T.);
#1583=EDGE_CURVE('',#1257,#1250,#594,.T.);
#1584=EDGE_CURVE('',#1257,#1258,#595,.T.);
#1585=EDGE_CURVE('',#1258,#1253,#596,.T.);
#1586=EDGE_CURVE('',#1258,#1259,#597,.T.);
#1587=EDGE_CURVE('',#1259,#1252,#598,.T.);
#1588=EDGE_CURVE('',#1259,#1256,#599,.T.);
#1589=EDGE_CURVE('',#1221,#1260,#1054,.T.);
#1590=EDGE_CURVE('',#1260,#1242,#600,.T.);
#1591=EDGE_CURVE('',#1260,#1261,#601,.T.);
#1592=EDGE_CURVE('',#1261,#1241,#602,.T.);
#1593=EDGE_CURVE('',#1261,#1262,#1055,.T.);
#1594=EDGE_CURVE('',#1262,#1240,#603,.T.);
#1595=EDGE_CURVE('',#1262,#1263,#604,.T.);
#1596=EDGE_CURVE('',#1263,#1239,#605,.T.);
#1597=EDGE_CURVE('',#1263,#1264,#1056,.T.);
#1598=EDGE_CURVE('',#1264,#1238,#606,.T.);
#1599=EDGE_CURVE('',#1264,#1265,#607,.T.);
#1600=EDGE_CURVE('',#1265,#1237,#608,.T.);
#1601=EDGE_CURVE('',#1265,#1247,#1057,.T.);
#1602=EDGE_CURVE('',#1243,#1236,#609,.T.);
#1603=EDGE_CURVE('',#1235,#1254,#610,.T.);
#1604=EDGE_CURVE('',#1234,#1255,#611,.T.);
#1605=EDGE_CURVE('',#1266,#1233,#612,.T.);
#1606=EDGE_CURVE('',#1246,#1266,#613,.T.);
#1607=EDGE_CURVE('',#1266,#1267,#1058,.T.);
#1608=EDGE_CURVE('',#1267,#1232,#614,.T.);
#1609=EDGE_CURVE('',#1267,#1268,#615,.T.);
#1610=EDGE_CURVE('',#1268,#1231,#616,.T.);
#1611=EDGE_CURVE('',#1268,#1269,#1059,.T.);
#1612=EDGE_CURVE('',#1269,#1230,#617,.T.);
#1613=EDGE_CURVE('',#1269,#1270,#618,.T.);
#1614=EDGE_CURVE('',#1270,#1229,#619,.T.);
#1615=EDGE_CURVE('',#1270,#1271,#1060,.T.);
#1616=EDGE_CURVE('',#1271,#1228,#620,.T.);
#1617=EDGE_CURVE('',#1271,#1272,#621,.T.);
#1618=EDGE_CURVE('',#1272,#1227,#622,.T.);
#1619=EDGE_CURVE('',#1272,#1273,#1061,.T.);
#1620=EDGE_CURVE('',#1273,#1226,#623,.T.);
#1621=EDGE_CURVE('',#1273,#1213,#624,.T.);
#1622=EDGE_CURVE('',#1222,#1225,#625,.T.);
#1623=EDGE_CURVE('',#1209,#1274,#626,.T.);
#1624=EDGE_CURVE('',#1274,#1275,#627,.T.);
#1625=EDGE_CURVE('',#1210,#1275,#628,.T.);
#1626=EDGE_CURVE('',#1276,#1277,#1062,.T.);
#1627=EDGE_CURVE('',#1276,#1278,#629,.T.);
#1628=EDGE_CURVE('',#1279,#1278,#1063,.T.);
#1629=EDGE_CURVE('',#1279,#1277,#630,.T.);
#1630=EDGE_CURVE('',#1278,#1280,#631,.T.);
#1631=EDGE_CURVE('',#1281,#1280,#632,.T.);
#1632=EDGE_CURVE('',#1282,#1281,#633,.T.);
#1633=EDGE_CURVE('',#1283,#1282,#1064,.F.);
#1634=EDGE_CURVE('',#1284,#1283,#634,.T.);
#1635=EDGE_CURVE('',#1285,#1284,#635,.T.);
#1636=EDGE_CURVE('',#1279,#1285,#636,.T.);
#1637=EDGE_CURVE('',#1276,#1286,#637,.T.);
#1638=EDGE_CURVE('',#1280,#1286,#638,.T.);
#1639=EDGE_CURVE('',#1282,#1287,#639,.T.);
#1640=EDGE_CURVE('',#1287,#1288,#1065,.F.);
#1641=EDGE_CURVE('',#1288,#1283,#640,.T.);
#1642=EDGE_CURVE('',#1289,#1281,#641,.T.);
#1643=EDGE_CURVE('',#1287,#1289,#642,.T.);
#1644=EDGE_CURVE('',#1290,#1211,#643,.T.);
#1645=EDGE_CURVE('',#1275,#1290,#644,.T.);
#1646=EDGE_CURVE('',#1286,#1289,#645,.T.);
#1647=EDGE_CURVE('',#1288,#1291,#646,.T.);
#1648=EDGE_CURVE('',#1291,#1292,#1066,.T.);
#1649=EDGE_CURVE('',#1292,#1293,#647,.T.);
#1650=EDGE_CURVE('',#1293,#1294,#1067,.T.);
#1651=EDGE_CURVE('',#1294,#1295,#648,.T.);
#1652=EDGE_CURVE('',#1295,#1296,#1068,.T.);
#1653=EDGE_CURVE('',#1296,#1297,#649,.T.);
#1654=EDGE_CURVE('',#1297,#1298,#1069,.T.);
#1655=EDGE_CURVE('',#1298,#1299,#650,.T.);
#1656=EDGE_CURVE('',#1299,#1300,#651,.T.);
#1657=EDGE_CURVE('',#1300,#1301,#652,.T.);
#1658=EDGE_CURVE('',#1301,#1302,#1070,.T.);
#1659=EDGE_CURVE('',#1302,#1303,#653,.T.);
#1660=EDGE_CURVE('',#1303,#1304,#1071,.T.);
#1661=EDGE_CURVE('',#1304,#1305,#654,.T.);
#1662=EDGE_CURVE('',#1305,#1306,#1072,.T.);
#1663=EDGE_CURVE('',#1306,#1307,#655,.T.);
#1664=EDGE_CURVE('',#1307,#1284,#1073,.T.);
#1665=EDGE_CURVE('',#1308,#1309,#1074,.F.);
#1666=EDGE_CURVE('',#1309,#1310,#656,.T.);
#1667=EDGE_CURVE('',#1310,#1311,#1075,.F.);
#1668=EDGE_CURVE('',#1311,#1312,#657,.T.);
#1669=EDGE_CURVE('',#1312,#1308,#33,.F.);
#1670=EDGE_CURVE('',#1309,#1313,#658,.T.);
#1671=EDGE_CURVE('',#1314,#1313,#659,.T.);
#1672=EDGE_CURVE('',#1310,#1314,#660,.T.);
#1673=EDGE_CURVE('',#1315,#1316,#661,.T.);
#1674=EDGE_CURVE('',#1316,#1317,#662,.T.);
#1675=EDGE_CURVE('',#1317,#1318,#663,.T.);
#1676=EDGE_CURVE('',#1318,#1315,#664,.T.);
#1677=EDGE_CURVE('',#1313,#1319,#665,.T.);
#1678=EDGE_CURVE('',#1319,#1320,#666,.T.);
#1679=EDGE_CURVE('',#1320,#1314,#667,.T.);
#1680=EDGE_CURVE('',#1321,#1322,#668,.T.);
#1681=EDGE_CURVE('',#1321,#1316,#669,.T.);
#1682=EDGE_CURVE('',#1322,#1315,#670,.T.);
#1683=EDGE_CURVE('',#1322,#1323,#671,.T.);
#1684=EDGE_CURVE('',#1323,#1318,#672,.T.);
#1685=EDGE_CURVE('',#1323,#1324,#673,.T.);
#1686=EDGE_CURVE('',#1324,#1317,#674,.T.);
#1687=EDGE_CURVE('',#1324,#1321,#675,.T.);
#1688=EDGE_CURVE('',#1285,#1325,#1076,.T.);
#1689=EDGE_CURVE('',#1325,#1307,#676,.T.);
#1690=EDGE_CURVE('',#1325,#1326,#677,.T.);
#1691=EDGE_CURVE('',#1326,#1306,#678,.T.);
#1692=EDGE_CURVE('',#1326,#1327,#1077,.T.);
#1693=EDGE_CURVE('',#1327,#1305,#679,.T.);
#1694=EDGE_CURVE('',#1327,#1328,#680,.T.);
#1695=EDGE_CURVE('',#1328,#1304,#681,.T.);
#1696=EDGE_CURVE('',#1328,#1329,#1078,.T.);
#1697=EDGE_CURVE('',#1329,#1303,#682,.T.);
#1698=EDGE_CURVE('',#1329,#1330,#683,.T.);
#1699=EDGE_CURVE('',#1330,#1302,#684,.T.);
#1700=EDGE_CURVE('',#1330,#1312,#1079,.T.);
#1701=EDGE_CURVE('',#1308,#1301,#685,.T.);
#1702=EDGE_CURVE('',#1300,#1319,#686,.T.);
#1703=EDGE_CURVE('',#1299,#1320,#687,.T.);
#1704=EDGE_CURVE('',#1331,#1298,#688,.T.);
#1705=EDGE_CURVE('',#1311,#1331,#689,.T.);
#1706=EDGE_CURVE('',#1331,#1332,#1080,.T.);
#1707=EDGE_CURVE('',#1332,#1297,#690,.T.);
#1708=EDGE_CURVE('',#1332,#1333,#691,.T.);
#1709=EDGE_CURVE('',#1333,#1296,#692,.T.);
#1710=EDGE_CURVE('',#1333,#1334,#1081,.T.);
#1711=EDGE_CURVE('',#1334,#1295,#693,.T.);
#1712=EDGE_CURVE('',#1334,#1335,#694,.T.);
#1713=EDGE_CURVE('',#1335,#1294,#695,.T.);
#1714=EDGE_CURVE('',#1335,#1336,#1082,.T.);
#1715=EDGE_CURVE('',#1336,#1293,#696,.T.);
#1716=EDGE_CURVE('',#1336,#1337,#697,.T.);
#1717=EDGE_CURVE('',#1337,#1292,#698,.T.);
#1718=EDGE_CURVE('',#1337,#1338,#1083,.T.);
#1719=EDGE_CURVE('',#1338,#1291,#699,.T.);
#1720=EDGE_CURVE('',#1338,#1277,#700,.T.);
#1721=EDGE_CURVE('',#1339,#1208,#701,.T.);
#1722=EDGE_CURVE('',#1274,#1339,#702,.T.);
#1723=EDGE_CURVE('',#1339,#1290,#703,.T.);
#1724=ORIENTED_EDGE('',*,*,#1340,.F.);
#1725=ORIENTED_EDGE('',*,*,#1341,.T.);
#1726=ORIENTED_EDGE('',*,*,#1342,.F.);
#1727=ORIENTED_EDGE('',*,*,#1343,.T.);
#1728=ORIENTED_EDGE('',*,*,#1342,.T.);
#1729=ORIENTED_EDGE('',*,*,#1344,.T.);
#1730=ORIENTED_EDGE('',*,*,#1345,.F.);
#1731=ORIENTED_EDGE('',*,*,#1346,.F.);
#1732=ORIENTED_EDGE('',*,*,#1347,.F.);
#1733=ORIENTED_EDGE('',*,*,#1348,.F.);
#1734=ORIENTED_EDGE('',*,*,#1349,.F.);
#1735=ORIENTED_EDGE('',*,*,#1350,.F.);
#1736=ORIENTED_EDGE('',*,*,#1341,.F.);
#1737=ORIENTED_EDGE('',*,*,#1351,.T.);
#1738=ORIENTED_EDGE('',*,*,#1352,.F.);
#1739=ORIENTED_EDGE('',*,*,#1344,.F.);
#1740=ORIENTED_EDGE('',*,*,#1347,.T.);
#1741=ORIENTED_EDGE('',*,*,#1353,.T.);
#1742=ORIENTED_EDGE('',*,*,#1354,.T.);
#1743=ORIENTED_EDGE('',*,*,#1355,.T.);
#1744=ORIENTED_EDGE('',*,*,#1353,.F.);
#1745=ORIENTED_EDGE('',*,*,#1346,.T.);
#1746=ORIENTED_EDGE('',*,*,#1356,.F.);
#1747=ORIENTED_EDGE('',*,*,#1357,.F.);
#1748=ORIENTED_EDGE('',*,*,#1355,.F.);
#1749=ORIENTED_EDGE('',*,*,#1358,.T.);
#1750=ORIENTED_EDGE('',*,*,#1359,.T.);
#1751=ORIENTED_EDGE('',*,*,#1360,.T.);
#1752=ORIENTED_EDGE('',*,*,#1361,.T.);
#1753=ORIENTED_EDGE('',*,*,#1362,.T.);
#1754=ORIENTED_EDGE('',*,*,#1363,.T.);
#1755=ORIENTED_EDGE('',*,*,#1364,.T.);
#1756=ORIENTED_EDGE('',*,*,#1365,.T.);
#1757=ORIENTED_EDGE('',*,*,#1366,.T.);
#1758=ORIENTED_EDGE('',*,*,#1367,.T.);
#1759=ORIENTED_EDGE('',*,*,#1368,.T.);
#1760=ORIENTED_EDGE('',*,*,#1369,.T.);
#1761=ORIENTED_EDGE('',*,*,#1370,.T.);
#1762=ORIENTED_EDGE('',*,*,#1371,.T.);
#1763=ORIENTED_EDGE('',*,*,#1372,.T.);
#1764=ORIENTED_EDGE('',*,*,#1373,.T.);
#1765=ORIENTED_EDGE('',*,*,#1374,.T.);
#1766=ORIENTED_EDGE('',*,*,#1375,.T.);
#1767=ORIENTED_EDGE('',*,*,#1348,.T.);
#1768=ORIENTED_EDGE('',*,*,#1376,.T.);
#1769=ORIENTED_EDGE('',*,*,#1377,.T.);
#1770=ORIENTED_EDGE('',*,*,#1378,.T.);
#1771=ORIENTED_EDGE('',*,*,#1379,.T.);
#1772=ORIENTED_EDGE('',*,*,#1380,.T.);
#1773=ORIENTED_EDGE('',*,*,#1377,.F.);
#1774=ORIENTED_EDGE('',*,*,#1381,.T.);
#1775=ORIENTED_EDGE('',*,*,#1382,.F.);
#1776=ORIENTED_EDGE('',*,*,#1383,.F.);
#1777=ORIENTED_EDGE('',*,*,#1384,.T.);
#1778=ORIENTED_EDGE('',*,*,#1385,.T.);
#1779=ORIENTED_EDGE('',*,*,#1386,.T.);
#1780=ORIENTED_EDGE('',*,*,#1387,.T.);
#1781=ORIENTED_EDGE('',*,*,#1382,.T.);
#1782=ORIENTED_EDGE('',*,*,#1388,.T.);
#1783=ORIENTED_EDGE('',*,*,#1389,.T.);
#1784=ORIENTED_EDGE('',*,*,#1390,.T.);
#1785=ORIENTED_EDGE('',*,*,#1391,.F.);
#1786=ORIENTED_EDGE('',*,*,#1392,.T.);
#1787=ORIENTED_EDGE('',*,*,#1384,.F.);
#1788=ORIENTED_EDGE('',*,*,#1393,.F.);
#1789=ORIENTED_EDGE('',*,*,#1394,.F.);
#1790=ORIENTED_EDGE('',*,*,#1393,.T.);
#1791=ORIENTED_EDGE('',*,*,#1387,.F.);
#1792=ORIENTED_EDGE('',*,*,#1395,.F.);
#1793=ORIENTED_EDGE('',*,*,#1396,.F.);
#1794=ORIENTED_EDGE('',*,*,#1395,.T.);
#1795=ORIENTED_EDGE('',*,*,#1386,.F.);
#1796=ORIENTED_EDGE('',*,*,#1397,.F.);
#1797=ORIENTED_EDGE('',*,*,#1398,.F.);
#1798=ORIENTED_EDGE('',*,*,#1397,.T.);
#1799=ORIENTED_EDGE('',*,*,#1385,.F.);
#1800=ORIENTED_EDGE('',*,*,#1392,.F.);
#1801=ORIENTED_EDGE('',*,*,#1391,.T.);
#1802=ORIENTED_EDGE('',*,*,#1394,.T.);
#1803=ORIENTED_EDGE('',*,*,#1396,.T.);
#1804=ORIENTED_EDGE('',*,*,#1398,.T.);
#1805=ORIENTED_EDGE('',*,*,#1399,.F.);
#1806=ORIENTED_EDGE('',*,*,#1349,.T.);
#1807=ORIENTED_EDGE('',*,*,#1375,.F.);
#1808=ORIENTED_EDGE('',*,*,#1400,.F.);
#1809=ORIENTED_EDGE('',*,*,#1401,.F.);
#1810=ORIENTED_EDGE('',*,*,#1400,.T.);
#1811=ORIENTED_EDGE('',*,*,#1374,.F.);
#1812=ORIENTED_EDGE('',*,*,#1402,.F.);
#1813=ORIENTED_EDGE('',*,*,#1403,.F.);
#1814=ORIENTED_EDGE('',*,*,#1402,.T.);
#1815=ORIENTED_EDGE('',*,*,#1373,.F.);
#1816=ORIENTED_EDGE('',*,*,#1404,.F.);
#1817=ORIENTED_EDGE('',*,*,#1405,.F.);
#1818=ORIENTED_EDGE('',*,*,#1404,.T.);
#1819=ORIENTED_EDGE('',*,*,#1372,.F.);
#1820=ORIENTED_EDGE('',*,*,#1406,.F.);
#1821=ORIENTED_EDGE('',*,*,#1407,.F.);
#1822=ORIENTED_EDGE('',*,*,#1406,.T.);
#1823=ORIENTED_EDGE('',*,*,#1371,.F.);
#1824=ORIENTED_EDGE('',*,*,#1408,.F.);
#1825=ORIENTED_EDGE('',*,*,#1409,.F.);
#1826=ORIENTED_EDGE('',*,*,#1408,.T.);
#1827=ORIENTED_EDGE('',*,*,#1370,.F.);
#1828=ORIENTED_EDGE('',*,*,#1410,.F.);
#1829=ORIENTED_EDGE('',*,*,#1411,.F.);
#1830=ORIENTED_EDGE('',*,*,#1410,.T.);
#1831=ORIENTED_EDGE('',*,*,#1369,.F.);
#1832=ORIENTED_EDGE('',*,*,#1412,.F.);
#1833=ORIENTED_EDGE('',*,*,#1380,.F.);
#1834=ORIENTED_EDGE('',*,*,#1412,.T.);
#1835=ORIENTED_EDGE('',*,*,#1368,.F.);
#1836=ORIENTED_EDGE('',*,*,#1413,.T.);
#1837=ORIENTED_EDGE('',*,*,#1388,.F.);
#1838=ORIENTED_EDGE('',*,*,#1381,.F.);
#1839=ORIENTED_EDGE('',*,*,#1376,.F.);
#1840=ORIENTED_EDGE('',*,*,#1413,.F.);
#1841=ORIENTED_EDGE('',*,*,#1367,.F.);
#1842=ORIENTED_EDGE('',*,*,#1414,.T.);
#1843=ORIENTED_EDGE('',*,*,#1389,.F.);
#1844=ORIENTED_EDGE('',*,*,#1414,.F.);
#1845=ORIENTED_EDGE('',*,*,#1366,.F.);
#1846=ORIENTED_EDGE('',*,*,#1415,.F.);
#1847=ORIENTED_EDGE('',*,*,#1416,.F.);
#1848=ORIENTED_EDGE('',*,*,#1378,.F.);
#1849=ORIENTED_EDGE('',*,*,#1383,.T.);
#1850=ORIENTED_EDGE('',*,*,#1390,.F.);
#1851=ORIENTED_EDGE('',*,*,#1417,.F.);
#1852=ORIENTED_EDGE('',*,*,#1415,.T.);
#1853=ORIENTED_EDGE('',*,*,#1365,.F.);
#1854=ORIENTED_EDGE('',*,*,#1418,.F.);
#1855=ORIENTED_EDGE('',*,*,#1419,.F.);
#1856=ORIENTED_EDGE('',*,*,#1418,.T.);
#1857=ORIENTED_EDGE('',*,*,#1364,.F.);
#1858=ORIENTED_EDGE('',*,*,#1420,.F.);
#1859=ORIENTED_EDGE('',*,*,#1421,.F.);
#1860=ORIENTED_EDGE('',*,*,#1420,.T.);
#1861=ORIENTED_EDGE('',*,*,#1363,.F.);
#1862=ORIENTED_EDGE('',*,*,#1422,.F.);
#1863=ORIENTED_EDGE('',*,*,#1423,.F.);
#1864=ORIENTED_EDGE('',*,*,#1422,.T.);
#1865=ORIENTED_EDGE('',*,*,#1362,.F.);
#1866=ORIENTED_EDGE('',*,*,#1424,.F.);
#1867=ORIENTED_EDGE('',*,*,#1425,.F.);
#1868=ORIENTED_EDGE('',*,*,#1424,.T.);
#1869=ORIENTED_EDGE('',*,*,#1361,.F.);
#1870=ORIENTED_EDGE('',*,*,#1426,.F.);
#1871=ORIENTED_EDGE('',*,*,#1427,.F.);
#1872=ORIENTED_EDGE('',*,*,#1426,.T.);
#1873=ORIENTED_EDGE('',*,*,#1360,.F.);
#1874=ORIENTED_EDGE('',*,*,#1428,.F.);
#1875=ORIENTED_EDGE('',*,*,#1429,.F.);
#1876=ORIENTED_EDGE('',*,*,#1428,.T.);
#1877=ORIENTED_EDGE('',*,*,#1359,.F.);
#1878=ORIENTED_EDGE('',*,*,#1430,.F.);
#1879=ORIENTED_EDGE('',*,*,#1340,.T.);
#1880=ORIENTED_EDGE('',*,*,#1431,.F.);
#1881=ORIENTED_EDGE('',*,*,#1430,.T.);
#1882=ORIENTED_EDGE('',*,*,#1358,.F.);
#1883=ORIENTED_EDGE('',*,*,#1354,.F.);
#1884=ORIENTED_EDGE('',*,*,#1357,.T.);
#1885=ORIENTED_EDGE('',*,*,#1432,.F.);
#1886=ORIENTED_EDGE('',*,*,#1351,.F.);
#1887=ORIENTED_EDGE('',*,*,#1343,.F.);
#1888=ORIENTED_EDGE('',*,*,#1350,.T.);
#1889=ORIENTED_EDGE('',*,*,#1399,.T.);
#1890=ORIENTED_EDGE('',*,*,#1401,.T.);
#1891=ORIENTED_EDGE('',*,*,#1403,.T.);
#1892=ORIENTED_EDGE('',*,*,#1405,.T.);
#1893=ORIENTED_EDGE('',*,*,#1407,.T.);
#1894=ORIENTED_EDGE('',*,*,#1409,.T.);
#1895=ORIENTED_EDGE('',*,*,#1411,.T.);
#1896=ORIENTED_EDGE('',*,*,#1379,.F.);
#1897=ORIENTED_EDGE('',*,*,#1416,.T.);
#1898=ORIENTED_EDGE('',*,*,#1417,.T.);
#1899=ORIENTED_EDGE('',*,*,#1419,.T.);
#1900=ORIENTED_EDGE('',*,*,#1421,.T.);
#1901=ORIENTED_EDGE('',*,*,#1423,.T.);
#1902=ORIENTED_EDGE('',*,*,#1425,.T.);
#1903=ORIENTED_EDGE('',*,*,#1427,.T.);
#1904=ORIENTED_EDGE('',*,*,#1429,.T.);
#1905=ORIENTED_EDGE('',*,*,#1431,.T.);
#1906=ORIENTED_EDGE('',*,*,#1433,.F.);
#1907=ORIENTED_EDGE('',*,*,#1434,.T.);
#1908=ORIENTED_EDGE('',*,*,#1435,.F.);
#1909=ORIENTED_EDGE('',*,*,#1436,.T.);
#1910=ORIENTED_EDGE('',*,*,#1435,.T.);
#1911=ORIENTED_EDGE('',*,*,#1437,.T.);
#1912=ORIENTED_EDGE('',*,*,#1438,.F.);
#1913=ORIENTED_EDGE('',*,*,#1439,.F.);
#1914=ORIENTED_EDGE('',*,*,#1440,.F.);
#1915=ORIENTED_EDGE('',*,*,#1441,.F.);
#1916=ORIENTED_EDGE('',*,*,#1442,.F.);
#1917=ORIENTED_EDGE('',*,*,#1443,.F.);
#1918=ORIENTED_EDGE('',*,*,#1434,.F.);
#1919=ORIENTED_EDGE('',*,*,#1444,.T.);
#1920=ORIENTED_EDGE('',*,*,#1445,.F.);
#1921=ORIENTED_EDGE('',*,*,#1437,.F.);
#1922=ORIENTED_EDGE('',*,*,#1440,.T.);
#1923=ORIENTED_EDGE('',*,*,#1446,.T.);
#1924=ORIENTED_EDGE('',*,*,#1447,.T.);
#1925=ORIENTED_EDGE('',*,*,#1448,.T.);
#1926=ORIENTED_EDGE('',*,*,#1446,.F.);
#1927=ORIENTED_EDGE('',*,*,#1439,.T.);
#1928=ORIENTED_EDGE('',*,*,#1449,.F.);
#1929=ORIENTED_EDGE('',*,*,#1450,.F.);
#1930=ORIENTED_EDGE('',*,*,#1448,.F.);
#1931=ORIENTED_EDGE('',*,*,#1451,.T.);
#1932=ORIENTED_EDGE('',*,*,#1452,.T.);
#1933=ORIENTED_EDGE('',*,*,#1453,.T.);
#1934=ORIENTED_EDGE('',*,*,#1454,.T.);
#1935=ORIENTED_EDGE('',*,*,#1455,.T.);
#1936=ORIENTED_EDGE('',*,*,#1456,.T.);
#1937=ORIENTED_EDGE('',*,*,#1457,.T.);
#1938=ORIENTED_EDGE('',*,*,#1458,.T.);
#1939=ORIENTED_EDGE('',*,*,#1459,.T.);
#1940=ORIENTED_EDGE('',*,*,#1460,.T.);
#1941=ORIENTED_EDGE('',*,*,#1461,.T.);
#1942=ORIENTED_EDGE('',*,*,#1462,.T.);
#1943=ORIENTED_EDGE('',*,*,#1463,.T.);
#1944=ORIENTED_EDGE('',*,*,#1464,.T.);
#1945=ORIENTED_EDGE('',*,*,#1465,.T.);
#1946=ORIENTED_EDGE('',*,*,#1466,.T.);
#1947=ORIENTED_EDGE('',*,*,#1467,.T.);
#1948=ORIENTED_EDGE('',*,*,#1468,.T.);
#1949=ORIENTED_EDGE('',*,*,#1441,.T.);
#1950=ORIENTED_EDGE('',*,*,#1469,.T.);
#1951=ORIENTED_EDGE('',*,*,#1470,.T.);
#1952=ORIENTED_EDGE('',*,*,#1471,.T.);
#1953=ORIENTED_EDGE('',*,*,#1472,.T.);
#1954=ORIENTED_EDGE('',*,*,#1473,.T.);
#1955=ORIENTED_EDGE('',*,*,#1470,.F.);
#1956=ORIENTED_EDGE('',*,*,#1474,.T.);
#1957=ORIENTED_EDGE('',*,*,#1475,.F.);
#1958=ORIENTED_EDGE('',*,*,#1476,.F.);
#1959=ORIENTED_EDGE('',*,*,#1477,.T.);
#1960=ORIENTED_EDGE('',*,*,#1478,.T.);
#1961=ORIENTED_EDGE('',*,*,#1479,.T.);
#1962=ORIENTED_EDGE('',*,*,#1480,.T.);
#1963=ORIENTED_EDGE('',*,*,#1475,.T.);
#1964=ORIENTED_EDGE('',*,*,#1481,.T.);
#1965=ORIENTED_EDGE('',*,*,#1482,.T.);
#1966=ORIENTED_EDGE('',*,*,#1483,.T.);
#1967=ORIENTED_EDGE('',*,*,#1484,.F.);
#1968=ORIENTED_EDGE('',*,*,#1485,.T.);
#1969=ORIENTED_EDGE('',*,*,#1477,.F.);
#1970=ORIENTED_EDGE('',*,*,#1486,.F.);
#1971=ORIENTED_EDGE('',*,*,#1487,.F.);
#1972=ORIENTED_EDGE('',*,*,#1486,.T.);
#1973=ORIENTED_EDGE('',*,*,#1480,.F.);
#1974=ORIENTED_EDGE('',*,*,#1488,.F.);
#1975=ORIENTED_EDGE('',*,*,#1489,.F.);
#1976=ORIENTED_EDGE('',*,*,#1488,.T.);
#1977=ORIENTED_EDGE('',*,*,#1479,.F.);
#1978=ORIENTED_EDGE('',*,*,#1490,.F.);
#1979=ORIENTED_EDGE('',*,*,#1491,.F.);
#1980=ORIENTED_EDGE('',*,*,#1490,.T.);
#1981=ORIENTED_EDGE('',*,*,#1478,.F.);
#1982=ORIENTED_EDGE('',*,*,#1485,.F.);
#1983=ORIENTED_EDGE('',*,*,#1484,.T.);
#1984=ORIENTED_EDGE('',*,*,#1487,.T.);
#1985=ORIENTED_EDGE('',*,*,#1489,.T.);
#1986=ORIENTED_EDGE('',*,*,#1491,.T.);
#1987=ORIENTED_EDGE('',*,*,#1492,.F.);
#1988=ORIENTED_EDGE('',*,*,#1442,.T.);
#1989=ORIENTED_EDGE('',*,*,#1468,.F.);
#1990=ORIENTED_EDGE('',*,*,#1493,.F.);
#1991=ORIENTED_EDGE('',*,*,#1494,.F.);
#1992=ORIENTED_EDGE('',*,*,#1493,.T.);
#1993=ORIENTED_EDGE('',*,*,#1467,.F.);
#1994=ORIENTED_EDGE('',*,*,#1495,.F.);
#1995=ORIENTED_EDGE('',*,*,#1496,.F.);
#1996=ORIENTED_EDGE('',*,*,#1495,.T.);
#1997=ORIENTED_EDGE('',*,*,#1466,.F.);
#1998=ORIENTED_EDGE('',*,*,#1497,.F.);
#1999=ORIENTED_EDGE('',*,*,#1498,.F.);
#2000=ORIENTED_EDGE('',*,*,#1497,.T.);
#2001=ORIENTED_EDGE('',*,*,#1465,.F.);
#2002=ORIENTED_EDGE('',*,*,#1499,.F.);
#2003=ORIENTED_EDGE('',*,*,#1500,.F.);
#2004=ORIENTED_EDGE('',*,*,#1499,.T.);
#2005=ORIENTED_EDGE('',*,*,#1464,.F.);
#2006=ORIENTED_EDGE('',*,*,#1501,.F.);
#2007=ORIENTED_EDGE('',*,*,#1502,.F.);
#2008=ORIENTED_EDGE('',*,*,#1501,.T.);
#2009=ORIENTED_EDGE('',*,*,#1463,.F.);
#2010=ORIENTED_EDGE('',*,*,#1503,.F.);
#2011=ORIENTED_EDGE('',*,*,#1504,.F.);
#2012=ORIENTED_EDGE('',*,*,#1503,.T.);
#2013=ORIENTED_EDGE('',*,*,#1462,.F.);
#2014=ORIENTED_EDGE('',*,*,#1505,.F.);
#2015=ORIENTED_EDGE('',*,*,#1473,.F.);
#2016=ORIENTED_EDGE('',*,*,#1505,.T.);
#2017=ORIENTED_EDGE('',*,*,#1461,.F.);
#2018=ORIENTED_EDGE('',*,*,#1506,.T.);
#2019=ORIENTED_EDGE('',*,*,#1481,.F.);
#2020=ORIENTED_EDGE('',*,*,#1474,.F.);
#2021=ORIENTED_EDGE('',*,*,#1469,.F.);
#2022=ORIENTED_EDGE('',*,*,#1506,.F.);
#2023=ORIENTED_EDGE('',*,*,#1460,.F.);
#2024=ORIENTED_EDGE('',*,*,#1507,.T.);
#2025=ORIENTED_EDGE('',*,*,#1482,.F.);
#2026=ORIENTED_EDGE('',*,*,#1507,.F.);
#2027=ORIENTED_EDGE('',*,*,#1459,.F.);
#2028=ORIENTED_EDGE('',*,*,#1508,.F.);
#2029=ORIENTED_EDGE('',*,*,#1509,.F.);
#2030=ORIENTED_EDGE('',*,*,#1471,.F.);
#2031=ORIENTED_EDGE('',*,*,#1476,.T.);
#2032=ORIENTED_EDGE('',*,*,#1483,.F.);
#2033=ORIENTED_EDGE('',*,*,#1510,.F.);
#2034=ORIENTED_EDGE('',*,*,#1508,.T.);
#2035=ORIENTED_EDGE('',*,*,#1458,.F.);
#2036=ORIENTED_EDGE('',*,*,#1511,.F.);
#2037=ORIENTED_EDGE('',*,*,#1512,.F.);
#2038=ORIENTED_EDGE('',*,*,#1511,.T.);
#2039=ORIENTED_EDGE('',*,*,#1457,.F.);
#2040=ORIENTED_EDGE('',*,*,#1513,.F.);
#2041=ORIENTED_EDGE('',*,*,#1514,.F.);
#2042=ORIENTED_EDGE('',*,*,#1513,.T.);
#2043=ORIENTED_EDGE('',*,*,#1456,.F.);
#2044=ORIENTED_EDGE('',*,*,#1515,.F.);
#2045=ORIENTED_EDGE('',*,*,#1516,.F.);
#2046=ORIENTED_EDGE('',*,*,#1515,.T.);
#2047=ORIENTED_EDGE('',*,*,#1455,.F.);
#2048=ORIENTED_EDGE('',*,*,#1517,.F.);
#2049=ORIENTED_EDGE('',*,*,#1518,.F.);
#2050=ORIENTED_EDGE('',*,*,#1517,.T.);
#2051=ORIENTED_EDGE('',*,*,#1454,.F.);
#2052=ORIENTED_EDGE('',*,*,#1519,.F.);
#2053=ORIENTED_EDGE('',*,*,#1520,.F.);
#2054=ORIENTED_EDGE('',*,*,#1519,.T.);
#2055=ORIENTED_EDGE('',*,*,#1453,.F.);
#2056=ORIENTED_EDGE('',*,*,#1521,.F.);
#2057=ORIENTED_EDGE('',*,*,#1522,.F.);
#2058=ORIENTED_EDGE('',*,*,#1521,.T.);
#2059=ORIENTED_EDGE('',*,*,#1452,.F.);
#2060=ORIENTED_EDGE('',*,*,#1523,.F.);
#2061=ORIENTED_EDGE('',*,*,#1433,.T.);
#2062=ORIENTED_EDGE('',*,*,#1524,.F.);
#2063=ORIENTED_EDGE('',*,*,#1523,.T.);
#2064=ORIENTED_EDGE('',*,*,#1451,.F.);
#2065=ORIENTED_EDGE('',*,*,#1447,.F.);
#2066=ORIENTED_EDGE('',*,*,#1450,.T.);
#2067=ORIENTED_EDGE('',*,*,#1525,.F.);
#2068=ORIENTED_EDGE('',*,*,#1444,.F.);
#2069=ORIENTED_EDGE('',*,*,#1526,.T.);
#2070=ORIENTED_EDGE('',*,*,#1527,.T.);
#2071=ORIENTED_EDGE('',*,*,#1528,.F.);
#2072=ORIENTED_EDGE('',*,*,#1529,.F.);
#2073=ORIENTED_EDGE('',*,*,#1436,.F.);
#2074=ORIENTED_EDGE('',*,*,#1443,.T.);
#2075=ORIENTED_EDGE('',*,*,#1492,.T.);
#2076=ORIENTED_EDGE('',*,*,#1494,.T.);
#2077=ORIENTED_EDGE('',*,*,#1496,.T.);
#2078=ORIENTED_EDGE('',*,*,#1498,.T.);
#2079=ORIENTED_EDGE('',*,*,#1500,.T.);
#2080=ORIENTED_EDGE('',*,*,#1502,.T.);
#2081=ORIENTED_EDGE('',*,*,#1504,.T.);
#2082=ORIENTED_EDGE('',*,*,#1472,.F.);
#2083=ORIENTED_EDGE('',*,*,#1509,.T.);
#2084=ORIENTED_EDGE('',*,*,#1510,.T.);
#2085=ORIENTED_EDGE('',*,*,#1512,.T.);
#2086=ORIENTED_EDGE('',*,*,#1514,.T.);
#2087=ORIENTED_EDGE('',*,*,#1516,.T.);
#2088=ORIENTED_EDGE('',*,*,#1518,.T.);
#2089=ORIENTED_EDGE('',*,*,#1520,.T.);
#2090=ORIENTED_EDGE('',*,*,#1522,.T.);
#2091=ORIENTED_EDGE('',*,*,#1524,.T.);
#2092=ORIENTED_EDGE('',*,*,#1530,.F.);
#2093=ORIENTED_EDGE('',*,*,#1531,.T.);
#2094=ORIENTED_EDGE('',*,*,#1532,.F.);
#2095=ORIENTED_EDGE('',*,*,#1533,.T.);
#2096=ORIENTED_EDGE('',*,*,#1532,.T.);
#2097=ORIENTED_EDGE('',*,*,#1534,.T.);
#2098=ORIENTED_EDGE('',*,*,#1535,.F.);
#2099=ORIENTED_EDGE('',*,*,#1536,.F.);
#2100=ORIENTED_EDGE('',*,*,#1537,.F.);
#2101=ORIENTED_EDGE('',*,*,#1538,.F.);
#2102=ORIENTED_EDGE('',*,*,#1539,.F.);
#2103=ORIENTED_EDGE('',*,*,#1540,.F.);
#2104=ORIENTED_EDGE('',*,*,#1531,.F.);
#2105=ORIENTED_EDGE('',*,*,#1541,.T.);
#2106=ORIENTED_EDGE('',*,*,#1542,.F.);
#2107=ORIENTED_EDGE('',*,*,#1534,.F.);
#2108=ORIENTED_EDGE('',*,*,#1537,.T.);
#2109=ORIENTED_EDGE('',*,*,#1543,.T.);
#2110=ORIENTED_EDGE('',*,*,#1544,.T.);
#2111=ORIENTED_EDGE('',*,*,#1545,.T.);
#2112=ORIENTED_EDGE('',*,*,#1543,.F.);
#2113=ORIENTED_EDGE('',*,*,#1536,.T.);
#2114=ORIENTED_EDGE('',*,*,#1546,.F.);
#2115=ORIENTED_EDGE('',*,*,#1547,.F.);
#2116=ORIENTED_EDGE('',*,*,#1545,.F.);
#2117=ORIENTED_EDGE('',*,*,#1548,.T.);
#2118=ORIENTED_EDGE('',*,*,#1549,.T.);
#2119=ORIENTED_EDGE('',*,*,#1550,.T.);
#2120=ORIENTED_EDGE('',*,*,#1551,.T.);
#2121=ORIENTED_EDGE('',*,*,#1552,.T.);
#2122=ORIENTED_EDGE('',*,*,#1553,.T.);
#2123=ORIENTED_EDGE('',*,*,#1554,.T.);
#2124=ORIENTED_EDGE('',*,*,#1555,.T.);
#2125=ORIENTED_EDGE('',*,*,#1556,.T.);
#2126=ORIENTED_EDGE('',*,*,#1557,.T.);
#2127=ORIENTED_EDGE('',*,*,#1558,.T.);
#2128=ORIENTED_EDGE('',*,*,#1559,.T.);
#2129=ORIENTED_EDGE('',*,*,#1560,.T.);
#2130=ORIENTED_EDGE('',*,*,#1561,.T.);
#2131=ORIENTED_EDGE('',*,*,#1562,.T.);
#2132=ORIENTED_EDGE('',*,*,#1563,.T.);
#2133=ORIENTED_EDGE('',*,*,#1564,.T.);
#2134=ORIENTED_EDGE('',*,*,#1565,.T.);
#2135=ORIENTED_EDGE('',*,*,#1538,.T.);
#2136=ORIENTED_EDGE('',*,*,#1566,.T.);
#2137=ORIENTED_EDGE('',*,*,#1567,.T.);
#2138=ORIENTED_EDGE('',*,*,#1568,.T.);
#2139=ORIENTED_EDGE('',*,*,#1569,.T.);
#2140=ORIENTED_EDGE('',*,*,#1570,.T.);
#2141=ORIENTED_EDGE('',*,*,#1567,.F.);
#2142=ORIENTED_EDGE('',*,*,#1571,.T.);
#2143=ORIENTED_EDGE('',*,*,#1572,.F.);
#2144=ORIENTED_EDGE('',*,*,#1573,.F.);
#2145=ORIENTED_EDGE('',*,*,#1574,.T.);
#2146=ORIENTED_EDGE('',*,*,#1575,.T.);
#2147=ORIENTED_EDGE('',*,*,#1576,.T.);
#2148=ORIENTED_EDGE('',*,*,#1577,.T.);
#2149=ORIENTED_EDGE('',*,*,#1572,.T.);
#2150=ORIENTED_EDGE('',*,*,#1578,.T.);
#2151=ORIENTED_EDGE('',*,*,#1579,.T.);
#2152=ORIENTED_EDGE('',*,*,#1580,.T.);
#2153=ORIENTED_EDGE('',*,*,#1581,.F.);
#2154=ORIENTED_EDGE('',*,*,#1582,.T.);
#2155=ORIENTED_EDGE('',*,*,#1574,.F.);
#2156=ORIENTED_EDGE('',*,*,#1583,.F.);
#2157=ORIENTED_EDGE('',*,*,#1584,.F.);
#2158=ORIENTED_EDGE('',*,*,#1583,.T.);
#2159=ORIENTED_EDGE('',*,*,#1577,.F.);
#2160=ORIENTED_EDGE('',*,*,#1585,.F.);
#2161=ORIENTED_EDGE('',*,*,#1586,.F.);
#2162=ORIENTED_EDGE('',*,*,#1585,.T.);
#2163=ORIENTED_EDGE('',*,*,#1576,.F.);
#2164=ORIENTED_EDGE('',*,*,#1587,.F.);
#2165=ORIENTED_EDGE('',*,*,#1588,.F.);
#2166=ORIENTED_EDGE('',*,*,#1587,.T.);
#2167=ORIENTED_EDGE('',*,*,#1575,.F.);
#2168=ORIENTED_EDGE('',*,*,#1582,.F.);
#2169=ORIENTED_EDGE('',*,*,#1581,.T.);
#2170=ORIENTED_EDGE('',*,*,#1584,.T.);
#2171=ORIENTED_EDGE('',*,*,#1586,.T.);
#2172=ORIENTED_EDGE('',*,*,#1588,.T.);
#2173=ORIENTED_EDGE('',*,*,#1589,.F.);
#2174=ORIENTED_EDGE('',*,*,#1539,.T.);
#2175=ORIENTED_EDGE('',*,*,#1565,.F.);
#2176=ORIENTED_EDGE('',*,*,#1590,.F.);
#2177=ORIENTED_EDGE('',*,*,#1591,.F.);
#2178=ORIENTED_EDGE('',*,*,#1590,.T.);
#2179=ORIENTED_EDGE('',*,*,#1564,.F.);
#2180=ORIENTED_EDGE('',*,*,#1592,.F.);
#2181=ORIENTED_EDGE('',*,*,#1593,.F.);
#2182=ORIENTED_EDGE('',*,*,#1592,.T.);
#2183=ORIENTED_EDGE('',*,*,#1563,.F.);
#2184=ORIENTED_EDGE('',*,*,#1594,.F.);
#2185=ORIENTED_EDGE('',*,*,#1595,.F.);
#2186=ORIENTED_EDGE('',*,*,#1594,.T.);
#2187=ORIENTED_EDGE('',*,*,#1562,.F.);
#2188=ORIENTED_EDGE('',*,*,#1596,.F.);
#2189=ORIENTED_EDGE('',*,*,#1597,.F.);
#2190=ORIENTED_EDGE('',*,*,#1596,.T.);
#2191=ORIENTED_EDGE('',*,*,#1561,.F.);
#2192=ORIENTED_EDGE('',*,*,#1598,.F.);
#2193=ORIENTED_EDGE('',*,*,#1599,.F.);
#2194=ORIENTED_EDGE('',*,*,#1598,.T.);
#2195=ORIENTED_EDGE('',*,*,#1560,.F.);
#2196=ORIENTED_EDGE('',*,*,#1600,.F.);
#2197=ORIENTED_EDGE('',*,*,#1601,.F.);
#2198=ORIENTED_EDGE('',*,*,#1600,.T.);
#2199=ORIENTED_EDGE('',*,*,#1559,.F.);
#2200=ORIENTED_EDGE('',*,*,#1602,.F.);
#2201=ORIENTED_EDGE('',*,*,#1570,.F.);
#2202=ORIENTED_EDGE('',*,*,#1602,.T.);
#2203=ORIENTED_EDGE('',*,*,#1558,.F.);
#2204=ORIENTED_EDGE('',*,*,#1603,.T.);
#2205=ORIENTED_EDGE('',*,*,#1578,.F.);
#2206=ORIENTED_EDGE('',*,*,#1571,.F.);
#2207=ORIENTED_EDGE('',*,*,#1566,.F.);
#2208=ORIENTED_EDGE('',*,*,#1603,.F.);
#2209=ORIENTED_EDGE('',*,*,#1557,.F.);
#2210=ORIENTED_EDGE('',*,*,#1604,.T.);
#2211=ORIENTED_EDGE('',*,*,#1579,.F.);
#2212=ORIENTED_EDGE('',*,*,#1604,.F.);
#2213=ORIENTED_EDGE('',*,*,#1556,.F.);
#2214=ORIENTED_EDGE('',*,*,#1605,.F.);
#2215=ORIENTED_EDGE('',*,*,#1606,.F.);
#2216=ORIENTED_EDGE('',*,*,#1568,.F.);
#2217=ORIENTED_EDGE('',*,*,#1573,.T.);
#2218=ORIENTED_EDGE('',*,*,#1580,.F.);
#2219=ORIENTED_EDGE('',*,*,#1607,.F.);
#2220=ORIENTED_EDGE('',*,*,#1605,.T.);
#2221=ORIENTED_EDGE('',*,*,#1555,.F.);
#2222=ORIENTED_EDGE('',*,*,#1608,.F.);
#2223=ORIENTED_EDGE('',*,*,#1609,.F.);
#2224=ORIENTED_EDGE('',*,*,#1608,.T.);
#2225=ORIENTED_EDGE('',*,*,#1554,.F.);
#2226=ORIENTED_EDGE('',*,*,#1610,.F.);
#2227=ORIENTED_EDGE('',*,*,#1611,.F.);
#2228=ORIENTED_EDGE('',*,*,#1610,.T.);
#2229=ORIENTED_EDGE('',*,*,#1553,.F.);
#2230=ORIENTED_EDGE('',*,*,#1612,.F.);
#2231=ORIENTED_EDGE('',*,*,#1613,.F.);
#2232=ORIENTED_EDGE('',*,*,#1612,.T.);
#2233=ORIENTED_EDGE('',*,*,#1552,.F.);
#2234=ORIENTED_EDGE('',*,*,#1614,.F.);
#2235=ORIENTED_EDGE('',*,*,#1615,.F.);
#2236=ORIENTED_EDGE('',*,*,#1614,.T.);
#2237=ORIENTED_EDGE('',*,*,#1551,.F.);
#2238=ORIENTED_EDGE('',*,*,#1616,.F.);
#2239=ORIENTED_EDGE('',*,*,#1617,.F.);
#2240=ORIENTED_EDGE('',*,*,#1616,.T.);
#2241=ORIENTED_EDGE('',*,*,#1550,.F.);
#2242=ORIENTED_EDGE('',*,*,#1618,.F.);
#2243=ORIENTED_EDGE('',*,*,#1619,.F.);
#2244=ORIENTED_EDGE('',*,*,#1618,.T.);
#2245=ORIENTED_EDGE('',*,*,#1549,.F.);
#2246=ORIENTED_EDGE('',*,*,#1620,.F.);
#2247=ORIENTED_EDGE('',*,*,#1530,.T.);
#2248=ORIENTED_EDGE('',*,*,#1621,.F.);
#2249=ORIENTED_EDGE('',*,*,#1620,.T.);
#2250=ORIENTED_EDGE('',*,*,#1548,.F.);
#2251=ORIENTED_EDGE('',*,*,#1544,.F.);
#2252=ORIENTED_EDGE('',*,*,#1547,.T.);
#2253=ORIENTED_EDGE('',*,*,#1622,.F.);
#2254=ORIENTED_EDGE('',*,*,#1541,.F.);
#2255=ORIENTED_EDGE('',*,*,#1623,.T.);
#2256=ORIENTED_EDGE('',*,*,#1624,.T.);
#2257=ORIENTED_EDGE('',*,*,#1625,.F.);
#2258=ORIENTED_EDGE('',*,*,#1527,.F.);
#2259=ORIENTED_EDGE('',*,*,#1533,.F.);
#2260=ORIENTED_EDGE('',*,*,#1540,.T.);
#2261=ORIENTED_EDGE('',*,*,#1589,.T.);
#2262=ORIENTED_EDGE('',*,*,#1591,.T.);
#2263=ORIENTED_EDGE('',*,*,#1593,.T.);
#2264=ORIENTED_EDGE('',*,*,#1595,.T.);
#2265=ORIENTED_EDGE('',*,*,#1597,.T.);
#2266=ORIENTED_EDGE('',*,*,#1599,.T.);
#2267=ORIENTED_EDGE('',*,*,#1601,.T.);
#2268=ORIENTED_EDGE('',*,*,#1569,.F.);
#2269=ORIENTED_EDGE('',*,*,#1606,.T.);
#2270=ORIENTED_EDGE('',*,*,#1607,.T.);
#2271=ORIENTED_EDGE('',*,*,#1609,.T.);
#2272=ORIENTED_EDGE('',*,*,#1611,.T.);
#2273=ORIENTED_EDGE('',*,*,#1613,.T.);
#2274=ORIENTED_EDGE('',*,*,#1615,.T.);
#2275=ORIENTED_EDGE('',*,*,#1617,.T.);
#2276=ORIENTED_EDGE('',*,*,#1619,.T.);
#2277=ORIENTED_EDGE('',*,*,#1621,.T.);
#2278=ORIENTED_EDGE('',*,*,#1626,.F.);
#2279=ORIENTED_EDGE('',*,*,#1627,.T.);
#2280=ORIENTED_EDGE('',*,*,#1628,.F.);
#2281=ORIENTED_EDGE('',*,*,#1629,.T.);
#2282=ORIENTED_EDGE('',*,*,#1628,.T.);
#2283=ORIENTED_EDGE('',*,*,#1630,.T.);
#2284=ORIENTED_EDGE('',*,*,#1631,.F.);
#2285=ORIENTED_EDGE('',*,*,#1632,.F.);
#2286=ORIENTED_EDGE('',*,*,#1633,.F.);
#2287=ORIENTED_EDGE('',*,*,#1634,.F.);
#2288=ORIENTED_EDGE('',*,*,#1635,.F.);
#2289=ORIENTED_EDGE('',*,*,#1636,.F.);
#2290=ORIENTED_EDGE('',*,*,#1627,.F.);
#2291=ORIENTED_EDGE('',*,*,#1637,.T.);
#2292=ORIENTED_EDGE('',*,*,#1638,.F.);
#2293=ORIENTED_EDGE('',*,*,#1630,.F.);
#2294=ORIENTED_EDGE('',*,*,#1633,.T.);
#2295=ORIENTED_EDGE('',*,*,#1639,.T.);
#2296=ORIENTED_EDGE('',*,*,#1640,.T.);
#2297=ORIENTED_EDGE('',*,*,#1641,.T.);
#2298=ORIENTED_EDGE('',*,*,#1639,.F.);
#2299=ORIENTED_EDGE('',*,*,#1632,.T.);
#2300=ORIENTED_EDGE('',*,*,#1642,.F.);
#2301=ORIENTED_EDGE('',*,*,#1643,.F.);
#2302=ORIENTED_EDGE('',*,*,#1644,.T.);
#2303=ORIENTED_EDGE('',*,*,#1528,.T.);
#2304=ORIENTED_EDGE('',*,*,#1625,.T.);
#2305=ORIENTED_EDGE('',*,*,#1645,.T.);
#2306=ORIENTED_EDGE('',*,*,#1542,.T.);
#2307=ORIENTED_EDGE('',*,*,#1622,.T.);
#2308=ORIENTED_EDGE('',*,*,#1546,.T.);
#2309=ORIENTED_EDGE('',*,*,#1535,.T.);
#2310=ORIENTED_EDGE('',*,*,#1352,.T.);
#2311=ORIENTED_EDGE('',*,*,#1432,.T.);
#2312=ORIENTED_EDGE('',*,*,#1356,.T.);
#2313=ORIENTED_EDGE('',*,*,#1345,.T.);
#2314=ORIENTED_EDGE('',*,*,#1445,.T.);
#2315=ORIENTED_EDGE('',*,*,#1525,.T.);
#2316=ORIENTED_EDGE('',*,*,#1449,.T.);
#2317=ORIENTED_EDGE('',*,*,#1438,.T.);
#2318=ORIENTED_EDGE('',*,*,#1638,.T.);
#2319=ORIENTED_EDGE('',*,*,#1646,.T.);
#2320=ORIENTED_EDGE('',*,*,#1642,.T.);
#2321=ORIENTED_EDGE('',*,*,#1631,.T.);
#2322=ORIENTED_EDGE('',*,*,#1641,.F.);
#2323=ORIENTED_EDGE('',*,*,#1647,.T.);
#2324=ORIENTED_EDGE('',*,*,#1648,.T.);
#2325=ORIENTED_EDGE('',*,*,#1649,.T.);
#2326=ORIENTED_EDGE('',*,*,#1650,.T.);
#2327=ORIENTED_EDGE('',*,*,#1651,.T.);
#2328=ORIENTED_EDGE('',*,*,#1652,.T.);
#2329=ORIENTED_EDGE('',*,*,#1653,.T.);
#2330=ORIENTED_EDGE('',*,*,#1654,.T.);
#2331=ORIENTED_EDGE('',*,*,#1655,.T.);
#2332=ORIENTED_EDGE('',*,*,#1656,.T.);
#2333=ORIENTED_EDGE('',*,*,#1657,.T.);
#2334=ORIENTED_EDGE('',*,*,#1658,.T.);
#2335=ORIENTED_EDGE('',*,*,#1659,.T.);
#2336=ORIENTED_EDGE('',*,*,#1660,.T.);
#2337=ORIENTED_EDGE('',*,*,#1661,.T.);
#2338=ORIENTED_EDGE('',*,*,#1662,.T.);
#2339=ORIENTED_EDGE('',*,*,#1663,.T.);
#2340=ORIENTED_EDGE('',*,*,#1664,.T.);
#2341=ORIENTED_EDGE('',*,*,#1634,.T.);
#2342=ORIENTED_EDGE('',*,*,#1665,.T.);
#2343=ORIENTED_EDGE('',*,*,#1666,.T.);
#2344=ORIENTED_EDGE('',*,*,#1667,.T.);
#2345=ORIENTED_EDGE('',*,*,#1668,.T.);
#2346=ORIENTED_EDGE('',*,*,#1669,.T.);
#2347=ORIENTED_EDGE('',*,*,#1666,.F.);
#2348=ORIENTED_EDGE('',*,*,#1670,.T.);
#2349=ORIENTED_EDGE('',*,*,#1671,.F.);
#2350=ORIENTED_EDGE('',*,*,#1672,.F.);
#2351=ORIENTED_EDGE('',*,*,#1673,.T.);
#2352=ORIENTED_EDGE('',*,*,#1674,.T.);
#2353=ORIENTED_EDGE('',*,*,#1675,.T.);
#2354=ORIENTED_EDGE('',*,*,#1676,.T.);
#2355=ORIENTED_EDGE('',*,*,#1671,.T.);
#2356=ORIENTED_EDGE('',*,*,#1677,.T.);
#2357=ORIENTED_EDGE('',*,*,#1678,.T.);
#2358=ORIENTED_EDGE('',*,*,#1679,.T.);
#2359=ORIENTED_EDGE('',*,*,#1680,.F.);
#2360=ORIENTED_EDGE('',*,*,#1681,.T.);
#2361=ORIENTED_EDGE('',*,*,#1673,.F.);
#2362=ORIENTED_EDGE('',*,*,#1682,.F.);
#2363=ORIENTED_EDGE('',*,*,#1683,.F.);
#2364=ORIENTED_EDGE('',*,*,#1682,.T.);
#2365=ORIENTED_EDGE('',*,*,#1676,.F.);
#2366=ORIENTED_EDGE('',*,*,#1684,.F.);
#2367=ORIENTED_EDGE('',*,*,#1685,.F.);
#2368=ORIENTED_EDGE('',*,*,#1684,.T.);
#2369=ORIENTED_EDGE('',*,*,#1675,.F.);
#2370=ORIENTED_EDGE('',*,*,#1686,.F.);
#2371=ORIENTED_EDGE('',*,*,#1687,.F.);
#2372=ORIENTED_EDGE('',*,*,#1686,.T.);
#2373=ORIENTED_EDGE('',*,*,#1674,.F.);
#2374=ORIENTED_EDGE('',*,*,#1681,.F.);
#2375=ORIENTED_EDGE('',*,*,#1680,.T.);
#2376=ORIENTED_EDGE('',*,*,#1683,.T.);
#2377=ORIENTED_EDGE('',*,*,#1685,.T.);
#2378=ORIENTED_EDGE('',*,*,#1687,.T.);
#2379=ORIENTED_EDGE('',*,*,#1688,.F.);
#2380=ORIENTED_EDGE('',*,*,#1635,.T.);
#2381=ORIENTED_EDGE('',*,*,#1664,.F.);
#2382=ORIENTED_EDGE('',*,*,#1689,.F.);
#2383=ORIENTED_EDGE('',*,*,#1690,.F.);
#2384=ORIENTED_EDGE('',*,*,#1689,.T.);
#2385=ORIENTED_EDGE('',*,*,#1663,.F.);
#2386=ORIENTED_EDGE('',*,*,#1691,.F.);
#2387=ORIENTED_EDGE('',*,*,#1692,.F.);
#2388=ORIENTED_EDGE('',*,*,#1691,.T.);
#2389=ORIENTED_EDGE('',*,*,#1662,.F.);
#2390=ORIENTED_EDGE('',*,*,#1693,.F.);
#2391=ORIENTED_EDGE('',*,*,#1694,.F.);
#2392=ORIENTED_EDGE('',*,*,#1693,.T.);
#2393=ORIENTED_EDGE('',*,*,#1661,.F.);
#2394=ORIENTED_EDGE('',*,*,#1695,.F.);
#2395=ORIENTED_EDGE('',*,*,#1696,.F.);
#2396=ORIENTED_EDGE('',*,*,#1695,.T.);
#2397=ORIENTED_EDGE('',*,*,#1660,.F.);
#2398=ORIENTED_EDGE('',*,*,#1697,.F.);
#2399=ORIENTED_EDGE('',*,*,#1698,.F.);
#2400=ORIENTED_EDGE('',*,*,#1697,.T.);
#2401=ORIENTED_EDGE('',*,*,#1659,.F.);
#2402=ORIENTED_EDGE('',*,*,#1699,.F.);
#2403=ORIENTED_EDGE('',*,*,#1700,.F.);
#2404=ORIENTED_EDGE('',*,*,#1699,.T.);
#2405=ORIENTED_EDGE('',*,*,#1658,.F.);
#2406=ORIENTED_EDGE('',*,*,#1701,.F.);
#2407=ORIENTED_EDGE('',*,*,#1669,.F.);
#2408=ORIENTED_EDGE('',*,*,#1701,.T.);
#2409=ORIENTED_EDGE('',*,*,#1657,.F.);
#2410=ORIENTED_EDGE('',*,*,#1702,.T.);
#2411=ORIENTED_EDGE('',*,*,#1677,.F.);
#2412=ORIENTED_EDGE('',*,*,#1670,.F.);
#2413=ORIENTED_EDGE('',*,*,#1665,.F.);
#2414=ORIENTED_EDGE('',*,*,#1702,.F.);
#2415=ORIENTED_EDGE('',*,*,#1656,.F.);
#2416=ORIENTED_EDGE('',*,*,#1703,.T.);
#2417=ORIENTED_EDGE('',*,*,#1678,.F.);
#2418=ORIENTED_EDGE('',*,*,#1703,.F.);
#2419=ORIENTED_EDGE('',*,*,#1655,.F.);
#2420=ORIENTED_EDGE('',*,*,#1704,.F.);
#2421=ORIENTED_EDGE('',*,*,#1705,.F.);
#2422=ORIENTED_EDGE('',*,*,#1667,.F.);
#2423=ORIENTED_EDGE('',*,*,#1672,.T.);
#2424=ORIENTED_EDGE('',*,*,#1679,.F.);
#2425=ORIENTED_EDGE('',*,*,#1706,.F.);
#2426=ORIENTED_EDGE('',*,*,#1704,.T.);
#2427=ORIENTED_EDGE('',*,*,#1654,.F.);
#2428=ORIENTED_EDGE('',*,*,#1707,.F.);
#2429=ORIENTED_EDGE('',*,*,#1708,.F.);
#2430=ORIENTED_EDGE('',*,*,#1707,.T.);
#2431=ORIENTED_EDGE('',*,*,#1653,.F.);
#2432=ORIENTED_EDGE('',*,*,#1709,.F.);
#2433=ORIENTED_EDGE('',*,*,#1710,.F.);
#2434=ORIENTED_EDGE('',*,*,#1709,.T.);
#2435=ORIENTED_EDGE('',*,*,#1652,.F.);
#2436=ORIENTED_EDGE('',*,*,#1711,.F.);
#2437=ORIENTED_EDGE('',*,*,#1712,.F.);
#2438=ORIENTED_EDGE('',*,*,#1711,.T.);
#2439=ORIENTED_EDGE('',*,*,#1651,.F.);
#2440=ORIENTED_EDGE('',*,*,#1713,.F.);
#2441=ORIENTED_EDGE('',*,*,#1714,.F.);
#2442=ORIENTED_EDGE('',*,*,#1713,.T.);
#2443=ORIENTED_EDGE('',*,*,#1650,.F.);
#2444=ORIENTED_EDGE('',*,*,#1715,.F.);
#2445=ORIENTED_EDGE('',*,*,#1716,.F.);
#2446=ORIENTED_EDGE('',*,*,#1715,.T.);
#2447=ORIENTED_EDGE('',*,*,#1649,.F.);
#2448=ORIENTED_EDGE('',*,*,#1717,.F.);
#2449=ORIENTED_EDGE('',*,*,#1718,.F.);
#2450=ORIENTED_EDGE('',*,*,#1717,.T.);
#2451=ORIENTED_EDGE('',*,*,#1648,.F.);
#2452=ORIENTED_EDGE('',*,*,#1719,.F.);
#2453=ORIENTED_EDGE('',*,*,#1626,.T.);
#2454=ORIENTED_EDGE('',*,*,#1720,.F.);
#2455=ORIENTED_EDGE('',*,*,#1719,.T.);
#2456=ORIENTED_EDGE('',*,*,#1647,.F.);
#2457=ORIENTED_EDGE('',*,*,#1640,.F.);
#2458=ORIENTED_EDGE('',*,*,#1643,.T.);
#2459=ORIENTED_EDGE('',*,*,#1646,.F.);
#2460=ORIENTED_EDGE('',*,*,#1637,.F.);
#2461=ORIENTED_EDGE('',*,*,#1721,.F.);
#2462=ORIENTED_EDGE('',*,*,#1722,.F.);
#2463=ORIENTED_EDGE('',*,*,#1623,.F.);
#2464=ORIENTED_EDGE('',*,*,#1526,.F.);
#2465=ORIENTED_EDGE('',*,*,#1721,.T.);
#2466=ORIENTED_EDGE('',*,*,#1529,.T.);
#2467=ORIENTED_EDGE('',*,*,#1644,.F.);
#2468=ORIENTED_EDGE('',*,*,#1723,.F.);
#2469=ORIENTED_EDGE('',*,*,#1722,.T.);
#2470=ORIENTED_EDGE('',*,*,#1723,.T.);
#2471=ORIENTED_EDGE('',*,*,#1645,.F.);
#2472=ORIENTED_EDGE('',*,*,#1624,.F.);
#2473=ORIENTED_EDGE('',*,*,#1629,.F.);
#2474=ORIENTED_EDGE('',*,*,#1636,.T.);
#2475=ORIENTED_EDGE('',*,*,#1688,.T.);
#2476=ORIENTED_EDGE('',*,*,#1690,.T.);
#2477=ORIENTED_EDGE('',*,*,#1692,.T.);
#2478=ORIENTED_EDGE('',*,*,#1694,.T.);
#2479=ORIENTED_EDGE('',*,*,#1696,.T.);
#2480=ORIENTED_EDGE('',*,*,#1698,.T.);
#2481=ORIENTED_EDGE('',*,*,#1700,.T.);
#2482=ORIENTED_EDGE('',*,*,#1668,.F.);
#2483=ORIENTED_EDGE('',*,*,#1705,.T.);
#2484=ORIENTED_EDGE('',*,*,#1706,.T.);
#2485=ORIENTED_EDGE('',*,*,#1708,.T.);
#2486=ORIENTED_EDGE('',*,*,#1710,.T.);
#2487=ORIENTED_EDGE('',*,*,#1712,.T.);
#2488=ORIENTED_EDGE('',*,*,#1714,.T.);
#2489=ORIENTED_EDGE('',*,*,#1716,.T.);
#2490=ORIENTED_EDGE('',*,*,#1718,.T.);
#2491=ORIENTED_EDGE('',*,*,#1720,.T.);
#2492=CYLINDRICAL_SURFACE('',#2877,0.0393700787401575);
#2493=CYLINDRICAL_SURFACE('',#2883,0.0393700787401575);
#2494=CYLINDRICAL_SURFACE('',#2895,0.0393700787401575);
#2495=CYLINDRICAL_SURFACE('',#2905,0.0393700787401575);
#2496=CYLINDRICAL_SURFACE('',#2908,0.0393700787401579);
#2497=CYLINDRICAL_SURFACE('',#2911,0.0393700787401572);
#2498=CYLINDRICAL_SURFACE('',#2914,0.0393700787401578);
#2499=CYLINDRICAL_SURFACE('',#2919,0.0393700787401575);
#2500=CYLINDRICAL_SURFACE('',#2922,0.0393700787401577);
#2501=CYLINDRICAL_SURFACE('',#2925,0.039370078740158);
#2502=CYLINDRICAL_SURFACE('',#2928,0.0393700787401577);
#2503=CYLINDRICAL_SURFACE('',#2932,0.0393700787401575);
#2504=CYLINDRICAL_SURFACE('',#2938,0.0393700787401575);
#2505=CYLINDRICAL_SURFACE('',#2950,0.0393700787401575);
#2506=CYLINDRICAL_SURFACE('',#2960,0.0393700787401575);
#2507=CYLINDRICAL_SURFACE('',#2963,0.0393700787401579);
#2508=CYLINDRICAL_SURFACE('',#2966,0.0393700787401572);
#2509=CYLINDRICAL_SURFACE('',#2969,0.0393700787401578);
#2510=CYLINDRICAL_SURFACE('',#2974,0.0393700787401575);
#2511=CYLINDRICAL_SURFACE('',#2977,0.0393700787401577);
#2512=CYLINDRICAL_SURFACE('',#2980,0.039370078740158);
#2513=CYLINDRICAL_SURFACE('',#2983,0.0393700787401577);
#2514=CYLINDRICAL_SURFACE('',#2988,0.0393700787401575);
#2515=CYLINDRICAL_SURFACE('',#2994,0.0393700787401575);
#2516=CYLINDRICAL_SURFACE('',#3006,0.0393700787401575);
#2517=CYLINDRICAL_SURFACE('',#3016,0.0393700787401575);
#2518=CYLINDRICAL_SURFACE('',#3019,0.0393700787401579);
#2519=CYLINDRICAL_SURFACE('',#3022,0.0393700787401572);
#2520=CYLINDRICAL_SURFACE('',#3025,0.0393700787401578);
#2521=CYLINDRICAL_SURFACE('',#3030,0.0393700787401575);
#2522=CYLINDRICAL_SURFACE('',#3033,0.0393700787401577);
#2523=CYLINDRICAL_SURFACE('',#3036,0.039370078740158);
#2524=CYLINDRICAL_SURFACE('',#3039,0.0393700787401577);
#2525=CYLINDRICAL_SURFACE('',#3044,0.0393700787401575);
#2526=CYLINDRICAL_SURFACE('',#3050,0.0393700787401575);
#2527=CYLINDRICAL_SURFACE('',#3063,0.0393700787401575);
#2528=CYLINDRICAL_SURFACE('',#3073,0.0393700787401575);
#2529=CYLINDRICAL_SURFACE('',#3076,0.0393700787401579);
#2530=CYLINDRICAL_SURFACE('',#3079,0.0393700787401572);
#2531=CYLINDRICAL_SURFACE('',#3082,0.0393700787401578);
#2532=CYLINDRICAL_SURFACE('',#3087,0.0393700787401575);
#2533=CYLINDRICAL_SURFACE('',#3090,0.0393700787401577);
#2534=CYLINDRICAL_SURFACE('',#3093,0.039370078740158);
#2535=CYLINDRICAL_SURFACE('',#3096,0.0393700787401577);
#2536=STYLED_ITEM('',(#2840),#2675);
#2537=STYLED_ITEM('',(#2840),#2676);
#2538=STYLED_ITEM('',(#2840),#2677);
#2539=STYLED_ITEM('',(#2840),#2678);
#2540=STYLED_ITEM('',(#2840),#2679);
#2541=STYLED_ITEM('',(#2840),#2680);
#2542=STYLED_ITEM('',(#2840),#2681);
#2543=STYLED_ITEM('',(#2840),#2682);
#2544=STYLED_ITEM('',(#2840),#2683);
#2545=STYLED_ITEM('',(#2840),#2684);
#2546=STYLED_ITEM('',(#2840),#2685);
#2547=STYLED_ITEM('',(#2840),#2686);
#2548=STYLED_ITEM('',(#2840),#2687);
#2549=STYLED_ITEM('',(#2840),#2688);
#2550=STYLED_ITEM('',(#2840),#2689);
#2551=STYLED_ITEM('',(#2840),#2690);
#2552=STYLED_ITEM('',(#2840),#2691);
#2553=STYLED_ITEM('',(#2840),#2692);
#2554=STYLED_ITEM('',(#2840),#2693);
#2555=STYLED_ITEM('',(#2840),#2694);
#2556=STYLED_ITEM('',(#2840),#2695);
#2557=STYLED_ITEM('',(#2840),#2696);
#2558=STYLED_ITEM('',(#2840),#2697);
#2559=STYLED_ITEM('',(#2840),#2698);
#2560=STYLED_ITEM('',(#2840),#2699);
#2561=STYLED_ITEM('',(#2840),#2700);
#2562=STYLED_ITEM('',(#2840),#2701);
#2563=STYLED_ITEM('',(#2840),#2702);
#2564=STYLED_ITEM('',(#2840),#2703);
#2565=STYLED_ITEM('',(#2840),#2704);
#2566=STYLED_ITEM('',(#2840),#2705);
#2567=STYLED_ITEM('',(#2840),#2706);
#2568=STYLED_ITEM('',(#2840),#2707);
#2569=STYLED_ITEM('',(#2840),#2708);
#2570=STYLED_ITEM('',(#2840),#2709);
#2571=STYLED_ITEM('',(#2840),#2710);
#2572=STYLED_ITEM('',(#2840),#2711);
#2573=STYLED_ITEM('',(#2840),#2712);
#2574=STYLED_ITEM('',(#2840),#2713);
#2575=STYLED_ITEM('',(#2840),#2714);
#2576=STYLED_ITEM('',(#2840),#2715);
#2577=STYLED_ITEM('',(#2840),#2716);
#2578=STYLED_ITEM('',(#2840),#2717);
#2579=STYLED_ITEM('',(#2840),#2718);
#2580=STYLED_ITEM('',(#2840),#2719);
#2581=STYLED_ITEM('',(#2840),#2720);
#2582=STYLED_ITEM('',(#2840),#2721);
#2583=STYLED_ITEM('',(#2840),#2722);
#2584=STYLED_ITEM('',(#2840),#2723);
#2585=STYLED_ITEM('',(#2840),#2724);
#2586=STYLED_ITEM('',(#2840),#2725);
#2587=STYLED_ITEM('',(#2840),#2726);
#2588=STYLED_ITEM('',(#2840),#2727);
#2589=STYLED_ITEM('',(#2840),#2728);
#2590=STYLED_ITEM('',(#2840),#2729);
#2591=STYLED_ITEM('',(#2840),#2730);
#2592=STYLED_ITEM('',(#2840),#2731);
#2593=STYLED_ITEM('',(#2840),#2732);
#2594=STYLED_ITEM('',(#2840),#2733);
#2595=STYLED_ITEM('',(#2840),#2734);
#2596=STYLED_ITEM('',(#2840),#2735);
#2597=STYLED_ITEM('',(#2840),#2736);
#2598=STYLED_ITEM('',(#2840),#2737);
#2599=STYLED_ITEM('',(#2840),#2738);
#2600=STYLED_ITEM('',(#2840),#2739);
#2601=STYLED_ITEM('',(#2840),#2740);
#2602=STYLED_ITEM('',(#2840),#2741);
#2603=STYLED_ITEM('',(#2840),#2742);
#2604=STYLED_ITEM('',(#2840),#2743);
#2605=STYLED_ITEM('',(#2840),#2744);
#2606=STYLED_ITEM('',(#2840),#2745);
#2607=STYLED_ITEM('',(#2840),#2746);
#2608=STYLED_ITEM('',(#2840),#2747);
#2609=STYLED_ITEM('',(#2840),#2748);
#2610=STYLED_ITEM('',(#2840),#2749);
#2611=STYLED_ITEM('',(#2840),#2750);
#2612=STYLED_ITEM('',(#2840),#2751);
#2613=STYLED_ITEM('',(#2840),#2752);
#2614=STYLED_ITEM('',(#2840),#2753);
#2615=STYLED_ITEM('',(#2840),#2754);
#2616=STYLED_ITEM('',(#2840),#2755);
#2617=STYLED_ITEM('',(#2840),#2756);
#2618=STYLED_ITEM('',(#2840),#2757);
#2619=STYLED_ITEM('',(#2840),#2758);
#2620=STYLED_ITEM('',(#2840),#2759);
#2621=STYLED_ITEM('',(#2840),#2760);
#2622=STYLED_ITEM('',(#2840),#2761);
#2623=STYLED_ITEM('',(#2840),#2762);
#2624=STYLED_ITEM('',(#2840),#2763);
#2625=STYLED_ITEM('',(#2840),#2764);
#2626=STYLED_ITEM('',(#2840),#2765);
#2627=STYLED_ITEM('',(#2840),#2766);
#2628=STYLED_ITEM('',(#2840),#2767);
#2629=STYLED_ITEM('',(#2840),#2768);
#2630=STYLED_ITEM('',(#2840),#2769);
#2631=STYLED_ITEM('',(#2840),#2770);
#2632=STYLED_ITEM('',(#2840),#2771);
#2633=STYLED_ITEM('',(#2840),#2772);
#2634=STYLED_ITEM('',(#2840),#2773);
#2635=STYLED_ITEM('',(#2840),#2774);
#2636=STYLED_ITEM('',(#2840),#2775);
#2637=STYLED_ITEM('',(#2840),#2776);
#2638=STYLED_ITEM('',(#2840),#2777);
#2639=STYLED_ITEM('',(#2840),#2778);
#2640=STYLED_ITEM('',(#2840),#2779);
#2641=STYLED_ITEM('',(#2840),#2780);
#2642=STYLED_ITEM('',(#2840),#2781);
#2643=STYLED_ITEM('',(#2840),#2782);
#2644=STYLED_ITEM('',(#2840),#2783);
#2645=STYLED_ITEM('',(#2840),#2784);
#2646=STYLED_ITEM('',(#2840),#2785);
#2647=STYLED_ITEM('',(#2840),#2786);
#2648=STYLED_ITEM('',(#2840),#2787);
#2649=STYLED_ITEM('',(#2840),#2788);
#2650=STYLED_ITEM('',(#2840),#2789);
#2651=STYLED_ITEM('',(#2840),#2790);
#2652=STYLED_ITEM('',(#2840),#2791);
#2653=STYLED_ITEM('',(#2840),#2792);
#2654=STYLED_ITEM('',(#2840),#2793);
#2655=STYLED_ITEM('',(#2840),#2794);
#2656=STYLED_ITEM('',(#2840),#2795);
#2657=STYLED_ITEM('',(#2840),#2796);
#2658=STYLED_ITEM('',(#2840),#2797);
#2659=STYLED_ITEM('',(#2840),#2798);
#2660=STYLED_ITEM('',(#2840),#2799);
#2661=STYLED_ITEM('',(#2840),#2800);
#2662=STYLED_ITEM('',(#2840),#2801);
#2663=STYLED_ITEM('',(#2840),#2802);
#2664=STYLED_ITEM('',(#2840),#2803);
#2665=STYLED_ITEM('',(#2840),#2804);
#2666=STYLED_ITEM('',(#2840),#2805);
#2667=STYLED_ITEM('',(#2840),#2806);
#2668=STYLED_ITEM('',(#2840),#2807);
#2669=STYLED_ITEM('',(#2840),#2808);
#2670=STYLED_ITEM('',(#2840),#2809);
#2671=STYLED_ITEM('',(#2840),#2810);
#2672=STYLED_ITEM('',(#2840),#2811);
#2673=STYLED_ITEM('',(#2840),#2812);
#2674=STYLED_ITEM('',(#2839),#21);
#2675=ADVANCED_FACE('',(#128),#2492,.F.);
#2676=ADVANCED_FACE('',(#129),#34,.T.);
#2677=ADVANCED_FACE('',(#130),#35,.T.);
#2678=ADVANCED_FACE('',(#131),#2493,.T.);
#2679=ADVANCED_FACE('',(#132),#36,.T.);
#2680=ADVANCED_FACE('',(#133),#37,.F.);
#2681=ADVANCED_FACE('',(#134),#2494,.T.);
#2682=ADVANCED_FACE('',(#135),#38,.F.);
#2683=ADVANCED_FACE('',(#136,#22),#39,.F.);
#2684=ADVANCED_FACE('',(#137),#40,.T.);
#2685=ADVANCED_FACE('',(#138),#41,.T.);
#2686=ADVANCED_FACE('',(#139),#42,.T.);
#2687=ADVANCED_FACE('',(#140),#43,.T.);
#2688=ADVANCED_FACE('',(#141),#44,.T.);
#2689=ADVANCED_FACE('',(#142),#2495,.T.);
#2690=ADVANCED_FACE('',(#143),#45,.T.);
#2691=ADVANCED_FACE('',(#144),#2496,.T.);
#2692=ADVANCED_FACE('',(#145),#46,.T.);
#2693=ADVANCED_FACE('',(#146),#2497,.T.);
#2694=ADVANCED_FACE('',(#147),#47,.T.);
#2695=ADVANCED_FACE('',(#148),#2498,.T.);
#2696=ADVANCED_FACE('',(#149),#48,.T.);
#2697=ADVANCED_FACE('',(#150),#49,.T.);
#2698=ADVANCED_FACE('',(#151),#50,.T.);
#2699=ADVANCED_FACE('',(#152),#2499,.F.);
#2700=ADVANCED_FACE('',(#153),#51,.T.);
#2701=ADVANCED_FACE('',(#154),#2500,.F.);
#2702=ADVANCED_FACE('',(#155),#52,.T.);
#2703=ADVANCED_FACE('',(#156),#2501,.F.);
#2704=ADVANCED_FACE('',(#157),#53,.T.);
#2705=ADVANCED_FACE('',(#158),#2502,.F.);
#2706=ADVANCED_FACE('',(#159),#54,.T.);
#2707=ADVANCED_FACE('',(#160),#55,.T.);
#2708=ADVANCED_FACE('',(#161),#2503,.F.);
#2709=ADVANCED_FACE('',(#162),#56,.T.);
#2710=ADVANCED_FACE('',(#163),#57,.T.);
#2711=ADVANCED_FACE('',(#164),#2504,.T.);
#2712=ADVANCED_FACE('',(#165),#58,.T.);
#2713=ADVANCED_FACE('',(#166),#59,.F.);
#2714=ADVANCED_FACE('',(#167),#2505,.T.);
#2715=ADVANCED_FACE('',(#168),#60,.F.);
#2716=ADVANCED_FACE('',(#169,#23),#61,.F.);
#2717=ADVANCED_FACE('',(#170),#62,.T.);
#2718=ADVANCED_FACE('',(#171),#63,.T.);
#2719=ADVANCED_FACE('',(#172),#64,.T.);
#2720=ADVANCED_FACE('',(#173),#65,.T.);
#2721=ADVANCED_FACE('',(#174),#66,.T.);
#2722=ADVANCED_FACE('',(#175),#2506,.T.);
#2723=ADVANCED_FACE('',(#176),#67,.T.);
#2724=ADVANCED_FACE('',(#177),#2507,.T.);
#2725=ADVANCED_FACE('',(#178),#68,.T.);
#2726=ADVANCED_FACE('',(#179),#2508,.T.);
#2727=ADVANCED_FACE('',(#180),#69,.T.);
#2728=ADVANCED_FACE('',(#181),#2509,.T.);
#2729=ADVANCED_FACE('',(#182),#70,.T.);
#2730=ADVANCED_FACE('',(#183),#71,.T.);
#2731=ADVANCED_FACE('',(#184),#72,.T.);
#2732=ADVANCED_FACE('',(#185),#2510,.F.);
#2733=ADVANCED_FACE('',(#186),#73,.T.);
#2734=ADVANCED_FACE('',(#187),#2511,.F.);
#2735=ADVANCED_FACE('',(#188),#74,.T.);
#2736=ADVANCED_FACE('',(#189),#2512,.F.);
#2737=ADVANCED_FACE('',(#190),#75,.T.);
#2738=ADVANCED_FACE('',(#191),#2513,.F.);
#2739=ADVANCED_FACE('',(#192),#76,.T.);
#2740=ADVANCED_FACE('',(#193),#77,.T.);
#2741=ADVANCED_FACE('',(#194),#78,.T.);
#2742=ADVANCED_FACE('',(#195),#2514,.F.);
#2743=ADVANCED_FACE('',(#196),#79,.T.);
#2744=ADVANCED_FACE('',(#197),#80,.T.);
#2745=ADVANCED_FACE('',(#198),#2515,.T.);
#2746=ADVANCED_FACE('',(#199),#81,.T.);
#2747=ADVANCED_FACE('',(#200),#82,.F.);
#2748=ADVANCED_FACE('',(#201),#2516,.T.);
#2749=ADVANCED_FACE('',(#202),#83,.F.);
#2750=ADVANCED_FACE('',(#203,#24),#84,.F.);
#2751=ADVANCED_FACE('',(#204),#85,.T.);
#2752=ADVANCED_FACE('',(#205),#86,.T.);
#2753=ADVANCED_FACE('',(#206),#87,.T.);
#2754=ADVANCED_FACE('',(#207),#88,.T.);
#2755=ADVANCED_FACE('',(#208),#89,.T.);
#2756=ADVANCED_FACE('',(#209),#2517,.T.);
#2757=ADVANCED_FACE('',(#210),#90,.T.);
#2758=ADVANCED_FACE('',(#211),#2518,.T.);
#2759=ADVANCED_FACE('',(#212),#91,.T.);
#2760=ADVANCED_FACE('',(#213),#2519,.T.);
#2761=ADVANCED_FACE('',(#214),#92,.T.);
#2762=ADVANCED_FACE('',(#215),#2520,.T.);
#2763=ADVANCED_FACE('',(#216),#93,.T.);
#2764=ADVANCED_FACE('',(#217),#94,.T.);
#2765=ADVANCED_FACE('',(#218),#95,.T.);
#2766=ADVANCED_FACE('',(#219),#2521,.F.);
#2767=ADVANCED_FACE('',(#220),#96,.T.);
#2768=ADVANCED_FACE('',(#221),#2522,.F.);
#2769=ADVANCED_FACE('',(#222),#97,.T.);
#2770=ADVANCED_FACE('',(#223),#2523,.F.);
#2771=ADVANCED_FACE('',(#224),#98,.T.);
#2772=ADVANCED_FACE('',(#225),#2524,.F.);
#2773=ADVANCED_FACE('',(#226),#99,.T.);
#2774=ADVANCED_FACE('',(#227),#100,.T.);
#2775=ADVANCED_FACE('',(#228),#101,.T.);
#2776=ADVANCED_FACE('',(#229),#2525,.F.);
#2777=ADVANCED_FACE('',(#230),#102,.T.);
#2778=ADVANCED_FACE('',(#231),#103,.T.);
#2779=ADVANCED_FACE('',(#232),#2526,.T.);
#2780=ADVANCED_FACE('',(#233),#104,.T.);
#2781=ADVANCED_FACE('',(#234,#25,#26,#27,#28),#105,.T.);
#2782=ADVANCED_FACE('',(#235),#106,.F.);
#2783=ADVANCED_FACE('',(#236),#2527,.T.);
#2784=ADVANCED_FACE('',(#237),#107,.F.);
#2785=ADVANCED_FACE('',(#238,#29),#108,.F.);
#2786=ADVANCED_FACE('',(#239),#109,.T.);
#2787=ADVANCED_FACE('',(#240),#110,.T.);
#2788=ADVANCED_FACE('',(#241),#111,.T.);
#2789=ADVANCED_FACE('',(#242),#112,.T.);
#2790=ADVANCED_FACE('',(#243),#113,.T.);
#2791=ADVANCED_FACE('',(#244),#2528,.T.);
#2792=ADVANCED_FACE('',(#245),#114,.T.);
#2793=ADVANCED_FACE('',(#246),#2529,.T.);
#2794=ADVANCED_FACE('',(#247),#115,.T.);
#2795=ADVANCED_FACE('',(#248),#2530,.T.);
#2796=ADVANCED_FACE('',(#249),#116,.T.);
#2797=ADVANCED_FACE('',(#250),#2531,.T.);
#2798=ADVANCED_FACE('',(#251),#117,.T.);
#2799=ADVANCED_FACE('',(#252),#118,.T.);
#2800=ADVANCED_FACE('',(#253),#119,.T.);
#2801=ADVANCED_FACE('',(#254),#2532,.F.);
#2802=ADVANCED_FACE('',(#255),#120,.T.);
#2803=ADVANCED_FACE('',(#256),#2533,.F.);
#2804=ADVANCED_FACE('',(#257),#121,.T.);
#2805=ADVANCED_FACE('',(#258),#2534,.F.);
#2806=ADVANCED_FACE('',(#259),#122,.T.);
#2807=ADVANCED_FACE('',(#260),#2535,.F.);
#2808=ADVANCED_FACE('',(#261),#123,.T.);
#2809=ADVANCED_FACE('',(#262),#124,.F.);
#2810=ADVANCED_FACE('',(#263),#125,.T.);
#2811=ADVANCED_FACE('',(#264),#126,.T.);
#2812=ADVANCED_FACE('',(#265),#127,.T.);
#2813=CLOSED_SHELL('',(#2675,#2676,#2677,#2678,#2679,#2680,#2681,#2682,
#2683,#2684,#2685,#2686,#2687,#2688,#2689,#2690,#2691,#2692,#2693,#2694,
#2695,#2696,#2697,#2698,#2699,#2700,#2701,#2702,#2703,#2704,#2705,#2706,
#2707,#2708,#2709,#2710,#2711,#2712,#2713,#2714,#2715,#2716,#2717,#2718,
#2719,#2720,#2721,#2722,#2723,#2724,#2725,#2726,#2727,#2728,#2729,#2730,
#2731,#2732,#2733,#2734,#2735,#2736,#2737,#2738,#2739,#2740,#2741,#2742,
#2743,#2744,#2745,#2746,#2747,#2748,#2749,#2750,#2751,#2752,#2753,#2754,
#2755,#2756,#2757,#2758,#2759,#2760,#2761,#2762,#2763,#2764,#2765,#2766,
#2767,#2768,#2769,#2770,#2771,#2772,#2773,#2774,#2775,#2776,#2777,#2778,
#2779,#2780,#2781,#2782,#2783,#2784,#2785,#2786,#2787,#2788,#2789,#2790,
#2791,#2792,#2793,#2794,#2795,#2796,#2797,#2798,#2799,#2800,#2801,#2802,
#2803,#2804,#2805,#2806,#2807,#2808,#2809,#2810,#2811,#2812));
#2814=DERIVED_UNIT_ELEMENT(#2818,1.);
#2815=DERIVED_UNIT_ELEMENT(#4691,-3.);
#2816=DERIVED_UNIT_ELEMENT(#2818,1.);
#2817=DERIVED_UNIT_ELEMENT(#4691,-3.);
#2818=(
CONVERSION_BASED_UNIT('gram',#2820)
MASS_UNIT()
NAMED_UNIT(#4688)
);
#2819=(
MASS_UNIT()
NAMED_UNIT(*)
SI_UNIT(.KILO.,.GRAM.)
);
#2820=MASS_MEASURE_WITH_UNIT(MASS_MEASURE(0.001),#2819);
#2821=DERIVED_UNIT((#2814,#2815));
#2822=DERIVED_UNIT((#2816,#2817));
#2823=MEASURE_REPRESENTATION_ITEM('density measure',
POSITIVE_RATIO_MEASURE(1.),#2821);
#2824=MEASURE_REPRESENTATION_ITEM('density measure',
POSITIVE_RATIO_MEASURE(1.),#2822);
#2825=PROPERTY_DEFINITION_REPRESENTATION(#2835,#2829);
#2826=PROPERTY_DEFINITION_REPRESENTATION(#2836,#2830);
#2827=PROPERTY_DEFINITION_REPRESENTATION(#2837,#2831);
#2828=PROPERTY_DEFINITION_REPRESENTATION(#2838,#2832);
#2829=REPRESENTATION('material name',(#2833),#4684);
#2830=REPRESENTATION('density',(#2823),#4684);
#2831=REPRESENTATION('material name',(#2834),#4685);
#2832=REPRESENTATION('density',(#2824),#4685);
#2833=DESCRIPTIVE_REPRESENTATION_ITEM('Generic','Generic');
#2834=DESCRIPTIVE_REPRESENTATION_ITEM('Generic','Generic');
#2835=PROPERTY_DEFINITION('material property','material name',#4708);
#2836=PROPERTY_DEFINITION('material property','density of part',#4708);
#2837=PROPERTY_DEFINITION('material property','material name',#4709);
#2838=PROPERTY_DEFINITION('material property','density of part',#4709);
#2839=PRESENTATION_STYLE_ASSIGNMENT((#2841));
#2840=PRESENTATION_STYLE_ASSIGNMENT((#2842));
#2841=SURFACE_STYLE_USAGE(.BOTH.,#2847);
#2842=SURFACE_STYLE_USAGE(.BOTH.,#2848);
#2843=SURFACE_STYLE_RENDERING_WITH_PROPERTIES($,#2855,(#2845));
#2844=SURFACE_STYLE_RENDERING_WITH_PROPERTIES($,#2856,(#2846));
#2845=SURFACE_STYLE_TRANSPARENT(0.);
#2846=SURFACE_STYLE_TRANSPARENT(0.339999973773956);
#2847=SURFACE_SIDE_STYLE('',(#2849,#2843));
#2848=SURFACE_SIDE_STYLE('',(#2850,#2844));
#2849=SURFACE_STYLE_FILL_AREA(#2851);
#2850=SURFACE_STYLE_FILL_AREA(#2852);
#2851=FILL_AREA_STYLE('',(#2853));
#2852=FILL_AREA_STYLE('',(#2854));
#2853=FILL_AREA_STYLE_COLOUR('',#2855);
#2854=FILL_AREA_STYLE_COLOUR('',#2856);
#2855=COLOUR_RGB('',0.749019607843137,0.749019607843137,0.749019607843137);
#2856=COLOUR_RGB('',0.925490196078431,0.945098039215686,0.937254901960784);
#2857=DATE_TIME_ROLE('creation_date');
#2858=DATE_TIME_ROLE('creation_date');
#2859=DATE_TIME_ROLE('creation_date');
#2860=APPLIED_DATE_AND_TIME_ASSIGNMENT(#2863,#2857,(#4707));
#2861=APPLIED_DATE_AND_TIME_ASSIGNMENT(#2864,#2858,(#4708));
#2862=APPLIED_DATE_AND_TIME_ASSIGNMENT(#2865,#2859,(#4709));
#2863=DATE_AND_TIME(#2866,#2869);
#2864=DATE_AND_TIME(#2867,#2870);
#2865=DATE_AND_TIME(#2868,#2871);
#2866=CALENDAR_DATE(2026,4,6);
#2867=CALENDAR_DATE(2026,4,6);
#2868=CALENDAR_DATE(2026,4,6);
#2869=LOCAL_TIME(0,0,0.,#2872);
#2870=LOCAL_TIME(0,0,0.,#2873);
#2871=LOCAL_TIME(0,0,0.,#2874);
#2872=COORDINATED_UNIVERSAL_TIME_OFFSET(0,0,.BEHIND.);
#2873=COORDINATED_UNIVERSAL_TIME_OFFSET(0,0,.BEHIND.);
#2874=COORDINATED_UNIVERSAL_TIME_OFFSET(0,0,.BEHIND.);
#2875=AXIS2_PLACEMENT_3D('',#3860,#3106,#3107);
#2876=AXIS2_PLACEMENT_3D('',#3861,#3108,#3109);
#2877=AXIS2_PLACEMENT_3D('',#3862,#3110,#3111);
#2878=AXIS2_PLACEMENT_3D('',#3865,#3112,#3113);
#2879=AXIS2_PLACEMENT_3D('',#3869,#3115,#3116);
#2880=AXIS2_PLACEMENT_3D('',#3871,#3118,#3119);
#2881=AXIS2_PLACEMENT_3D('',#3879,#3123,#3124);
#2882=AXIS2_PLACEMENT_3D('',#3885,#3128,#3129);
#2883=AXIS2_PLACEMENT_3D('',#3889,#3132,#3133);
#2884=AXIS2_PLACEMENT_3D('',#3893,#3135,#3136);
#2885=AXIS2_PLACEMENT_3D('',#3895,#3138,#3139);
#2886=AXIS2_PLACEMENT_3D('',#3899,#3142,#3143);
#2887=AXIS2_PLACEMENT_3D('',#3903,#3145,#3146);
#2888=AXIS2_PLACEMENT_3D('',#3907,#3148,#3149);
#2889=AXIS2_PLACEMENT_3D('',#3911,#3151,#3152);
#2890=AXIS2_PLACEMENT_3D('',#3915,#3154,#3155);
#2891=AXIS2_PLACEMENT_3D('',#3923,#3159,#3160);
#2892=AXIS2_PLACEMENT_3D('',#3927,#3162,#3163);
#2893=AXIS2_PLACEMENT_3D('',#3931,#3165,#3166);
#2894=AXIS2_PLACEMENT_3D('',#3934,#3168,#3169);
#2895=AXIS2_PLACEMENT_3D('',#3935,#3170,#3171);
#2896=AXIS2_PLACEMENT_3D('',#3938,#3172,#3173);
#2897=AXIS2_PLACEMENT_3D('',#3942,#3175,#3176);
#2898=AXIS2_PLACEMENT_3D('',#3955,#3178,#3179);
#2899=AXIS2_PLACEMENT_3D('',#3961,#3183,#3184);
#2900=AXIS2_PLACEMENT_3D('',#3975,#3192,#3193);
#2901=AXIS2_PLACEMENT_3D('',#3981,#3197,#3198);
#2902=AXIS2_PLACEMENT_3D('',#3985,#3201,#3202);
#2903=AXIS2_PLACEMENT_3D('',#3989,#3205,#3206);
#2904=AXIS2_PLACEMENT_3D('',#3991,#3208,#3209);
#2905=AXIS2_PLACEMENT_3D('',#3992,#3210,#3211);
#2906=AXIS2_PLACEMENT_3D('',#3994,#3212,#3213);
#2907=AXIS2_PLACEMENT_3D('',#3996,#3215,#3216);
#2908=AXIS2_PLACEMENT_3D('',#4000,#3219,#3220);
#2909=AXIS2_PLACEMENT_3D('',#4002,#3221,#3222);
#2910=AXIS2_PLACEMENT_3D('',#4004,#3224,#3225);
#2911=AXIS2_PLACEMENT_3D('',#4008,#3228,#3229);
#2912=AXIS2_PLACEMENT_3D('',#4010,#3230,#3231);
#2913=AXIS2_PLACEMENT_3D('',#4012,#3233,#3234);
#2914=AXIS2_PLACEMENT_3D('',#4016,#3237,#3238);
#2915=AXIS2_PLACEMENT_3D('',#4017,#3239,#3240);
#2916=AXIS2_PLACEMENT_3D('',#4019,#3242,#3243);
#2917=AXIS2_PLACEMENT_3D('',#4021,#3245,#3246);
#2918=AXIS2_PLACEMENT_3D('',#4023,#3248,#3249);
#2919=AXIS2_PLACEMENT_3D('',#4027,#3252,#3253);
#2920=AXIS2_PLACEMENT_3D('',#4029,#3254,#3255);
#2921=AXIS2_PLACEMENT_3D('',#4031,#3257,#3258);
#2922=AXIS2_PLACEMENT_3D('',#4035,#3261,#3262);
#2923=AXIS2_PLACEMENT_3D('',#4037,#3263,#3264);
#2924=AXIS2_PLACEMENT_3D('',#4039,#3266,#3267);
#2925=AXIS2_PLACEMENT_3D('',#4043,#3270,#3271);
#2926=AXIS2_PLACEMENT_3D('',#4045,#3272,#3273);
#2927=AXIS2_PLACEMENT_3D('',#4047,#3275,#3276);
#2928=AXIS2_PLACEMENT_3D('',#4051,#3279,#3280);
#2929=AXIS2_PLACEMENT_3D('',#4053,#3281,#3282);
#2930=AXIS2_PLACEMENT_3D('',#4055,#3284,#3285);
#2931=AXIS2_PLACEMENT_3D('',#4058,#3288,#3289);
#2932=AXIS2_PLACEMENT_3D('',#4059,#3290,#3291);
#2933=AXIS2_PLACEMENT_3D('',#4062,#3292,#3293);
#2934=AXIS2_PLACEMENT_3D('',#4066,#3295,#3296);
#2935=AXIS2_PLACEMENT_3D('',#4068,#3298,#3299);
#2936=AXIS2_PLACEMENT_3D('',#4076,#3303,#3304);
#2937=AXIS2_PLACEMENT_3D('',#4082,#3308,#3309);
#2938=AXIS2_PLACEMENT_3D('',#4086,#3312,#3313);
#2939=AXIS2_PLACEMENT_3D('',#4090,#3315,#3316);
#2940=AXIS2_PLACEMENT_3D('',#4092,#3318,#3319);
#2941=AXIS2_PLACEMENT_3D('',#4096,#3322,#3323);
#2942=AXIS2_PLACEMENT_3D('',#4100,#3325,#3326);
#2943=AXIS2_PLACEMENT_3D('',#4104,#3328,#3329);
#2944=AXIS2_PLACEMENT_3D('',#4108,#3331,#3332);
#2945=AXIS2_PLACEMENT_3D('',#4112,#3334,#3335);
#2946=AXIS2_PLACEMENT_3D('',#4120,#3339,#3340);
#2947=AXIS2_PLACEMENT_3D('',#4124,#3342,#3343);
#2948=AXIS2_PLACEMENT_3D('',#4128,#3345,#3346);
#2949=AXIS2_PLACEMENT_3D('',#4131,#3348,#3349);
#2950=AXIS2_PLACEMENT_3D('',#4132,#3350,#3351);
#2951=AXIS2_PLACEMENT_3D('',#4135,#3352,#3353);
#2952=AXIS2_PLACEMENT_3D('',#4139,#3355,#3356);
#2953=AXIS2_PLACEMENT_3D('',#4152,#3358,#3359);
#2954=AXIS2_PLACEMENT_3D('',#4158,#3363,#3364);
#2955=AXIS2_PLACEMENT_3D('',#4172,#3372,#3373);
#2956=AXIS2_PLACEMENT_3D('',#4178,#3377,#3378);
#2957=AXIS2_PLACEMENT_3D('',#4182,#3381,#3382);
#2958=AXIS2_PLACEMENT_3D('',#4186,#3385,#3386);
#2959=AXIS2_PLACEMENT_3D('',#4188,#3388,#3389);
#2960=AXIS2_PLACEMENT_3D('',#4189,#3390,#3391);
#2961=AXIS2_PLACEMENT_3D('',#4191,#3392,#3393);
#2962=AXIS2_PLACEMENT_3D('',#4193,#3395,#3396);
#2963=AXIS2_PLACEMENT_3D('',#4197,#3399,#3400);
#2964=AXIS2_PLACEMENT_3D('',#4199,#3401,#3402);
#2965=AXIS2_PLACEMENT_3D('',#4201,#3404,#3405);
#2966=AXIS2_PLACEMENT_3D('',#4205,#3408,#3409);
#2967=AXIS2_PLACEMENT_3D('',#4207,#3410,#3411);
#2968=AXIS2_PLACEMENT_3D('',#4209,#3413,#3414);
#2969=AXIS2_PLACEMENT_3D('',#4213,#3417,#3418);
#2970=AXIS2_PLACEMENT_3D('',#4214,#3419,#3420);
#2971=AXIS2_PLACEMENT_3D('',#4216,#3422,#3423);
#2972=AXIS2_PLACEMENT_3D('',#4218,#3425,#3426);
#2973=AXIS2_PLACEMENT_3D('',#4220,#3428,#3429);
#2974=AXIS2_PLACEMENT_3D('',#4224,#3432,#3433);
#2975=AXIS2_PLACEMENT_3D('',#4226,#3434,#3435);
#2976=AXIS2_PLACEMENT_3D('',#4228,#3437,#3438);
#2977=AXIS2_PLACEMENT_3D('',#4232,#3441,#3442);
#2978=AXIS2_PLACEMENT_3D('',#4234,#3443,#3444);
#2979=AXIS2_PLACEMENT_3D('',#4236,#3446,#3447);
#2980=AXIS2_PLACEMENT_3D('',#4240,#3450,#3451);
#2981=AXIS2_PLACEMENT_3D('',#4242,#3452,#3453);
#2982=AXIS2_PLACEMENT_3D('',#4244,#3455,#3456);
#2983=AXIS2_PLACEMENT_3D('',#4248,#3459,#3460);
#2984=AXIS2_PLACEMENT_3D('',#4250,#3461,#3462);
#2985=AXIS2_PLACEMENT_3D('',#4252,#3464,#3465);
#2986=AXIS2_PLACEMENT_3D('',#4255,#3468,#3469);
#2987=AXIS2_PLACEMENT_3D('',#4264,#3474,#3475);
#2988=AXIS2_PLACEMENT_3D('',#4265,#3476,#3477);
#2989=AXIS2_PLACEMENT_3D('',#4268,#3478,#3479);
#2990=AXIS2_PLACEMENT_3D('',#4272,#3481,#3482);
#2991=AXIS2_PLACEMENT_3D('',#4274,#3484,#3485);
#2992=AXIS2_PLACEMENT_3D('',#4282,#3489,#3490);
#2993=AXIS2_PLACEMENT_3D('',#4288,#3494,#3495);
#2994=AXIS2_PLACEMENT_3D('',#4292,#3498,#3499);
#2995=AXIS2_PLACEMENT_3D('',#4296,#3501,#3502);
#2996=AXIS2_PLACEMENT_3D('',#4298,#3504,#3505);
#2997=AXIS2_PLACEMENT_3D('',#4302,#3508,#3509);
#2998=AXIS2_PLACEMENT_3D('',#4306,#3511,#3512);
#2999=AXIS2_PLACEMENT_3D('',#4310,#3514,#3515);
#3000=AXIS2_PLACEMENT_3D('',#4314,#3517,#3518);
#3001=AXIS2_PLACEMENT_3D('',#4318,#3520,#3521);
#3002=AXIS2_PLACEMENT_3D('',#4326,#3525,#3526);
#3003=AXIS2_PLACEMENT_3D('',#4330,#3528,#3529);
#3004=AXIS2_PLACEMENT_3D('',#4334,#3531,#3532);
#3005=AXIS2_PLACEMENT_3D('',#4337,#3534,#3535);
#3006=AXIS2_PLACEMENT_3D('',#4338,#3536,#3537);
#3007=AXIS2_PLACEMENT_3D('',#4341,#3538,#3539);
#3008=AXIS2_PLACEMENT_3D('',#4345,#3541,#3542);
#3009=AXIS2_PLACEMENT_3D('',#4358,#3544,#3545);
#3010=AXIS2_PLACEMENT_3D('',#4364,#3549,#3550);
#3011=AXIS2_PLACEMENT_3D('',#4378,#3558,#3559);
#3012=AXIS2_PLACEMENT_3D('',#4384,#3563,#3564);
#3013=AXIS2_PLACEMENT_3D('',#4388,#3567,#3568);
#3014=AXIS2_PLACEMENT_3D('',#4392,#3571,#3572);
#3015=AXIS2_PLACEMENT_3D('',#4394,#3574,#3575);
#3016=AXIS2_PLACEMENT_3D('',#4395,#3576,#3577);
#3017=AXIS2_PLACEMENT_3D('',#4397,#3578,#3579);
#3018=AXIS2_PLACEMENT_3D('',#4399,#3581,#3582);
#3019=AXIS2_PLACEMENT_3D('',#4403,#3585,#3586);
#3020=AXIS2_PLACEMENT_3D('',#4405,#3587,#3588);
#3021=AXIS2_PLACEMENT_3D('',#4407,#3590,#3591);
#3022=AXIS2_PLACEMENT_3D('',#4411,#3594,#3595);
#3023=AXIS2_PLACEMENT_3D('',#4413,#3596,#3597);
#3024=AXIS2_PLACEMENT_3D('',#4415,#3599,#3600);
#3025=AXIS2_PLACEMENT_3D('',#4419,#3603,#3604);
#3026=AXIS2_PLACEMENT_3D('',#4420,#3605,#3606);
#3027=AXIS2_PLACEMENT_3D('',#4422,#3608,#3609);
#3028=AXIS2_PLACEMENT_3D('',#4424,#3611,#3612);
#3029=AXIS2_PLACEMENT_3D('',#4426,#3614,#3615);
#3030=AXIS2_PLACEMENT_3D('',#4430,#3618,#3619);
#3031=AXIS2_PLACEMENT_3D('',#4432,#3620,#3621);
#3032=AXIS2_PLACEMENT_3D('',#4434,#3623,#3624);
#3033=AXIS2_PLACEMENT_3D('',#4438,#3627,#3628);
#3034=AXIS2_PLACEMENT_3D('',#4440,#3629,#3630);
#3035=AXIS2_PLACEMENT_3D('',#4442,#3632,#3633);
#3036=AXIS2_PLACEMENT_3D('',#4446,#3636,#3637);
#3037=AXIS2_PLACEMENT_3D('',#4448,#3638,#3639);
#3038=AXIS2_PLACEMENT_3D('',#4450,#3641,#3642);
#3039=AXIS2_PLACEMENT_3D('',#4454,#3645,#3646);
#3040=AXIS2_PLACEMENT_3D('',#4456,#3647,#3648);
#3041=AXIS2_PLACEMENT_3D('',#4458,#3650,#3651);
#3042=AXIS2_PLACEMENT_3D('',#4461,#3654,#3655);
#3043=AXIS2_PLACEMENT_3D('',#4467,#3659,#3660);
#3044=AXIS2_PLACEMENT_3D('',#4468,#3661,#3662);
#3045=AXIS2_PLACEMENT_3D('',#4471,#3663,#3664);
#3046=AXIS2_PLACEMENT_3D('',#4475,#3666,#3667);
#3047=AXIS2_PLACEMENT_3D('',#4477,#3669,#3670);
#3048=AXIS2_PLACEMENT_3D('',#4485,#3674,#3675);
#3049=AXIS2_PLACEMENT_3D('',#4491,#3679,#3680);
#3050=AXIS2_PLACEMENT_3D('',#4495,#3683,#3684);
#3051=AXIS2_PLACEMENT_3D('',#4499,#3686,#3687);
#3052=AXIS2_PLACEMENT_3D('',#4501,#3689,#3690);
#3053=AXIS2_PLACEMENT_3D('',#4505,#3693,#3694);
#3054=AXIS2_PLACEMENT_3D('',#4510,#3698,#3699);
#3055=AXIS2_PLACEMENT_3D('',#4514,#3701,#3702);
#3056=AXIS2_PLACEMENT_3D('',#4518,#3704,#3705);
#3057=AXIS2_PLACEMENT_3D('',#4522,#3707,#3708);
#3058=AXIS2_PLACEMENT_3D('',#4526,#3710,#3711);
#3059=AXIS2_PLACEMENT_3D('',#4534,#3715,#3716);
#3060=AXIS2_PLACEMENT_3D('',#4538,#3718,#3719);
#3061=AXIS2_PLACEMENT_3D('',#4542,#3721,#3722);
#3062=AXIS2_PLACEMENT_3D('',#4545,#3724,#3725);
#3063=AXIS2_PLACEMENT_3D('',#4546,#3726,#3727);
#3064=AXIS2_PLACEMENT_3D('',#4549,#3728,#3729);
#3065=AXIS2_PLACEMENT_3D('',#4553,#3731,#3732);
#3066=AXIS2_PLACEMENT_3D('',#4566,#3734,#3735);
#3067=AXIS2_PLACEMENT_3D('',#4572,#3739,#3740);
#3068=AXIS2_PLACEMENT_3D('',#4586,#3748,#3749);
#3069=AXIS2_PLACEMENT_3D('',#4592,#3753,#3754);
#3070=AXIS2_PLACEMENT_3D('',#4596,#3757,#3758);
#3071=AXIS2_PLACEMENT_3D('',#4600,#3761,#3762);
#3072=AXIS2_PLACEMENT_3D('',#4602,#3764,#3765);
#3073=AXIS2_PLACEMENT_3D('',#4603,#3766,#3767);
#3074=AXIS2_PLACEMENT_3D('',#4605,#3768,#3769);
#3075=AXIS2_PLACEMENT_3D('',#4607,#3771,#3772);
#3076=AXIS2_PLACEMENT_3D('',#4611,#3775,#3776);
#3077=AXIS2_PLACEMENT_3D('',#4613,#3777,#3778);
#3078=AXIS2_PLACEMENT_3D('',#4615,#3780,#3781);
#3079=AXIS2_PLACEMENT_3D('',#4619,#3784,#3785);
#3080=AXIS2_PLACEMENT_3D('',#4621,#3786,#3787);
#3081=AXIS2_PLACEMENT_3D('',#4623,#3789,#3790);
#3082=AXIS2_PLACEMENT_3D('',#4627,#3793,#3794);
#3083=AXIS2_PLACEMENT_3D('',#4628,#3795,#3796);
#3084=AXIS2_PLACEMENT_3D('',#4630,#3798,#3799);
#3085=AXIS2_PLACEMENT_3D('',#4632,#3801,#3802);
#3086=AXIS2_PLACEMENT_3D('',#4634,#3804,#3805);
#3087=AXIS2_PLACEMENT_3D('',#4638,#3808,#3809);
#3088=AXIS2_PLACEMENT_3D('',#4640,#3810,#3811);
#3089=AXIS2_PLACEMENT_3D('',#4642,#3813,#3814);
#3090=AXIS2_PLACEMENT_3D('',#4646,#3817,#3818);
#3091=AXIS2_PLACEMENT_3D('',#4648,#3819,#3820);
#3092=AXIS2_PLACEMENT_3D('',#4650,#3822,#3823);
#3093=AXIS2_PLACEMENT_3D('',#4654,#3826,#3827);
#3094=AXIS2_PLACEMENT_3D('',#4656,#3828,#3829);
#3095=AXIS2_PLACEMENT_3D('',#4658,#3831,#3832);
#3096=AXIS2_PLACEMENT_3D('',#4662,#3835,#3836);
#3097=AXIS2_PLACEMENT_3D('',#4664,#3837,#3838);
#3098=AXIS2_PLACEMENT_3D('',#4666,#3840,#3841);
#3099=AXIS2_PLACEMENT_3D('',#4668,#3843,#3844);
#3100=AXIS2_PLACEMENT_3D('',#4672,#3847,#3848);
#3101=AXIS2_PLACEMENT_3D('',#4674,#3850,#3851);
#3102=AXIS2_PLACEMENT_3D('',#4675,#3852,#3853);
#3103=AXIS2_PLACEMENT_3D('',#4676,#3854,#3855);
#3104=AXIS2_PLACEMENT_3D('',#4677,#3856,#3857);
#3105=AXIS2_PLACEMENT_3D('',#4678,#3858,#3859);
#3106=DIRECTION('axis',(0.,0.,1.));
#3107=DIRECTION('refdir',(1.,0.,0.));
#3108=DIRECTION('axis',(0.,0.,1.));
#3109=DIRECTION('refdir',(1.,0.,0.));
#3110=DIRECTION('center_axis',(-1.,0.,-4.44089209850062E-15));
#3111=DIRECTION('ref_axis',(6.28036983473508E-15,-0.707106781186546,-0.707106781186549));
#3112=DIRECTION('center_axis',(-1.,0.,0.));
#3113=DIRECTION('ref_axis',(6.28036983473508E-15,-0.707106781186546,-0.707106781186549));
#3114=DIRECTION('',(-1.,0.,-4.44089209850062E-15));
#3115=DIRECTION('center_axis',(1.,0.,-1.5419764230905E-15));
#3116=DIRECTION('ref_axis',(6.28036983473508E-15,-0.707106781186546,-0.707106781186549));
#3117=DIRECTION('',(1.,0.,4.44089209850062E-15));
#3118=DIRECTION('center_axis',(1.,0.,-1.5419764230905E-15));
#3119=DIRECTION('ref_axis',(-1.5419764230905E-15,0.,-1.));
#3120=DIRECTION('',(0.,1.,0.));
#3121=DIRECTION('',(0.,0.,-1.));
#3122=DIRECTION('',(0.,1.,0.));
#3123=DIRECTION('center_axis',(-1.,0.,1.5419764230905E-15));
#3124=DIRECTION('ref_axis',(0.,-0.707106781186546,-0.707106781186549));
#3125=DIRECTION('',(-1.5419764230905E-15,0.,-1.));
#3126=DIRECTION('',(0.,1.,0.));
#3127=DIRECTION('',(1.5419764230905E-15,0.,1.));
#3128=DIRECTION('center_axis',(-4.44089209850062E-15,0.,1.));
#3129=DIRECTION('ref_axis',(1.,0.,4.44089209850062E-15));
#3130=DIRECTION('',(0.,1.,0.));
#3131=DIRECTION('',(1.,0.,0.));
#3132=DIRECTION('center_axis',(-1.,0.,0.));
#3133=DIRECTION('ref_axis',(0.,-0.707106781186546,-0.707106781186549));
#3134=DIRECTION('',(1.,0.,0.));
#3135=DIRECTION('center_axis',(1.,0.,0.));
#3136=DIRECTION('ref_axis',(0.,-0.707106781186546,-0.707106781186549));
#3137=DIRECTION('',(-1.,0.,0.));
#3138=DIRECTION('center_axis',(0.,0.,-1.));
#3139=DIRECTION('ref_axis',(-1.,0.,0.));
#3140=DIRECTION('',(-1.,0.,0.));
#3141=DIRECTION('',(0.,1.,0.));
#3142=DIRECTION('center_axis',(0.,1.,0.));
#3143=DIRECTION('ref_axis',(0.,0.,1.));
#3144=DIRECTION('',(0.,0.,1.));
#3145=DIRECTION('center_axis',(0.,-1.,0.));
#3146=DIRECTION('ref_axis',(-8.8817841970012E-15,0.,-1.));
#3147=DIRECTION('',(-1.,0.,3.41607084500048E-16));
#3148=DIRECTION('center_axis',(0.,-1.,0.));
#3149=DIRECTION('ref_axis',(1.,0.,-8.88178419700113E-15));
#3150=DIRECTION('',(0.,0.,-1.));
#3151=DIRECTION('center_axis',(0.,-1.,0.));
#3152=DIRECTION('ref_axis',(8.8817841970012E-15,0.,1.));
#3153=DIRECTION('',(1.,0.,1.11022302462516E-15));
#3154=DIRECTION('center_axis',(0.,-1.,0.));
#3155=DIRECTION('ref_axis',(-1.,0.,-2.22044604925031E-15));
#3156=DIRECTION('',(0.,0.,1.));
#3157=DIRECTION('',(-1.,0.,-7.40148683083438E-16));
#3158=DIRECTION('',(0.,0.,-1.));
#3159=DIRECTION('center_axis',(0.,1.,0.));
#3160=DIRECTION('ref_axis',(1.,0.,-4.44089209850059E-15));
#3161=DIRECTION('',(-1.,0.,-8.88178419700124E-16));
#3162=DIRECTION('center_axis',(0.,1.,0.));
#3163=DIRECTION('ref_axis',(4.44089209850066E-15,0.,-1.));
#3164=DIRECTION('',(0.,0.,1.));
#3165=DIRECTION('center_axis',(0.,1.,0.));
#3166=DIRECTION('ref_axis',(-1.,0.,8.88178419700117E-15));
#3167=DIRECTION('',(1.,0.,0.));
#3168=DIRECTION('center_axis',(0.,1.,0.));
#3169=DIRECTION('ref_axis',(0.,0.,1.));
#3170=DIRECTION('center_axis',(1.,0.,0.));
#3171=DIRECTION('ref_axis',(0.,0.707106781186549,0.707106781186546));
#3172=DIRECTION('center_axis',(-1.,0.,0.));
#3173=DIRECTION('ref_axis',(0.,0.707106781186549,0.707106781186546));
#3174=DIRECTION('',(1.,0.,0.));
#3175=DIRECTION('center_axis',(1.,0.,0.));
#3176=DIRECTION('ref_axis',(0.,0.707106781186549,0.707106781186546));
#3177=DIRECTION('',(-1.,0.,0.));
#3178=DIRECTION('center_axis',(0.,0.,-1.));
#3179=DIRECTION('ref_axis',(1.,0.,0.));
#3180=DIRECTION('',(0.,-1.,0.));
#3181=DIRECTION('',(-1.,0.,0.));
#3182=DIRECTION('',(0.,-1.,0.));
#3183=DIRECTION('center_axis',(0.,1.,0.));
#3184=DIRECTION('ref_axis',(0.,0.,1.));
#3185=DIRECTION('',(-1.,0.,1.77635683940025E-16));
#3186=DIRECTION('',(0.,0.,-1.));
#3187=DIRECTION('',(1.,0.,1.52964061170577E-16));
#3188=DIRECTION('',(2.22044604925031E-17,0.,1.));
#3189=DIRECTION('',(0.,0.,1.));
#3190=DIRECTION('',(1.,0.,0.));
#3191=DIRECTION('',(0.,0.,-1.));
#3192=DIRECTION('center_axis',(-1.77635683940025E-16,0.,-1.));
#3193=DIRECTION('ref_axis',(-1.,0.,1.77635683940025E-16));
#3194=DIRECTION('',(1.,0.,-1.77635683940025E-16));
#3195=DIRECTION('',(0.,1.,0.));
#3196=DIRECTION('',(0.,1.,0.));
#3197=DIRECTION('center_axis',(-1.,0.,2.22044604925031E-17));
#3198=DIRECTION('ref_axis',(2.22044604925031E-17,0.,1.));
#3199=DIRECTION('',(-2.22044604925031E-17,0.,-1.));
#3200=DIRECTION('',(0.,1.,0.));
#3201=DIRECTION('center_axis',(-1.52964061170577E-16,0.,1.));
#3202=DIRECTION('ref_axis',(1.,0.,1.52964061170577E-16));
#3203=DIRECTION('',(-1.,0.,-1.52964061170577E-16));
#3204=DIRECTION('',(0.,1.,0.));
#3205=DIRECTION('center_axis',(1.,0.,0.));
#3206=DIRECTION('ref_axis',(0.,0.,-1.));
#3207=DIRECTION('',(0.,0.,1.));
#3208=DIRECTION('center_axis',(0.,1.,0.));
#3209=DIRECTION('ref_axis',(0.,0.,1.));
#3210=DIRECTION('center_axis',(0.,1.,0.));
#3211=DIRECTION('ref_axis',(0.,0.,1.));
#3212=DIRECTION('center_axis',(0.,-1.,0.));
#3213=DIRECTION('ref_axis',(0.,0.,1.));
#3214=DIRECTION('',(0.,1.,0.));
#3215=DIRECTION('center_axis',(0.,0.,1.));
#3216=DIRECTION('ref_axis',(1.,0.,0.));
#3217=DIRECTION('',(-1.,0.,0.));
#3218=DIRECTION('',(0.,1.,0.));
#3219=DIRECTION('center_axis',(0.,1.,0.));
#3220=DIRECTION('ref_axis',(-1.,0.,8.88178419700117E-15));
#3221=DIRECTION('center_axis',(0.,-1.,0.));
#3222=DIRECTION('ref_axis',(-1.,0.,8.88178419700117E-15));
#3223=DIRECTION('',(0.,1.,0.));
#3224=DIRECTION('center_axis',(-1.,0.,0.));
#3225=DIRECTION('ref_axis',(0.,0.,1.));
#3226=DIRECTION('',(0.,0.,-1.));
#3227=DIRECTION('',(0.,1.,0.));
#3228=DIRECTION('center_axis',(0.,1.,0.));
#3229=DIRECTION('ref_axis',(4.44089209850066E-15,0.,-1.));
#3230=DIRECTION('center_axis',(0.,-1.,0.));
#3231=DIRECTION('ref_axis',(4.44089209850066E-15,0.,-1.));
#3232=DIRECTION('',(0.,1.,0.));
#3233=DIRECTION('center_axis',(8.88178419700124E-16,0.,-1.));
#3234=DIRECTION('ref_axis',(-1.,0.,-8.88178419700124E-16));
#3235=DIRECTION('',(1.,0.,8.88178419700124E-16));
#3236=DIRECTION('',(0.,1.,0.));
#3237=DIRECTION('center_axis',(0.,1.,0.));
#3238=DIRECTION('ref_axis',(1.,0.,-4.44089209850059E-15));
#3239=DIRECTION('center_axis',(0.,-1.,0.));
#3240=DIRECTION('ref_axis',(1.,0.,-4.44089209850059E-15));
#3241=DIRECTION('',(0.,1.,0.));
#3242=DIRECTION('center_axis',(1.,0.,0.));
#3243=DIRECTION('ref_axis',(0.,0.,-1.));
#3244=DIRECTION('',(0.,-1.,0.));
#3245=DIRECTION('center_axis',(7.40148683083438E-16,0.,-1.));
#3246=DIRECTION('ref_axis',(-1.,0.,-7.40148683083438E-16));
#3247=DIRECTION('',(0.,-1.,0.));
#3248=DIRECTION('center_axis',(-1.,0.,0.));
#3249=DIRECTION('ref_axis',(0.,0.,1.));
#3250=DIRECTION('',(0.,1.,0.));
#3251=DIRECTION('',(0.,0.,-1.));
#3252=DIRECTION('center_axis',(0.,1.,0.));
#3253=DIRECTION('ref_axis',(-1.,0.,-2.22044604925031E-15));
#3254=DIRECTION('center_axis',(0.,1.,0.));
#3255=DIRECTION('ref_axis',(-1.,0.,-2.22044604925031E-15));
#3256=DIRECTION('',(0.,1.,0.));
#3257=DIRECTION('center_axis',(-1.11022302462516E-15,0.,1.));
#3258=DIRECTION('ref_axis',(1.,0.,1.11022302462516E-15));
#3259=DIRECTION('',(-1.,0.,-1.11022302462516E-15));
#3260=DIRECTION('',(0.,1.,0.));
#3261=DIRECTION('center_axis',(0.,1.,0.));
#3262=DIRECTION('ref_axis',(8.8817841970012E-15,0.,1.));
#3263=DIRECTION('center_axis',(0.,1.,0.));
#3264=DIRECTION('ref_axis',(8.8817841970012E-15,0.,1.));
#3265=DIRECTION('',(0.,1.,0.));
#3266=DIRECTION('center_axis',(1.,0.,0.));
#3267=DIRECTION('ref_axis',(0.,0.,-1.));
#3268=DIRECTION('',(0.,0.,1.));
#3269=DIRECTION('',(0.,1.,0.));
#3270=DIRECTION('center_axis',(0.,1.,0.));
#3271=DIRECTION('ref_axis',(1.,0.,-8.88178419700113E-15));
#3272=DIRECTION('center_axis',(0.,1.,0.));
#3273=DIRECTION('ref_axis',(1.,0.,-8.88178419700113E-15));
#3274=DIRECTION('',(0.,1.,0.));
#3275=DIRECTION('center_axis',(-3.41607084500048E-16,0.,-1.));
#3276=DIRECTION('ref_axis',(-1.,0.,3.41607084500048E-16));
#3277=DIRECTION('',(1.,0.,-3.41607084500048E-16));
#3278=DIRECTION('',(0.,1.,0.));
#3279=DIRECTION('center_axis',(0.,1.,0.));
#3280=DIRECTION('ref_axis',(-8.8817841970012E-15,0.,-1.));
#3281=DIRECTION('center_axis',(0.,1.,0.));
#3282=DIRECTION('ref_axis',(-8.8817841970012E-15,0.,-1.));
#3283=DIRECTION('',(0.,1.,0.));
#3284=DIRECTION('center_axis',(-1.,0.,0.));
#3285=DIRECTION('ref_axis',(0.,0.,1.));
#3286=DIRECTION('',(0.,0.,-1.));
#3287=DIRECTION('',(-3.44789759200359E-16,0.,1.));
#3288=DIRECTION('center_axis',(0.,1.,0.));
#3289=DIRECTION('ref_axis',(0.,0.,1.));
#3290=DIRECTION('center_axis',(-1.,0.,-4.44089209850062E-15));
#3291=DIRECTION('ref_axis',(6.28036983473508E-15,-0.707106781186546,-0.707106781186549));
#3292=DIRECTION('center_axis',(-1.,0.,0.));
#3293=DIRECTION('ref_axis',(6.28036983473508E-15,-0.707106781186546,-0.707106781186549));
#3294=DIRECTION('',(-1.,0.,-4.44089209850062E-15));
#3295=DIRECTION('center_axis',(1.,0.,-1.5419764230905E-15));
#3296=DIRECTION('ref_axis',(6.28036983473508E-15,-0.707106781186546,-0.707106781186549));
#3297=DIRECTION('',(1.,0.,4.44089209850062E-15));
#3298=DIRECTION('center_axis',(1.,0.,-1.5419764230905E-15));
#3299=DIRECTION('ref_axis',(-1.5419764230905E-15,0.,-1.));
#3300=DIRECTION('',(0.,1.,0.));
#3301=DIRECTION('',(0.,0.,-1.));
#3302=DIRECTION('',(0.,1.,0.));
#3303=DIRECTION('center_axis',(-1.,0.,1.5419764230905E-15));
#3304=DIRECTION('ref_axis',(0.,-0.707106781186546,-0.707106781186549));
#3305=DIRECTION('',(-1.5419764230905E-15,0.,-1.));
#3306=DIRECTION('',(0.,1.,0.));
#3307=DIRECTION('',(1.5419764230905E-15,0.,1.));
#3308=DIRECTION('center_axis',(-4.44089209850062E-15,0.,1.));
#3309=DIRECTION('ref_axis',(1.,0.,4.44089209850062E-15));
#3310=DIRECTION('',(0.,1.,0.));
#3311=DIRECTION('',(1.,0.,0.));
#3312=DIRECTION('center_axis',(-1.,0.,0.));
#3313=DIRECTION('ref_axis',(0.,-0.707106781186546,-0.707106781186549));
#3314=DIRECTION('',(1.,0.,0.));
#3315=DIRECTION('center_axis',(1.,0.,0.));
#3316=DIRECTION('ref_axis',(0.,-0.707106781186546,-0.707106781186549));
#3317=DIRECTION('',(-1.,0.,0.));
#3318=DIRECTION('center_axis',(0.,0.,-1.));
#3319=DIRECTION('ref_axis',(-1.,0.,0.));
#3320=DIRECTION('',(-1.,0.,0.));
#3321=DIRECTION('',(0.,1.,0.));
#3322=DIRECTION('center_axis',(0.,1.,0.));
#3323=DIRECTION('ref_axis',(0.,0.,1.));
#3324=DIRECTION('',(0.,0.,1.));
#3325=DIRECTION('center_axis',(0.,-1.,0.));
#3326=DIRECTION('ref_axis',(-8.8817841970012E-15,0.,-1.));
#3327=DIRECTION('',(-1.,0.,3.41607084500048E-16));
#3328=DIRECTION('center_axis',(0.,-1.,0.));
#3329=DIRECTION('ref_axis',(1.,0.,-8.88178419700113E-15));
#3330=DIRECTION('',(0.,0.,-1.));
#3331=DIRECTION('center_axis',(0.,-1.,0.));
#3332=DIRECTION('ref_axis',(8.8817841970012E-15,0.,1.));
#3333=DIRECTION('',(1.,0.,1.11022302462516E-15));
#3334=DIRECTION('center_axis',(0.,-1.,0.));
#3335=DIRECTION('ref_axis',(-1.,0.,-2.22044604925031E-15));
#3336=DIRECTION('',(0.,0.,1.));
#3337=DIRECTION('',(-1.,0.,-7.40148683083438E-16));
#3338=DIRECTION('',(0.,0.,-1.));
#3339=DIRECTION('center_axis',(0.,1.,0.));
#3340=DIRECTION('ref_axis',(1.,0.,-4.44089209850059E-15));
#3341=DIRECTION('',(-1.,0.,-8.88178419700124E-16));
#3342=DIRECTION('center_axis',(0.,1.,0.));
#3343=DIRECTION('ref_axis',(4.44089209850066E-15,0.,-1.));
#3344=DIRECTION('',(0.,0.,1.));
#3345=DIRECTION('center_axis',(0.,1.,0.));
#3346=DIRECTION('ref_axis',(-1.,0.,8.88178419700117E-15));
#3347=DIRECTION('',(1.,0.,0.));
#3348=DIRECTION('center_axis',(0.,1.,0.));
#3349=DIRECTION('ref_axis',(0.,0.,1.));
#3350=DIRECTION('center_axis',(1.,0.,0.));
#3351=DIRECTION('ref_axis',(0.,0.707106781186549,0.707106781186546));
#3352=DIRECTION('center_axis',(-1.,0.,0.));
#3353=DIRECTION('ref_axis',(0.,0.707106781186549,0.707106781186546));
#3354=DIRECTION('',(1.,0.,0.));
#3355=DIRECTION('center_axis',(1.,0.,0.));
#3356=DIRECTION('ref_axis',(0.,0.707106781186549,0.707106781186546));
#3357=DIRECTION('',(-1.,0.,0.));
#3358=DIRECTION('center_axis',(0.,0.,-1.));
#3359=DIRECTION('ref_axis',(1.,0.,0.));
#3360=DIRECTION('',(0.,-1.,0.));
#3361=DIRECTION('',(-1.,0.,0.));
#3362=DIRECTION('',(0.,-1.,0.));
#3363=DIRECTION('center_axis',(0.,1.,0.));
#3364=DIRECTION('ref_axis',(0.,0.,1.));
#3365=DIRECTION('',(-1.,0.,1.77635683940025E-16));
#3366=DIRECTION('',(0.,0.,-1.));
#3367=DIRECTION('',(1.,0.,1.52964061170577E-16));
#3368=DIRECTION('',(2.22044604925031E-17,0.,1.));
#3369=DIRECTION('',(0.,0.,1.));
#3370=DIRECTION('',(1.,0.,0.));
#3371=DIRECTION('',(0.,0.,-1.));
#3372=DIRECTION('center_axis',(-1.77635683940025E-16,0.,-1.));
#3373=DIRECTION('ref_axis',(-1.,0.,1.77635683940025E-16));
#3374=DIRECTION('',(1.,0.,-1.77635683940025E-16));
#3375=DIRECTION('',(0.,1.,0.));
#3376=DIRECTION('',(0.,1.,0.));
#3377=DIRECTION('center_axis',(-1.,0.,2.22044604925031E-17));
#3378=DIRECTION('ref_axis',(2.22044604925031E-17,0.,1.));
#3379=DIRECTION('',(-2.22044604925031E-17,0.,-1.));
#3380=DIRECTION('',(0.,1.,0.));
#3381=DIRECTION('center_axis',(-1.52964061170577E-16,0.,1.));
#3382=DIRECTION('ref_axis',(1.,0.,1.52964061170577E-16));
#3383=DIRECTION('',(-1.,0.,-1.52964061170577E-16));
#3384=DIRECTION('',(0.,1.,0.));
#3385=DIRECTION('center_axis',(1.,0.,0.));
#3386=DIRECTION('ref_axis',(0.,0.,-1.));
#3387=DIRECTION('',(0.,0.,1.));
#3388=DIRECTION('center_axis',(0.,1.,0.));
#3389=DIRECTION('ref_axis',(0.,0.,1.));
#3390=DIRECTION('center_axis',(0.,1.,0.));
#3391=DIRECTION('ref_axis',(0.,0.,1.));
#3392=DIRECTION('center_axis',(0.,-1.,0.));
#3393=DIRECTION('ref_axis',(0.,0.,1.));
#3394=DIRECTION('',(0.,1.,0.));
#3395=DIRECTION('center_axis',(0.,0.,1.));
#3396=DIRECTION('ref_axis',(1.,0.,0.));
#3397=DIRECTION('',(-1.,0.,0.));
#3398=DIRECTION('',(0.,1.,0.));
#3399=DIRECTION('center_axis',(0.,1.,0.));
#3400=DIRECTION('ref_axis',(-1.,0.,8.88178419700117E-15));
#3401=DIRECTION('center_axis',(0.,-1.,0.));
#3402=DIRECTION('ref_axis',(-1.,0.,8.88178419700117E-15));
#3403=DIRECTION('',(0.,1.,0.));
#3404=DIRECTION('center_axis',(-1.,0.,0.));
#3405=DIRECTION('ref_axis',(0.,0.,1.));
#3406=DIRECTION('',(0.,0.,-1.));
#3407=DIRECTION('',(0.,1.,0.));
#3408=DIRECTION('center_axis',(0.,1.,0.));
#3409=DIRECTION('ref_axis',(4.44089209850066E-15,0.,-1.));
#3410=DIRECTION('center_axis',(0.,-1.,0.));
#3411=DIRECTION('ref_axis',(4.44089209850066E-15,0.,-1.));
#3412=DIRECTION('',(0.,1.,0.));
#3413=DIRECTION('center_axis',(8.88178419700124E-16,0.,-1.));
#3414=DIRECTION('ref_axis',(-1.,0.,-8.88178419700124E-16));
#3415=DIRECTION('',(1.,0.,8.88178419700124E-16));
#3416=DIRECTION('',(0.,1.,0.));
#3417=DIRECTION('center_axis',(0.,1.,0.));
#3418=DIRECTION('ref_axis',(1.,0.,-4.44089209850059E-15));
#3419=DIRECTION('center_axis',(0.,-1.,0.));
#3420=DIRECTION('ref_axis',(1.,0.,-4.44089209850059E-15));
#3421=DIRECTION('',(0.,1.,0.));
#3422=DIRECTION('center_axis',(1.,0.,0.));
#3423=DIRECTION('ref_axis',(0.,0.,-1.));
#3424=DIRECTION('',(0.,-1.,0.));
#3425=DIRECTION('center_axis',(7.40148683083438E-16,0.,-1.));
#3426=DIRECTION('ref_axis',(-1.,0.,-7.40148683083438E-16));
#3427=DIRECTION('',(0.,-1.,0.));
#3428=DIRECTION('center_axis',(-1.,0.,0.));
#3429=DIRECTION('ref_axis',(0.,0.,1.));
#3430=DIRECTION('',(0.,1.,0.));
#3431=DIRECTION('',(0.,0.,-1.));
#3432=DIRECTION('center_axis',(0.,1.,0.));
#3433=DIRECTION('ref_axis',(-1.,0.,-2.22044604925031E-15));
#3434=DIRECTION('center_axis',(0.,1.,0.));
#3435=DIRECTION('ref_axis',(-1.,0.,-2.22044604925031E-15));
#3436=DIRECTION('',(0.,1.,0.));
#3437=DIRECTION('center_axis',(-1.11022302462516E-15,0.,1.));
#3438=DIRECTION('ref_axis',(1.,0.,1.11022302462516E-15));
#3439=DIRECTION('',(-1.,0.,-1.11022302462516E-15));
#3440=DIRECTION('',(0.,1.,0.));
#3441=DIRECTION('center_axis',(0.,1.,0.));
#3442=DIRECTION('ref_axis',(8.8817841970012E-15,0.,1.));
#3443=DIRECTION('center_axis',(0.,1.,0.));
#3444=DIRECTION('ref_axis',(8.8817841970012E-15,0.,1.));
#3445=DIRECTION('',(0.,1.,0.));
#3446=DIRECTION('center_axis',(1.,0.,0.));
#3447=DIRECTION('ref_axis',(0.,0.,-1.));
#3448=DIRECTION('',(0.,0.,1.));
#3449=DIRECTION('',(0.,1.,0.));
#3450=DIRECTION('center_axis',(0.,1.,0.));
#3451=DIRECTION('ref_axis',(1.,0.,-8.88178419700113E-15));
#3452=DIRECTION('center_axis',(0.,1.,0.));
#3453=DIRECTION('ref_axis',(1.,0.,-8.88178419700113E-15));
#3454=DIRECTION('',(0.,1.,0.));
#3455=DIRECTION('center_axis',(-3.41607084500048E-16,0.,-1.));
#3456=DIRECTION('ref_axis',(-1.,0.,3.41607084500048E-16));
#3457=DIRECTION('',(1.,0.,-3.41607084500048E-16));
#3458=DIRECTION('',(0.,1.,0.));
#3459=DIRECTION('center_axis',(0.,1.,0.));
#3460=DIRECTION('ref_axis',(-8.8817841970012E-15,0.,-1.));
#3461=DIRECTION('center_axis',(0.,1.,0.));
#3462=DIRECTION('ref_axis',(-8.8817841970012E-15,0.,-1.));
#3463=DIRECTION('',(0.,1.,0.));
#3464=DIRECTION('center_axis',(-1.,0.,0.));
#3465=DIRECTION('ref_axis',(0.,0.,1.));
#3466=DIRECTION('',(0.,0.,-1.));
#3467=DIRECTION('',(-3.44789759200359E-16,0.,1.));
#3468=DIRECTION('center_axis',(1.58603289232165E-16,0.,1.));
#3469=DIRECTION('ref_axis',(1.,0.,-1.58603289232165E-16));
#3470=DIRECTION('',(1.,0.,-1.58603289232165E-16));
#3471=DIRECTION('',(0.,1.,0.));
#3472=DIRECTION('',(1.,0.,0.));
#3473=DIRECTION('',(0.,1.,0.));
#3474=DIRECTION('center_axis',(0.,1.,0.));
#3475=DIRECTION('ref_axis',(0.,0.,1.));
#3476=DIRECTION('center_axis',(-1.,0.,-4.44089209850062E-15));
#3477=DIRECTION('ref_axis',(6.28036983473508E-15,-0.707106781186546,-0.707106781186549));
#3478=DIRECTION('center_axis',(-1.,0.,0.));
#3479=DIRECTION('ref_axis',(6.28036983473508E-15,-0.707106781186546,-0.707106781186549));
#3480=DIRECTION('',(-1.,0.,-4.44089209850062E-15));
#3481=DIRECTION('center_axis',(1.,0.,-1.5419764230905E-15));
#3482=DIRECTION('ref_axis',(6.28036983473508E-15,-0.707106781186546,-0.707106781186549));
#3483=DIRECTION('',(1.,0.,4.44089209850062E-15));
#3484=DIRECTION('center_axis',(1.,0.,-1.5419764230905E-15));
#3485=DIRECTION('ref_axis',(-1.5419764230905E-15,0.,-1.));
#3486=DIRECTION('',(0.,1.,0.));
#3487=DIRECTION('',(0.,0.,-1.));
#3488=DIRECTION('',(0.,1.,0.));
#3489=DIRECTION('center_axis',(-1.,0.,1.5419764230905E-15));
#3490=DIRECTION('ref_axis',(0.,-0.707106781186546,-0.707106781186549));
#3491=DIRECTION('',(-1.5419764230905E-15,0.,-1.));
#3492=DIRECTION('',(0.,1.,0.));
#3493=DIRECTION('',(1.5419764230905E-15,0.,1.));
#3494=DIRECTION('center_axis',(-4.44089209850062E-15,0.,1.));
#3495=DIRECTION('ref_axis',(1.,0.,4.44089209850062E-15));
#3496=DIRECTION('',(0.,1.,0.));
#3497=DIRECTION('',(1.,0.,0.));
#3498=DIRECTION('center_axis',(-1.,0.,0.));
#3499=DIRECTION('ref_axis',(0.,-0.707106781186546,-0.707106781186549));
#3500=DIRECTION('',(1.,0.,0.));
#3501=DIRECTION('center_axis',(1.,0.,0.));
#3502=DIRECTION('ref_axis',(0.,-0.707106781186546,-0.707106781186549));
#3503=DIRECTION('',(-1.,0.,0.));
#3504=DIRECTION('center_axis',(0.,0.,-1.));
#3505=DIRECTION('ref_axis',(-1.,0.,0.));
#3506=DIRECTION('',(-1.,0.,0.));
#3507=DIRECTION('',(0.,1.,0.));
#3508=DIRECTION('center_axis',(0.,1.,0.));
#3509=DIRECTION('ref_axis',(0.,0.,1.));
#3510=DIRECTION('',(0.,0.,1.));
#3511=DIRECTION('center_axis',(0.,-1.,0.));
#3512=DIRECTION('ref_axis',(-8.8817841970012E-15,0.,-1.));
#3513=DIRECTION('',(-1.,0.,3.41607084500048E-16));
#3514=DIRECTION('center_axis',(0.,-1.,0.));
#3515=DIRECTION('ref_axis',(1.,0.,-8.88178419700113E-15));
#3516=DIRECTION('',(0.,0.,-1.));
#3517=DIRECTION('center_axis',(0.,-1.,0.));
#3518=DIRECTION('ref_axis',(8.8817841970012E-15,0.,1.));
#3519=DIRECTION('',(1.,0.,1.11022302462516E-15));
#3520=DIRECTION('center_axis',(0.,-1.,0.));
#3521=DIRECTION('ref_axis',(-1.,0.,-2.22044604925031E-15));
#3522=DIRECTION('',(0.,0.,1.));
#3523=DIRECTION('',(-1.,0.,-7.40148683083438E-16));
#3524=DIRECTION('',(0.,0.,-1.));
#3525=DIRECTION('center_axis',(0.,1.,0.));
#3526=DIRECTION('ref_axis',(1.,0.,-4.44089209850059E-15));
#3527=DIRECTION('',(-1.,0.,-8.88178419700124E-16));
#3528=DIRECTION('center_axis',(0.,1.,0.));
#3529=DIRECTION('ref_axis',(4.44089209850066E-15,0.,-1.));
#3530=DIRECTION('',(0.,0.,1.));
#3531=DIRECTION('center_axis',(0.,1.,0.));
#3532=DIRECTION('ref_axis',(-1.,0.,8.88178419700117E-15));
#3533=DIRECTION('',(1.,0.,0.));
#3534=DIRECTION('center_axis',(0.,1.,0.));
#3535=DIRECTION('ref_axis',(0.,0.,1.));
#3536=DIRECTION('center_axis',(1.,0.,0.));
#3537=DIRECTION('ref_axis',(0.,0.707106781186549,0.707106781186546));
#3538=DIRECTION('center_axis',(-1.,0.,0.));
#3539=DIRECTION('ref_axis',(0.,0.707106781186549,0.707106781186546));
#3540=DIRECTION('',(1.,0.,0.));
#3541=DIRECTION('center_axis',(1.,0.,0.));
#3542=DIRECTION('ref_axis',(0.,0.707106781186549,0.707106781186546));
#3543=DIRECTION('',(-1.,0.,0.));
#3544=DIRECTION('center_axis',(0.,0.,-1.));
#3545=DIRECTION('ref_axis',(1.,0.,0.));
#3546=DIRECTION('',(0.,-1.,0.));
#3547=DIRECTION('',(-1.,0.,0.));
#3548=DIRECTION('',(0.,-1.,0.));
#3549=DIRECTION('center_axis',(0.,1.,0.));
#3550=DIRECTION('ref_axis',(0.,0.,1.));
#3551=DIRECTION('',(-1.,0.,1.77635683940025E-16));
#3552=DIRECTION('',(0.,0.,-1.));
#3553=DIRECTION('',(1.,0.,1.52964061170577E-16));
#3554=DIRECTION('',(2.22044604925031E-17,0.,1.));
#3555=DIRECTION('',(0.,0.,1.));
#3556=DIRECTION('',(1.,0.,0.));
#3557=DIRECTION('',(0.,0.,-1.));
#3558=DIRECTION('center_axis',(-1.77635683940025E-16,0.,-1.));
#3559=DIRECTION('ref_axis',(-1.,0.,1.77635683940025E-16));
#3560=DIRECTION('',(1.,0.,-1.77635683940025E-16));
#3561=DIRECTION('',(0.,1.,0.));
#3562=DIRECTION('',(0.,1.,0.));
#3563=DIRECTION('center_axis',(-1.,0.,2.22044604925031E-17));
#3564=DIRECTION('ref_axis',(2.22044604925031E-17,0.,1.));
#3565=DIRECTION('',(-2.22044604925031E-17,0.,-1.));
#3566=DIRECTION('',(0.,1.,0.));
#3567=DIRECTION('center_axis',(-1.52964061170577E-16,0.,1.));
#3568=DIRECTION('ref_axis',(1.,0.,1.52964061170577E-16));
#3569=DIRECTION('',(-1.,0.,-1.52964061170577E-16));
#3570=DIRECTION('',(0.,1.,0.));
#3571=DIRECTION('center_axis',(1.,0.,0.));
#3572=DIRECTION('ref_axis',(0.,0.,-1.));
#3573=DIRECTION('',(0.,0.,1.));
#3574=DIRECTION('center_axis',(0.,1.,0.));
#3575=DIRECTION('ref_axis',(0.,0.,1.));
#3576=DIRECTION('center_axis',(0.,1.,0.));
#3577=DIRECTION('ref_axis',(0.,0.,1.));
#3578=DIRECTION('center_axis',(0.,-1.,0.));
#3579=DIRECTION('ref_axis',(0.,0.,1.));
#3580=DIRECTION('',(0.,1.,0.));
#3581=DIRECTION('center_axis',(0.,0.,1.));
#3582=DIRECTION('ref_axis',(1.,0.,0.));
#3583=DIRECTION('',(-1.,0.,0.));
#3584=DIRECTION('',(0.,1.,0.));
#3585=DIRECTION('center_axis',(0.,1.,0.));
#3586=DIRECTION('ref_axis',(-1.,0.,8.88178419700117E-15));
#3587=DIRECTION('center_axis',(0.,-1.,0.));
#3588=DIRECTION('ref_axis',(-1.,0.,8.88178419700117E-15));
#3589=DIRECTION('',(0.,1.,0.));
#3590=DIRECTION('center_axis',(-1.,0.,0.));
#3591=DIRECTION('ref_axis',(0.,0.,1.));
#3592=DIRECTION('',(0.,0.,-1.));
#3593=DIRECTION('',(0.,1.,0.));
#3594=DIRECTION('center_axis',(0.,1.,0.));
#3595=DIRECTION('ref_axis',(4.44089209850066E-15,0.,-1.));
#3596=DIRECTION('center_axis',(0.,-1.,0.));
#3597=DIRECTION('ref_axis',(4.44089209850066E-15,0.,-1.));
#3598=DIRECTION('',(0.,1.,0.));
#3599=DIRECTION('center_axis',(8.88178419700124E-16,0.,-1.));
#3600=DIRECTION('ref_axis',(-1.,0.,-8.88178419700124E-16));
#3601=DIRECTION('',(1.,0.,8.88178419700124E-16));
#3602=DIRECTION('',(0.,1.,0.));
#3603=DIRECTION('center_axis',(0.,1.,0.));
#3604=DIRECTION('ref_axis',(1.,0.,-4.44089209850059E-15));
#3605=DIRECTION('center_axis',(0.,-1.,0.));
#3606=DIRECTION('ref_axis',(1.,0.,-4.44089209850059E-15));
#3607=DIRECTION('',(0.,1.,0.));
#3608=DIRECTION('center_axis',(1.,0.,0.));
#3609=DIRECTION('ref_axis',(0.,0.,-1.));
#3610=DIRECTION('',(0.,-1.,0.));
#3611=DIRECTION('center_axis',(7.40148683083438E-16,0.,-1.));
#3612=DIRECTION('ref_axis',(-1.,0.,-7.40148683083438E-16));
#3613=DIRECTION('',(0.,-1.,0.));
#3614=DIRECTION('center_axis',(-1.,0.,0.));
#3615=DIRECTION('ref_axis',(0.,0.,1.));
#3616=DIRECTION('',(0.,1.,0.));
#3617=DIRECTION('',(0.,0.,-1.));
#3618=DIRECTION('center_axis',(0.,1.,0.));
#3619=DIRECTION('ref_axis',(-1.,0.,-2.22044604925031E-15));
#3620=DIRECTION('center_axis',(0.,1.,0.));
#3621=DIRECTION('ref_axis',(-1.,0.,-2.22044604925031E-15));
#3622=DIRECTION('',(0.,1.,0.));
#3623=DIRECTION('center_axis',(-1.11022302462516E-15,0.,1.));
#3624=DIRECTION('ref_axis',(1.,0.,1.11022302462516E-15));
#3625=DIRECTION('',(-1.,0.,-1.11022302462516E-15));
#3626=DIRECTION('',(0.,1.,0.));
#3627=DIRECTION('center_axis',(0.,1.,0.));
#3628=DIRECTION('ref_axis',(8.8817841970012E-15,0.,1.));
#3629=DIRECTION('center_axis',(0.,1.,0.));
#3630=DIRECTION('ref_axis',(8.8817841970012E-15,0.,1.));
#3631=DIRECTION('',(0.,1.,0.));
#3632=DIRECTION('center_axis',(1.,0.,0.));
#3633=DIRECTION('ref_axis',(0.,0.,-1.));
#3634=DIRECTION('',(0.,0.,1.));
#3635=DIRECTION('',(0.,1.,0.));
#3636=DIRECTION('center_axis',(0.,1.,0.));
#3637=DIRECTION('ref_axis',(1.,0.,-8.88178419700113E-15));
#3638=DIRECTION('center_axis',(0.,1.,0.));
#3639=DIRECTION('ref_axis',(1.,0.,-8.88178419700113E-15));
#3640=DIRECTION('',(0.,1.,0.));
#3641=DIRECTION('center_axis',(-3.41607084500048E-16,0.,-1.));
#3642=DIRECTION('ref_axis',(-1.,0.,3.41607084500048E-16));
#3643=DIRECTION('',(1.,0.,-3.41607084500048E-16));
#3644=DIRECTION('',(0.,1.,0.));
#3645=DIRECTION('center_axis',(0.,1.,0.));
#3646=DIRECTION('ref_axis',(-8.8817841970012E-15,0.,-1.));
#3647=DIRECTION('center_axis',(0.,1.,0.));
#3648=DIRECTION('ref_axis',(-8.8817841970012E-15,0.,-1.));
#3649=DIRECTION('',(0.,1.,0.));
#3650=DIRECTION('center_axis',(-1.,0.,0.));
#3651=DIRECTION('ref_axis',(0.,0.,1.));
#3652=DIRECTION('',(0.,0.,-1.));
#3653=DIRECTION('',(-3.44789759200359E-16,0.,1.));
#3654=DIRECTION('center_axis',(1.,0.,-3.37031989618351E-16));
#3655=DIRECTION('ref_axis',(-3.37031989618351E-16,0.,-1.));
#3656=DIRECTION('',(-3.37031989618351E-16,0.,-1.));
#3657=DIRECTION('',(0.,1.,0.));
#3658=DIRECTION('',(0.,0.,-1.));
#3659=DIRECTION('center_axis',(0.,1.,0.));
#3660=DIRECTION('ref_axis',(0.,0.,1.));
#3661=DIRECTION('center_axis',(-1.,0.,-4.44089209850062E-15));
#3662=DIRECTION('ref_axis',(6.28036983473508E-15,-0.707106781186546,-0.707106781186549));
#3663=DIRECTION('center_axis',(-1.,0.,0.));
#3664=DIRECTION('ref_axis',(6.28036983473508E-15,-0.707106781186546,-0.707106781186549));
#3665=DIRECTION('',(-1.,0.,-4.44089209850062E-15));
#3666=DIRECTION('center_axis',(1.,0.,-1.5419764230905E-15));
#3667=DIRECTION('ref_axis',(6.28036983473508E-15,-0.707106781186546,-0.707106781186549));
#3668=DIRECTION('',(1.,0.,4.44089209850062E-15));
#3669=DIRECTION('center_axis',(1.,0.,-1.5419764230905E-15));
#3670=DIRECTION('ref_axis',(-1.5419764230905E-15,0.,-1.));
#3671=DIRECTION('',(0.,1.,0.));
#3672=DIRECTION('',(0.,0.,-1.));
#3673=DIRECTION('',(0.,1.,0.));
#3674=DIRECTION('center_axis',(-1.,0.,1.5419764230905E-15));
#3675=DIRECTION('ref_axis',(0.,-0.707106781186546,-0.707106781186549));
#3676=DIRECTION('',(-1.5419764230905E-15,0.,-1.));
#3677=DIRECTION('',(0.,1.,0.));
#3678=DIRECTION('',(1.5419764230905E-15,0.,1.));
#3679=DIRECTION('center_axis',(-4.44089209850062E-15,0.,1.));
#3680=DIRECTION('ref_axis',(1.,0.,4.44089209850062E-15));
#3681=DIRECTION('',(0.,1.,0.));
#3682=DIRECTION('',(1.,0.,0.));
#3683=DIRECTION('center_axis',(-1.,0.,0.));
#3684=DIRECTION('ref_axis',(0.,-0.707106781186546,-0.707106781186549));
#3685=DIRECTION('',(1.,0.,0.));
#3686=DIRECTION('center_axis',(1.,0.,0.));
#3687=DIRECTION('ref_axis',(0.,-0.707106781186546,-0.707106781186549));
#3688=DIRECTION('',(-1.,0.,0.));
#3689=DIRECTION('center_axis',(0.,0.,-1.));
#3690=DIRECTION('ref_axis',(-1.,0.,0.));
#3691=DIRECTION('',(-1.,0.,0.));
#3692=DIRECTION('',(0.,1.,0.));
#3693=DIRECTION('center_axis',(0.,1.,0.));
#3694=DIRECTION('ref_axis',(0.,0.,1.));
#3695=DIRECTION('',(1.58603289232165E-16,0.,1.));
#3696=DIRECTION('',(-1.,0.,0.));
#3697=DIRECTION('',(-3.44789759200359E-16,0.,1.));
#3698=DIRECTION('center_axis',(0.,1.,0.));
#3699=DIRECTION('ref_axis',(0.,0.,1.));
#3700=DIRECTION('',(0.,0.,1.));
#3701=DIRECTION('center_axis',(0.,-1.,0.));
#3702=DIRECTION('ref_axis',(-8.8817841970012E-15,0.,-1.));
#3703=DIRECTION('',(-1.,0.,3.41607084500048E-16));
#3704=DIRECTION('center_axis',(0.,-1.,0.));
#3705=DIRECTION('ref_axis',(1.,0.,-8.88178419700113E-15));
#3706=DIRECTION('',(0.,0.,-1.));
#3707=DIRECTION('center_axis',(0.,-1.,0.));
#3708=DIRECTION('ref_axis',(8.8817841970012E-15,0.,1.));
#3709=DIRECTION('',(1.,0.,1.11022302462516E-15));
#3710=DIRECTION('center_axis',(0.,-1.,0.));
#3711=DIRECTION('ref_axis',(-1.,0.,-2.22044604925031E-15));
#3712=DIRECTION('',(0.,0.,1.));
#3713=DIRECTION('',(-1.,0.,-7.40148683083438E-16));
#3714=DIRECTION('',(0.,0.,-1.));
#3715=DIRECTION('center_axis',(0.,1.,0.));
#3716=DIRECTION('ref_axis',(1.,0.,-4.44089209850059E-15));
#3717=DIRECTION('',(-1.,0.,-8.88178419700124E-16));
#3718=DIRECTION('center_axis',(0.,1.,0.));
#3719=DIRECTION('ref_axis',(4.44089209850066E-15,0.,-1.));
#3720=DIRECTION('',(0.,0.,1.));
#3721=DIRECTION('center_axis',(0.,1.,0.));
#3722=DIRECTION('ref_axis',(-1.,0.,8.88178419700117E-15));
#3723=DIRECTION('',(1.,0.,0.));
#3724=DIRECTION('center_axis',(0.,1.,0.));
#3725=DIRECTION('ref_axis',(0.,0.,1.));
#3726=DIRECTION('center_axis',(1.,0.,0.));
#3727=DIRECTION('ref_axis',(0.,0.707106781186549,0.707106781186546));
#3728=DIRECTION('center_axis',(-1.,0.,0.));
#3729=DIRECTION('ref_axis',(0.,0.707106781186549,0.707106781186546));
#3730=DIRECTION('',(1.,0.,0.));
#3731=DIRECTION('center_axis',(1.,0.,0.));
#3732=DIRECTION('ref_axis',(0.,0.707106781186549,0.707106781186546));
#3733=DIRECTION('',(-1.,0.,0.));
#3734=DIRECTION('center_axis',(0.,0.,-1.));
#3735=DIRECTION('ref_axis',(1.,0.,0.));
#3736=DIRECTION('',(0.,-1.,0.));
#3737=DIRECTION('',(-1.,0.,0.));
#3738=DIRECTION('',(0.,-1.,0.));
#3739=DIRECTION('center_axis',(0.,1.,0.));
#3740=DIRECTION('ref_axis',(0.,0.,1.));
#3741=DIRECTION('',(-1.,0.,1.77635683940025E-16));
#3742=DIRECTION('',(0.,0.,-1.));
#3743=DIRECTION('',(1.,0.,1.52964061170577E-16));
#3744=DIRECTION('',(2.22044604925031E-17,0.,1.));
#3745=DIRECTION('',(0.,0.,1.));
#3746=DIRECTION('',(1.,0.,0.));
#3747=DIRECTION('',(0.,0.,-1.));
#3748=DIRECTION('center_axis',(-1.77635683940025E-16,0.,-1.));
#3749=DIRECTION('ref_axis',(-1.,0.,1.77635683940025E-16));
#3750=DIRECTION('',(1.,0.,-1.77635683940025E-16));
#3751=DIRECTION('',(0.,1.,0.));
#3752=DIRECTION('',(0.,1.,0.));
#3753=DIRECTION('center_axis',(-1.,0.,2.22044604925031E-17));
#3754=DIRECTION('ref_axis',(2.22044604925031E-17,0.,1.));
#3755=DIRECTION('',(-2.22044604925031E-17,0.,-1.));
#3756=DIRECTION('',(0.,1.,0.));
#3757=DIRECTION('center_axis',(-1.52964061170577E-16,0.,1.));
#3758=DIRECTION('ref_axis',(1.,0.,1.52964061170577E-16));
#3759=DIRECTION('',(-1.,0.,-1.52964061170577E-16));
#3760=DIRECTION('',(0.,1.,0.));
#3761=DIRECTION('center_axis',(1.,0.,0.));
#3762=DIRECTION('ref_axis',(0.,0.,-1.));
#3763=DIRECTION('',(0.,0.,1.));
#3764=DIRECTION('center_axis',(0.,1.,0.));
#3765=DIRECTION('ref_axis',(0.,0.,1.));
#3766=DIRECTION('center_axis',(0.,1.,0.));
#3767=DIRECTION('ref_axis',(0.,0.,1.));
#3768=DIRECTION('center_axis',(0.,-1.,0.));
#3769=DIRECTION('ref_axis',(0.,0.,1.));
#3770=DIRECTION('',(0.,1.,0.));
#3771=DIRECTION('center_axis',(0.,0.,1.));
#3772=DIRECTION('ref_axis',(1.,0.,0.));
#3773=DIRECTION('',(-1.,0.,0.));
#3774=DIRECTION('',(0.,1.,0.));
#3775=DIRECTION('center_axis',(0.,1.,0.));
#3776=DIRECTION('ref_axis',(-1.,0.,8.88178419700117E-15));
#3777=DIRECTION('center_axis',(0.,-1.,0.));
#3778=DIRECTION('ref_axis',(-1.,0.,8.88178419700117E-15));
#3779=DIRECTION('',(0.,1.,0.));
#3780=DIRECTION('center_axis',(-1.,0.,0.));
#3781=DIRECTION('ref_axis',(0.,0.,1.));
#3782=DIRECTION('',(0.,0.,-1.));
#3783=DIRECTION('',(0.,1.,0.));
#3784=DIRECTION('center_axis',(0.,1.,0.));
#3785=DIRECTION('ref_axis',(4.44089209850066E-15,0.,-1.));
#3786=DIRECTION('center_axis',(0.,-1.,0.));
#3787=DIRECTION('ref_axis',(4.44089209850066E-15,0.,-1.));
#3788=DIRECTION('',(0.,1.,0.));
#3789=DIRECTION('center_axis',(8.88178419700124E-16,0.,-1.));
#3790=DIRECTION('ref_axis',(-1.,0.,-8.88178419700124E-16));
#3791=DIRECTION('',(1.,0.,8.88178419700124E-16));
#3792=DIRECTION('',(0.,1.,0.));
#3793=DIRECTION('center_axis',(0.,1.,0.));
#3794=DIRECTION('ref_axis',(1.,0.,-4.44089209850059E-15));
#3795=DIRECTION('center_axis',(0.,-1.,0.));
#3796=DIRECTION('ref_axis',(1.,0.,-4.44089209850059E-15));
#3797=DIRECTION('',(0.,1.,0.));
#3798=DIRECTION('center_axis',(1.,0.,0.));
#3799=DIRECTION('ref_axis',(0.,0.,-1.));
#3800=DIRECTION('',(0.,-1.,0.));
#3801=DIRECTION('center_axis',(7.40148683083438E-16,0.,-1.));
#3802=DIRECTION('ref_axis',(-1.,0.,-7.40148683083438E-16));
#3803=DIRECTION('',(0.,-1.,0.));
#3804=DIRECTION('center_axis',(-1.,0.,0.));
#3805=DIRECTION('ref_axis',(0.,0.,1.));
#3806=DIRECTION('',(0.,1.,0.));
#3807=DIRECTION('',(0.,0.,-1.));
#3808=DIRECTION('center_axis',(0.,1.,0.));
#3809=DIRECTION('ref_axis',(-1.,0.,-2.22044604925031E-15));
#3810=DIRECTION('center_axis',(0.,1.,0.));
#3811=DIRECTION('ref_axis',(-1.,0.,-2.22044604925031E-15));
#3812=DIRECTION('',(0.,1.,0.));
#3813=DIRECTION('center_axis',(-1.11022302462516E-15,0.,1.));
#3814=DIRECTION('ref_axis',(1.,0.,1.11022302462516E-15));
#3815=DIRECTION('',(-1.,0.,-1.11022302462516E-15));
#3816=DIRECTION('',(0.,1.,0.));
#3817=DIRECTION('center_axis',(0.,1.,0.));
#3818=DIRECTION('ref_axis',(8.8817841970012E-15,0.,1.));
#3819=DIRECTION('center_axis',(0.,1.,0.));
#3820=DIRECTION('ref_axis',(8.8817841970012E-15,0.,1.));
#3821=DIRECTION('',(0.,1.,0.));
#3822=DIRECTION('center_axis',(1.,0.,0.));
#3823=DIRECTION('ref_axis',(0.,0.,-1.));
#3824=DIRECTION('',(0.,0.,1.));
#3825=DIRECTION('',(0.,1.,0.));
#3826=DIRECTION('center_axis',(0.,1.,0.));
#3827=DIRECTION('ref_axis',(1.,0.,-8.88178419700113E-15));
#3828=DIRECTION('center_axis',(0.,1.,0.));
#3829=DIRECTION('ref_axis',(1.,0.,-8.88178419700113E-15));
#3830=DIRECTION('',(0.,1.,0.));
#3831=DIRECTION('center_axis',(-3.41607084500048E-16,0.,-1.));
#3832=DIRECTION('ref_axis',(-1.,0.,3.41607084500048E-16));
#3833=DIRECTION('',(1.,0.,-3.41607084500048E-16));
#3834=DIRECTION('',(0.,1.,0.));
#3835=DIRECTION('center_axis',(0.,1.,0.));
#3836=DIRECTION('ref_axis',(-8.8817841970012E-15,0.,-1.));
#3837=DIRECTION('center_axis',(0.,1.,0.));
#3838=DIRECTION('ref_axis',(-8.8817841970012E-15,0.,-1.));
#3839=DIRECTION('',(0.,1.,0.));
#3840=DIRECTION('center_axis',(-1.,0.,0.));
#3841=DIRECTION('ref_axis',(0.,0.,1.));
#3842=DIRECTION('',(0.,0.,-1.));
#3843=DIRECTION('center_axis',(0.,1.,0.));
#3844=DIRECTION('ref_axis',(0.,0.,1.));
#3845=DIRECTION('',(1.58603289232165E-16,0.,1.));
#3846=DIRECTION('',(-1.,0.,-7.93016446160826E-17));
#3847=DIRECTION('center_axis',(-1.,0.,1.58603289232165E-16));
#3848=DIRECTION('ref_axis',(1.58603289232165E-16,0.,1.));
#3849=DIRECTION('',(0.,1.,0.));
#3850=DIRECTION('center_axis',(7.93016446160826E-17,0.,-1.));
#3851=DIRECTION('ref_axis',(-1.,0.,-7.93016446160826E-17));
#3852=DIRECTION('center_axis',(0.,1.,0.));
#3853=DIRECTION('ref_axis',(0.,0.,1.));
#3854=DIRECTION('axis',(0.,0.,1.));
#3855=DIRECTION('refdir',(1.,0.,0.));
#3856=DIRECTION('',(0.,0.,1.));
#3857=DIRECTION('',(1.,0.,0.));
#3858=DIRECTION('',(0.,0.,1.));
#3859=DIRECTION('',(1.,0.,0.));
#3860=CARTESIAN_POINT('',(0.,0.,0.));
#3861=CARTESIAN_POINT('',(0.,0.,0.));
#3862=CARTESIAN_POINT('Origin',(1.16141732283465,0.590551181102362,3.15479049676293));
#3863=CARTESIAN_POINT('',(1.33858267716535,0.590551181102362,3.11542041802278));
#3864=CARTESIAN_POINT('',(1.33858267716535,0.551181102362205,3.15479049676293));
#3865=CARTESIAN_POINT('Origin',(1.33858267716535,0.590551181102362,3.15479049676293));
#3866=CARTESIAN_POINT('',(1.10236220472441,0.590551181102362,3.11542041802278));
#3867=CARTESIAN_POINT('',(1.16141732283465,0.590551181102362,3.11542041802278));
#3868=CARTESIAN_POINT('',(1.10236220472441,0.551181102362205,3.15479049676293));
#3869=CARTESIAN_POINT('Origin',(1.10236220472441,0.590551181102362,3.15479049676293));
#3870=CARTESIAN_POINT('',(1.16141732283465,0.551181102362205,3.15479049676293));
#3871=CARTESIAN_POINT('Origin',(1.10236220472441,0.551181102362205,3.38628655975506));
#3872=CARTESIAN_POINT('',(1.10236220472441,0.826771653543307,3.11542041802278));
#3873=CARTESIAN_POINT('',(1.10236220472441,0.551181102362205,3.11542041802278));
#3874=CARTESIAN_POINT('',(1.10236220472441,0.826771653543307,3.27290073298341));
#3875=CARTESIAN_POINT('',(1.10236220472441,0.826771653543307,3.27290073298341));
#3876=CARTESIAN_POINT('',(1.10236220472441,0.748031496062992,3.27290073298341));
#3877=CARTESIAN_POINT('',(1.10236220472441,0.708661417322835,3.27290073298341));
#3878=CARTESIAN_POINT('',(1.10236220472441,0.708661417322835,3.31227081172356));
#3879=CARTESIAN_POINT('Origin',(1.10236220472441,0.748031496062992,3.31227081172356));
#3880=CARTESIAN_POINT('',(1.10236220472441,0.708661417322835,3.38628655975506));
#3881=CARTESIAN_POINT('',(1.10236220472441,0.708661417322835,3.38628655975506));
#3882=CARTESIAN_POINT('',(1.10236220472441,0.551181102362205,3.38628655975506));
#3883=CARTESIAN_POINT('',(1.10236220472441,0.551181102362205,3.38628655975506));
#3884=CARTESIAN_POINT('',(1.10236220472441,0.551181102362205,3.28763146885391));
#3885=CARTESIAN_POINT('Origin',(1.10236220472441,0.551181102362205,3.11542041802278));
#3886=CARTESIAN_POINT('',(1.33858267716535,0.826771653543307,3.11542041802278));
#3887=CARTESIAN_POINT('',(1.33858267716535,0.551181102362205,3.11542041802278));
#3888=CARTESIAN_POINT('',(1.10236220472441,0.826771653543307,3.11542041802278));
#3889=CARTESIAN_POINT('Origin',(1.27952755905512,0.748031496062992,3.31227081172356));
#3890=CARTESIAN_POINT('',(1.33858267716535,0.748031496062992,3.27290073298341));
#3891=CARTESIAN_POINT('',(1.27952755905512,0.748031496062992,3.27290073298341));
#3892=CARTESIAN_POINT('',(1.33858267716535,0.708661417322835,3.31227081172356));
#3893=CARTESIAN_POINT('Origin',(1.33858267716535,0.748031496062992,3.31227081172356));
#3894=CARTESIAN_POINT('',(1.27952755905512,0.708661417322835,3.31227081172356));
#3895=CARTESIAN_POINT('Origin',(1.33858267716535,0.708661417322835,3.27290073298341));
#3896=CARTESIAN_POINT('',(1.33858267716535,0.826771653543307,3.27290073298341));
#3897=CARTESIAN_POINT('',(1.33858267716535,0.826771653543307,3.27290073298341));
#3898=CARTESIAN_POINT('',(1.33858267716535,0.708661417322835,3.27290073298341));
#3899=CARTESIAN_POINT('Origin',(1.22047244094488,0.708661417322835,3.18897637795276));
#3900=CARTESIAN_POINT('',(1.33858267716535,0.708661417322835,3.622507032196));
#3901=CARTESIAN_POINT('',(1.33858267716535,0.708661417322835,3.11542041802278));
#3902=CARTESIAN_POINT('',(1.2992125984252,0.708661417322835,3.66187711093616));
#3903=CARTESIAN_POINT('Origin',(1.2992125984252,0.708661417322835,3.622507032196));
#3904=CARTESIAN_POINT('',(0.78740157480315,0.708661417322835,3.66187711093616));
#3905=CARTESIAN_POINT('',(1.2992125984252,0.708661417322835,3.66187711093616));
#3906=CARTESIAN_POINT('',(0.748031496062993,0.708661417322835,3.622507032196));
#3907=CARTESIAN_POINT('Origin',(0.787401574803151,0.708661417322835,3.622507032196));
#3908=CARTESIAN_POINT('',(0.748031496062993,0.708661417322835,2.86581411881018));
#3909=CARTESIAN_POINT('',(0.748031496062993,0.708661417322835,3.622507032196));
#3910=CARTESIAN_POINT('',(0.78740157480315,0.708661417322835,2.82644404007002));
#3911=CARTESIAN_POINT('Origin',(0.78740157480315,0.708661417322835,2.86581411881018));
#3912=CARTESIAN_POINT('',(1.65354330708661,0.708661417322835,2.82644404007002));
#3913=CARTESIAN_POINT('',(0.78740157480315,0.708661417322835,2.82644404007002));
#3914=CARTESIAN_POINT('',(1.69291338582677,0.708661417322835,2.86581411881018));
#3915=CARTESIAN_POINT('Origin',(1.65354330708661,0.708661417322835,2.86581411881018));
#3916=CARTESIAN_POINT('',(1.69291338582677,0.708661417322835,3.27290073298341));
#3917=CARTESIAN_POINT('',(1.69291338582677,0.708661417322835,2.86581411881018));
#3918=CARTESIAN_POINT('',(1.45669291338583,0.708661417322835,3.27290073298341));
#3919=CARTESIAN_POINT('',(1.69291338582677,0.708661417322835,3.27290073298341));
#3920=CARTESIAN_POINT('',(1.45669291338583,0.708661417322835,3.10203459125112));
#3921=CARTESIAN_POINT('',(1.45669291338583,0.708661417322835,3.27290073298341));
#3922=CARTESIAN_POINT('',(1.41732283464567,0.708661417322835,3.06266451251096));
#3923=CARTESIAN_POINT('Origin',(1.41732283464567,0.708661417322835,3.10203459125112));
#3924=CARTESIAN_POINT('',(1.02362204724409,0.708661417322835,3.06266451251096));
#3925=CARTESIAN_POINT('',(1.41732283464567,0.708661417322835,3.06266451251096));
#3926=CARTESIAN_POINT('',(0.984251968503937,0.708661417322835,3.10203459125112));
#3927=CARTESIAN_POINT('Origin',(1.02362204724409,0.708661417322835,3.10203459125112));
#3928=CARTESIAN_POINT('',(0.984251968503937,0.708661417322835,3.38628655975506));
#3929=CARTESIAN_POINT('',(0.984251968503937,0.708661417322835,3.10203459125112));
#3930=CARTESIAN_POINT('',(1.02362204724409,0.708661417322835,3.42565663849522));
#3931=CARTESIAN_POINT('Origin',(1.0236220472441,0.708661417322835,3.38628655975506));
#3932=CARTESIAN_POINT('',(1.06299212598425,0.708661417322835,3.42565663849522));
#3933=CARTESIAN_POINT('',(1.02362204724409,0.708661417322835,3.42565663849522));
#3934=CARTESIAN_POINT('Origin',(1.06299212598425,0.708661417322835,3.38628655975506));
#3935=CARTESIAN_POINT('Origin',(1.33858267716535,0.511811023622047,3.07605033928262));
#3936=CARTESIAN_POINT('',(1.45669291338583,0.541388409403138,3.10203459125112));
#3937=CARTESIAN_POINT('',(1.45669291338583,0.511811023622047,3.11542041802278));
#3938=CARTESIAN_POINT('Origin',(1.45669291338583,0.511811023622047,3.07605033928262));
#3939=CARTESIAN_POINT('',(1.69291338582677,0.511811023622047,3.11542041802278));
#3940=CARTESIAN_POINT('',(1.33858267716535,0.511811023622047,3.11542041802278));
#3941=CARTESIAN_POINT('',(1.69291338582677,0.551181102362205,3.07605033928262));
#3942=CARTESIAN_POINT('Origin',(1.69291338582677,0.511811023622047,3.07605033928262));
#3943=CARTESIAN_POINT('',(1.44690022042676,0.551181102362205,3.07605033928262));
#3944=CARTESIAN_POINT('',(1.33858267716535,0.551181102362205,3.07605033928262));
#3945=CARTESIAN_POINT('Ctrl Pts',(1.45669291338583,0.54138840940314,3.10203459125112));
#3946=CARTESIAN_POINT('Ctrl Pts',(1.45669291338583,0.542337627138706,3.10095411453818));
#3947=CARTESIAN_POINT('Ctrl Pts',(1.45664828174287,0.543222012297147,3.09982773933672));
#3948=CARTESIAN_POINT('Ctrl Pts',(1.45633464832606,0.545785662810611,3.09617482698679));
#3949=CARTESIAN_POINT('Ctrl Pts',(1.45582933360271,0.547351975453303,3.09327705732242));
#3950=CARTESIAN_POINT('Ctrl Pts',(1.45400431715517,0.549638320305386,3.08740880114299));
#3951=CARTESIAN_POINT('Ctrl Pts',(1.45267459067457,0.550365523889148,3.08444423432895));
#3952=CARTESIAN_POINT('Ctrl Pts',(1.44990539726789,0.551055421287439,3.07980825547661));
#3953=CARTESIAN_POINT('Ctrl Pts',(1.44849080918331,0.551181102362205,3.07786087657762));
#3954=CARTESIAN_POINT('Ctrl Pts',(1.44690022042676,0.551181102362205,3.07605033928262));
#3955=CARTESIAN_POINT('Origin',(1.45669291338583,0.551181102362205,3.11542041802278));
#3956=CARTESIAN_POINT('',(1.45669291338583,0.433070866141732,3.11542041802278));
#3957=CARTESIAN_POINT('',(1.45669291338583,0.551181102362205,3.11542041802278));
#3958=CARTESIAN_POINT('',(1.69291338582677,0.433070866141732,3.11542041802278));
#3959=CARTESIAN_POINT('',(1.33858267716535,0.433070866141732,3.11542041802278));
#3960=CARTESIAN_POINT('',(1.69291338582677,0.551181102362205,3.11542041802278));
#3961=CARTESIAN_POINT('Origin',(1.22047244094488,0.433070866141732,3.18897637795275));
#3962=CARTESIAN_POINT('',(2.20472440944882,0.433070866141732,4.17322834645669));
#3963=CARTESIAN_POINT('',(0.236220472440946,0.433070866141732,4.17322834645669));
#3964=CARTESIAN_POINT('',(2.20472440944882,0.433070866141732,4.17322834645669));
#3965=CARTESIAN_POINT('',(0.236220472440946,0.433070866141732,2.20472440944882));
#3966=CARTESIAN_POINT('',(0.236220472440946,0.433070866141732,4.17322834645669));
#3967=CARTESIAN_POINT('',(2.20472440944882,0.433070866141732,2.20472440944882));
#3968=CARTESIAN_POINT('',(0.236220472440946,0.433070866141732,2.20472440944882));
#3969=CARTESIAN_POINT('',(2.20472440944882,0.433070866141732,2.20472440944882));
#3970=CARTESIAN_POINT('',(1.45669291338583,0.433070866141732,3.27290073298341));
#3971=CARTESIAN_POINT('',(1.45669291338583,0.433070866141732,3.23093855546808));
#3972=CARTESIAN_POINT('',(1.69291338582677,0.433070866141732,3.27290073298341));
#3973=CARTESIAN_POINT('',(1.45669291338583,0.433070866141732,3.27290073298341));
#3974=CARTESIAN_POINT('',(1.69291338582677,0.433070866141732,3.15219839798777));
#3975=CARTESIAN_POINT('Origin',(2.20472440944882,0.118110236220472,4.17322834645669));
#3976=CARTESIAN_POINT('',(0.236220472440946,0.118110236220472,4.17322834645669));
#3977=CARTESIAN_POINT('',(2.20472440944882,0.118110236220472,4.17322834645669));
#3978=CARTESIAN_POINT('',(1.71259842519685,0.118110236220472,4.17322834645669));
#3979=CARTESIAN_POINT('',(0.236220472440946,0.118110236220472,4.17322834645669));
#3980=CARTESIAN_POINT('',(2.20472440944882,0.118110236220472,4.17322834645669));
#3981=CARTESIAN_POINT('Origin',(2.20472440944882,0.118110236220472,2.20472440944882));
#3982=CARTESIAN_POINT('',(2.20472440944882,0.118110236220472,2.20472440944882));
#3983=CARTESIAN_POINT('',(2.20472440944882,0.118110236220472,2.69685039370079));
#3984=CARTESIAN_POINT('',(2.20472440944882,0.118110236220472,2.20472440944882));
#3985=CARTESIAN_POINT('Origin',(0.236220472440946,0.118110236220472,2.20472440944882));
#3986=CARTESIAN_POINT('',(0.236220472440946,0.118110236220472,2.20472440944882));
#3987=CARTESIAN_POINT('',(0.728346456692914,0.118110236220472,2.20472440944882));
#3988=CARTESIAN_POINT('',(0.236220472440946,0.118110236220472,2.20472440944882));
#3989=CARTESIAN_POINT('Origin',(0.236220472440946,0.118110236220472,4.17322834645669));
#3990=CARTESIAN_POINT('',(0.236220472440946,0.118110236220472,3.68110236220472));
#3991=CARTESIAN_POINT('Origin',(1.22047244094488,0.118110236220472,3.18897637795276));
#3992=CARTESIAN_POINT('Origin',(1.06299212598425,0.551181102362205,3.38628655975506));
#3993=CARTESIAN_POINT('',(1.06299212598425,0.551181102362205,3.42565663849522));
#3994=CARTESIAN_POINT('Origin',(1.06299212598425,0.551181102362205,3.38628655975506));
#3995=CARTESIAN_POINT('',(1.06299212598425,0.551181102362205,3.42565663849522));
#3996=CARTESIAN_POINT('Origin',(1.02362204724409,0.551181102362205,3.42565663849522));
#3997=CARTESIAN_POINT('',(1.02362204724409,0.551181102362205,3.42565663849522));
#3998=CARTESIAN_POINT('',(1.12204724409449,0.551181102362205,3.42565663849522));
#3999=CARTESIAN_POINT('',(1.02362204724409,0.551181102362205,3.42565663849522));
#4000=CARTESIAN_POINT('Origin',(1.0236220472441,0.551181102362205,3.38628655975506));
#4001=CARTESIAN_POINT('',(0.984251968503937,0.551181102362205,3.38628655975506));
#4002=CARTESIAN_POINT('Origin',(1.0236220472441,0.551181102362205,3.38628655975506));
#4003=CARTESIAN_POINT('',(0.984251968503937,0.551181102362205,3.38628655975506));
#4004=CARTESIAN_POINT('Origin',(0.984251968503937,0.551181102362205,3.10203459125112));
#4005=CARTESIAN_POINT('',(0.984251968503937,0.551181102362205,3.10203459125112));
#4006=CARTESIAN_POINT('',(0.984251968503937,0.551181102362205,3.14550548460194));
#4007=CARTESIAN_POINT('',(0.984251968503937,0.551181102362205,3.10203459125112));
#4008=CARTESIAN_POINT('Origin',(1.02362204724409,0.551181102362205,3.10203459125112));
#4009=CARTESIAN_POINT('',(1.02362204724409,0.551181102362205,3.06266451251096));
#4010=CARTESIAN_POINT('Origin',(1.02362204724409,0.551181102362205,3.10203459125112));
#4011=CARTESIAN_POINT('',(1.02362204724409,0.551181102362205,3.06266451251096));
#4012=CARTESIAN_POINT('Origin',(1.41732283464567,0.551181102362205,3.06266451251096));
#4013=CARTESIAN_POINT('',(1.41732283464567,0.551181102362205,3.06266451251096));
#4014=CARTESIAN_POINT('',(1.31889763779528,0.551181102362205,3.06266451251096));
#4015=CARTESIAN_POINT('',(1.41732283464567,0.551181102362205,3.06266451251096));
#4016=CARTESIAN_POINT('Origin',(1.41732283464567,0.551181102362205,3.10203459125112));
#4017=CARTESIAN_POINT('Origin',(1.41732283464567,0.551181102362205,3.10203459125112));
#4018=CARTESIAN_POINT('',(1.45669291338583,0.551181102362205,3.10203459125112));
#4019=CARTESIAN_POINT('Origin',(1.45669291338583,0.551181102362205,3.27290073298341));
#4020=CARTESIAN_POINT('',(1.45669291338583,0.551181102362205,3.27290073298341));
#4021=CARTESIAN_POINT('Origin',(1.69291338582677,0.551181102362205,3.27290073298341));
#4022=CARTESIAN_POINT('',(1.69291338582677,0.551181102362205,3.27290073298341));
#4023=CARTESIAN_POINT('Origin',(1.69291338582677,0.551181102362205,2.86581411881018));
#4024=CARTESIAN_POINT('',(1.69291338582677,0.551181102362205,2.86581411881018));
#4025=CARTESIAN_POINT('',(1.69291338582677,0.551181102362205,2.86581411881018));
#4026=CARTESIAN_POINT('',(1.69291338582677,0.551181102362205,3.02739524838147));
#4027=CARTESIAN_POINT('Origin',(1.65354330708661,0.551181102362205,2.86581411881018));
#4028=CARTESIAN_POINT('',(1.65354330708661,0.551181102362205,2.82644404007002));
#4029=CARTESIAN_POINT('Origin',(1.65354330708661,0.551181102362205,2.86581411881018));
#4030=CARTESIAN_POINT('',(1.65354330708661,0.551181102362205,2.82644404007002));
#4031=CARTESIAN_POINT('Origin',(0.78740157480315,0.551181102362205,2.82644404007002));
#4032=CARTESIAN_POINT('',(0.78740157480315,0.551181102362205,2.82644404007002));
#4033=CARTESIAN_POINT('',(1.00393700787402,0.551181102362205,2.82644404007002));
#4034=CARTESIAN_POINT('',(0.78740157480315,0.551181102362205,2.82644404007002));
#4035=CARTESIAN_POINT('Origin',(0.78740157480315,0.551181102362205,2.86581411881018));
#4036=CARTESIAN_POINT('',(0.748031496062993,0.551181102362205,2.86581411881018));
#4037=CARTESIAN_POINT('Origin',(0.78740157480315,0.551181102362205,2.86581411881018));
#4038=CARTESIAN_POINT('',(0.748031496062993,0.551181102362205,2.86581411881018));
#4039=CARTESIAN_POINT('Origin',(0.748031496062993,0.551181102362205,3.622507032196));
#4040=CARTESIAN_POINT('',(0.748031496062993,0.551181102362205,3.622507032196));
#4041=CARTESIAN_POINT('',(0.748031496062993,0.551181102362205,3.40574170507438));
#4042=CARTESIAN_POINT('',(0.748031496062993,0.551181102362205,3.622507032196));
#4043=CARTESIAN_POINT('Origin',(0.787401574803151,0.551181102362205,3.622507032196));
#4044=CARTESIAN_POINT('',(0.78740157480315,0.551181102362205,3.66187711093616));
#4045=CARTESIAN_POINT('Origin',(0.787401574803151,0.551181102362205,3.622507032196));
#4046=CARTESIAN_POINT('',(0.78740157480315,0.551181102362205,3.66187711093616));
#4047=CARTESIAN_POINT('Origin',(1.2992125984252,0.551181102362205,3.66187711093616));
#4048=CARTESIAN_POINT('',(1.2992125984252,0.551181102362205,3.66187711093616));
#4049=CARTESIAN_POINT('',(1.25984251968504,0.551181102362205,3.66187711093616));
#4050=CARTESIAN_POINT('',(1.2992125984252,0.551181102362205,3.66187711093616));
#4051=CARTESIAN_POINT('Origin',(1.2992125984252,0.551181102362205,3.622507032196));
#4052=CARTESIAN_POINT('',(1.33858267716535,0.551181102362205,3.622507032196));
#4053=CARTESIAN_POINT('Origin',(1.2992125984252,0.551181102362205,3.622507032196));
#4054=CARTESIAN_POINT('',(1.33858267716535,0.551181102362205,3.622507032196));
#4055=CARTESIAN_POINT('Origin',(1.33858267716535,0.551181102362205,3.11542041802278));
#4056=CARTESIAN_POINT('',(1.33858267716535,0.551181102362205,3.15219839798777));
#4057=CARTESIAN_POINT('',(1.33858267716535,0.826771653543307,3.11542041802278));
#4058=CARTESIAN_POINT('Origin',(1.22047244094488,0.551181102362205,3.18897637795275));
#4059=CARTESIAN_POINT('Origin',(-1.04330708661417,0.590551181102362,3.15479049676293));
#4060=CARTESIAN_POINT('',(-0.866141732283464,0.590551181102362,3.11542041802278));
#4061=CARTESIAN_POINT('',(-0.866141732283464,0.551181102362205,3.15479049676293));
#4062=CARTESIAN_POINT('Origin',(-0.866141732283464,0.590551181102362,3.15479049676293));
#4063=CARTESIAN_POINT('',(-1.10236220472441,0.590551181102362,3.11542041802278));
#4064=CARTESIAN_POINT('',(-1.04330708661417,0.590551181102362,3.11542041802278));
#4065=CARTESIAN_POINT('',(-1.10236220472441,0.551181102362205,3.15479049676293));
#4066=CARTESIAN_POINT('Origin',(-1.10236220472441,0.590551181102362,3.15479049676293));
#4067=CARTESIAN_POINT('',(-1.04330708661417,0.551181102362205,3.15479049676293));
#4068=CARTESIAN_POINT('Origin',(-1.10236220472441,0.551181102362205,3.38628655975506));
#4069=CARTESIAN_POINT('',(-1.10236220472441,0.826771653543307,3.11542041802278));
#4070=CARTESIAN_POINT('',(-1.10236220472441,0.551181102362205,3.11542041802278));
#4071=CARTESIAN_POINT('',(-1.10236220472441,0.826771653543307,3.27290073298341));
#4072=CARTESIAN_POINT('',(-1.10236220472441,0.826771653543307,3.27290073298341));
#4073=CARTESIAN_POINT('',(-1.10236220472441,0.748031496062992,3.27290073298341));
#4074=CARTESIAN_POINT('',(-1.10236220472441,0.708661417322835,3.27290073298341));
#4075=CARTESIAN_POINT('',(-1.10236220472441,0.708661417322835,3.31227081172356));
#4076=CARTESIAN_POINT('Origin',(-1.10236220472441,0.748031496062992,3.31227081172356));
#4077=CARTESIAN_POINT('',(-1.10236220472441,0.708661417322835,3.38628655975506));
#4078=CARTESIAN_POINT('',(-1.10236220472441,0.708661417322835,3.38628655975506));
#4079=CARTESIAN_POINT('',(-1.10236220472441,0.551181102362205,3.38628655975506));
#4080=CARTESIAN_POINT('',(-1.10236220472441,0.551181102362205,3.38628655975506));
#4081=CARTESIAN_POINT('',(-1.10236220472441,0.551181102362205,3.28763146885391));
#4082=CARTESIAN_POINT('Origin',(-1.10236220472441,0.551181102362205,3.11542041802278));
#4083=CARTESIAN_POINT('',(-0.866141732283464,0.826771653543307,3.11542041802278));
#4084=CARTESIAN_POINT('',(-0.866141732283464,0.551181102362205,3.11542041802278));
#4085=CARTESIAN_POINT('',(-1.10236220472441,0.826771653543307,3.11542041802278));
#4086=CARTESIAN_POINT('Origin',(-0.925196850393701,0.748031496062992,3.31227081172356));
#4087=CARTESIAN_POINT('',(-0.866141732283464,0.748031496062992,3.27290073298341));
#4088=CARTESIAN_POINT('',(-0.925196850393701,0.748031496062992,3.27290073298341));
#4089=CARTESIAN_POINT('',(-0.866141732283464,0.708661417322835,3.31227081172356));
#4090=CARTESIAN_POINT('Origin',(-0.866141732283464,0.748031496062992,3.31227081172356));
#4091=CARTESIAN_POINT('',(-0.925196850393701,0.708661417322835,3.31227081172356));
#4092=CARTESIAN_POINT('Origin',(-0.866141732283464,0.708661417322835,3.27290073298341));
#4093=CARTESIAN_POINT('',(-0.866141732283464,0.826771653543307,3.27290073298341));
#4094=CARTESIAN_POINT('',(-0.866141732283464,0.826771653543307,3.27290073298341));
#4095=CARTESIAN_POINT('',(-0.866141732283464,0.708661417322835,3.27290073298341));
#4096=CARTESIAN_POINT('Origin',(-0.984251968503937,0.708661417322835,3.18897637795276));
#4097=CARTESIAN_POINT('',(-0.866141732283464,0.708661417322835,3.622507032196));
#4098=CARTESIAN_POINT('',(-0.866141732283464,0.708661417322835,3.11542041802278));
#4099=CARTESIAN_POINT('',(-0.905511811023622,0.708661417322835,3.66187711093616));
#4100=CARTESIAN_POINT('Origin',(-0.905511811023622,0.708661417322835,3.622507032196));
#4101=CARTESIAN_POINT('',(-1.41732283464567,0.708661417322835,3.66187711093616));
#4102=CARTESIAN_POINT('',(-0.905511811023622,0.708661417322835,3.66187711093616));
#4103=CARTESIAN_POINT('',(-1.45669291338583,0.708661417322835,3.622507032196));
#4104=CARTESIAN_POINT('Origin',(-1.41732283464567,0.708661417322835,3.622507032196));
#4105=CARTESIAN_POINT('',(-1.45669291338583,0.708661417322835,2.86581411881018));
#4106=CARTESIAN_POINT('',(-1.45669291338583,0.708661417322835,3.622507032196));
#4107=CARTESIAN_POINT('',(-1.41732283464567,0.708661417322835,2.82644404007002));
#4108=CARTESIAN_POINT('Origin',(-1.41732283464567,0.708661417322835,2.86581411881018));
#4109=CARTESIAN_POINT('',(-0.551181102362205,0.708661417322835,2.82644404007002));
#4110=CARTESIAN_POINT('',(-1.41732283464567,0.708661417322835,2.82644404007002));
#4111=CARTESIAN_POINT('',(-0.511811023622047,0.708661417322835,2.86581411881018));
#4112=CARTESIAN_POINT('Origin',(-0.551181102362205,0.708661417322835,2.86581411881018));
#4113=CARTESIAN_POINT('',(-0.511811023622047,0.708661417322835,3.27290073298341));
#4114=CARTESIAN_POINT('',(-0.511811023622047,0.708661417322835,2.86581411881018));
#4115=CARTESIAN_POINT('',(-0.748031496062992,0.708661417322835,3.27290073298341));
#4116=CARTESIAN_POINT('',(-0.511811023622047,0.708661417322835,3.27290073298341));
#4117=CARTESIAN_POINT('',(-0.748031496062992,0.708661417322835,3.10203459125112));
#4118=CARTESIAN_POINT('',(-0.748031496062992,0.708661417322835,3.27290073298341));
#4119=CARTESIAN_POINT('',(-0.787401574803149,0.708661417322835,3.06266451251096));
#4120=CARTESIAN_POINT('Origin',(-0.78740157480315,0.708661417322835,3.10203459125112));
#4121=CARTESIAN_POINT('',(-1.18110236220472,0.708661417322835,3.06266451251096));
#4122=CARTESIAN_POINT('',(-0.787401574803149,0.708661417322835,3.06266451251096));
#4123=CARTESIAN_POINT('',(-1.22047244094488,0.708661417322835,3.10203459125112));
#4124=CARTESIAN_POINT('Origin',(-1.18110236220472,0.708661417322835,3.10203459125112));
#4125=CARTESIAN_POINT('',(-1.22047244094488,0.708661417322835,3.38628655975506));
#4126=CARTESIAN_POINT('',(-1.22047244094488,0.708661417322835,3.10203459125112));
#4127=CARTESIAN_POINT('',(-1.18110236220472,0.708661417322835,3.42565663849522));
#4128=CARTESIAN_POINT('Origin',(-1.18110236220472,0.708661417322835,3.38628655975506));
#4129=CARTESIAN_POINT('',(-1.14173228346457,0.708661417322835,3.42565663849522));
#4130=CARTESIAN_POINT('',(-1.18110236220472,0.708661417322835,3.42565663849522));
#4131=CARTESIAN_POINT('Origin',(-1.14173228346457,0.708661417322835,3.38628655975506));
#4132=CARTESIAN_POINT('Origin',(-0.866141732283464,0.511811023622047,3.07605033928262));
#4133=CARTESIAN_POINT('',(-0.748031496062991,0.541388409403138,3.10203459125112));
#4134=CARTESIAN_POINT('',(-0.748031496062992,0.511811023622047,3.11542041802278));
#4135=CARTESIAN_POINT('Origin',(-0.748031496062992,0.511811023622047,3.07605033928262));
#4136=CARTESIAN_POINT('',(-0.511811023622047,0.511811023622047,3.11542041802278));
#4137=CARTESIAN_POINT('',(-0.866141732283464,0.511811023622047,3.11542041802278));
#4138=CARTESIAN_POINT('',(-0.511811023622047,0.551181102362205,3.07605033928262));
#4139=CARTESIAN_POINT('Origin',(-0.511811023622047,0.511811023622047,3.07605033928262));
#4140=CARTESIAN_POINT('',(-0.757824189022058,0.551181102362205,3.07605033928262));
#4141=CARTESIAN_POINT('',(-0.866141732283464,0.551181102362205,3.07605033928262));
#4142=CARTESIAN_POINT('Ctrl Pts',(-0.748031496062992,0.54138840940314,3.10203459125112));
#4143=CARTESIAN_POINT('Ctrl Pts',(-0.748031496062992,0.542337627138706,
3.10095411453818));
#4144=CARTESIAN_POINT('Ctrl Pts',(-0.74807612770595,0.543222012297147,3.09982773933672));
#4145=CARTESIAN_POINT('Ctrl Pts',(-0.748389761122759,0.545785662810611,
3.09617482698679));
#4146=CARTESIAN_POINT('Ctrl Pts',(-0.748895075846108,0.547351975453303,
3.09327705732242));
#4147=CARTESIAN_POINT('Ctrl Pts',(-0.750720092293646,0.549638320305386,
3.08740880114299));
#4148=CARTESIAN_POINT('Ctrl Pts',(-0.752049818774248,0.550365523889148,
3.08444423432895));
#4149=CARTESIAN_POINT('Ctrl Pts',(-0.75481901218093,0.551055421287439,3.07980825547661));
#4150=CARTESIAN_POINT('Ctrl Pts',(-0.756233600265505,0.551181102362205,
3.07786087657762));
#4151=CARTESIAN_POINT('Ctrl Pts',(-0.757824189022059,0.551181102362205,
3.07605033928262));
#4152=CARTESIAN_POINT('Origin',(-0.748031496062992,0.551181102362205,3.11542041802278));
#4153=CARTESIAN_POINT('',(-0.748031496062992,0.433070866141732,3.11542041802278));
#4154=CARTESIAN_POINT('',(-0.748031496062992,0.551181102362205,3.11542041802278));
#4155=CARTESIAN_POINT('',(-0.511811023622047,0.433070866141732,3.11542041802278));
#4156=CARTESIAN_POINT('',(-0.866141732283464,0.433070866141732,3.11542041802278));
#4157=CARTESIAN_POINT('',(-0.511811023622047,0.551181102362205,3.11542041802278));
#4158=CARTESIAN_POINT('Origin',(-0.984251968503937,0.433070866141732,3.18897637795275));
#4159=CARTESIAN_POINT('',(6.99353086378051E-16,0.433070866141732,4.17322834645669));
#4160=CARTESIAN_POINT('',(-1.96850393700787,0.433070866141732,4.17322834645669));
#4161=CARTESIAN_POINT('',(6.99353086378051E-16,0.433070866141732,4.17322834645669));
#4162=CARTESIAN_POINT('',(-1.96850393700787,0.433070866141732,2.20472440944882));
#4163=CARTESIAN_POINT('',(-1.96850393700787,0.433070866141732,4.17322834645669));
#4164=CARTESIAN_POINT('',(6.99353086378051E-16,0.433070866141732,2.20472440944882));
#4165=CARTESIAN_POINT('',(-1.96850393700787,0.433070866141732,2.20472440944882));
#4166=CARTESIAN_POINT('',(6.99353086378051E-16,0.433070866141732,2.20472440944882));
#4167=CARTESIAN_POINT('',(-0.748031496062992,0.433070866141732,3.27290073298341));
#4168=CARTESIAN_POINT('',(-0.748031496062992,0.433070866141732,3.23093855546808));
#4169=CARTESIAN_POINT('',(-0.511811023622047,0.433070866141732,3.27290073298341));
#4170=CARTESIAN_POINT('',(-0.748031496062991,0.433070866141732,3.27290073298341));
#4171=CARTESIAN_POINT('',(-0.511811023622047,0.433070866141732,3.15219839798777));
#4172=CARTESIAN_POINT('Origin',(6.99353086378051E-16,0.118110236220472,
4.17322834645669));
#4173=CARTESIAN_POINT('',(-1.96850393700787,0.118110236220472,4.17322834645669));
#4174=CARTESIAN_POINT('',(6.99353086378051E-16,0.118110236220472,4.17322834645669));
#4175=CARTESIAN_POINT('',(-0.492125984251968,0.118110236220472,4.17322834645669));
#4176=CARTESIAN_POINT('',(-1.96850393700787,0.118110236220472,4.17322834645669));
#4177=CARTESIAN_POINT('',(6.99353086378051E-16,0.118110236220472,4.17322834645669));
#4178=CARTESIAN_POINT('Origin',(6.99353086378051E-16,0.118110236220472,
2.20472440944882));
#4179=CARTESIAN_POINT('',(6.99353086378051E-16,0.118110236220472,2.20472440944882));
#4180=CARTESIAN_POINT('',(6.99353086378051E-16,0.118110236220472,2.69685039370079));
#4181=CARTESIAN_POINT('',(6.99353086378051E-16,0.118110236220472,2.20472440944882));
#4182=CARTESIAN_POINT('Origin',(-1.96850393700787,0.118110236220472,2.20472440944882));
#4183=CARTESIAN_POINT('',(-1.96850393700787,0.118110236220472,2.20472440944882));
#4184=CARTESIAN_POINT('',(-1.47637795275591,0.118110236220472,2.20472440944882));
#4185=CARTESIAN_POINT('',(-1.96850393700787,0.118110236220472,2.20472440944882));
#4186=CARTESIAN_POINT('Origin',(-1.96850393700787,0.118110236220472,4.17322834645669));
#4187=CARTESIAN_POINT('',(-1.96850393700787,0.118110236220472,3.68110236220472));
#4188=CARTESIAN_POINT('Origin',(-0.984251968503937,0.118110236220472,3.18897637795276));
#4189=CARTESIAN_POINT('Origin',(-1.14173228346457,0.551181102362205,3.38628655975506));
#4190=CARTESIAN_POINT('',(-1.14173228346457,0.551181102362205,3.42565663849522));
#4191=CARTESIAN_POINT('Origin',(-1.14173228346457,0.551181102362205,3.38628655975506));
#4192=CARTESIAN_POINT('',(-1.14173228346457,0.551181102362205,3.42565663849522));
#4193=CARTESIAN_POINT('Origin',(-1.18110236220472,0.551181102362205,3.42565663849522));
#4194=CARTESIAN_POINT('',(-1.18110236220472,0.551181102362205,3.42565663849522));
#4195=CARTESIAN_POINT('',(-1.08267716535433,0.551181102362205,3.42565663849522));
#4196=CARTESIAN_POINT('',(-1.18110236220472,0.551181102362205,3.42565663849522));
#4197=CARTESIAN_POINT('Origin',(-1.18110236220472,0.551181102362205,3.38628655975506));
#4198=CARTESIAN_POINT('',(-1.22047244094488,0.551181102362205,3.38628655975506));
#4199=CARTESIAN_POINT('Origin',(-1.18110236220472,0.551181102362205,3.38628655975506));
#4200=CARTESIAN_POINT('',(-1.22047244094488,0.551181102362205,3.38628655975506));
#4201=CARTESIAN_POINT('Origin',(-1.22047244094488,0.551181102362205,3.10203459125112));
#4202=CARTESIAN_POINT('',(-1.22047244094488,0.551181102362205,3.10203459125112));
#4203=CARTESIAN_POINT('',(-1.22047244094488,0.551181102362205,3.14550548460194));
#4204=CARTESIAN_POINT('',(-1.22047244094488,0.551181102362205,3.10203459125112));
#4205=CARTESIAN_POINT('Origin',(-1.18110236220472,0.551181102362205,3.10203459125112));
#4206=CARTESIAN_POINT('',(-1.18110236220472,0.551181102362205,3.06266451251096));
#4207=CARTESIAN_POINT('Origin',(-1.18110236220472,0.551181102362205,3.10203459125112));
#4208=CARTESIAN_POINT('',(-1.18110236220472,0.551181102362205,3.06266451251096));
#4209=CARTESIAN_POINT('Origin',(-0.787401574803149,0.551181102362205,3.06266451251096));
#4210=CARTESIAN_POINT('',(-0.787401574803149,0.551181102362205,3.06266451251096));
#4211=CARTESIAN_POINT('',(-0.885826771653543,0.551181102362205,3.06266451251096));
#4212=CARTESIAN_POINT('',(-0.787401574803149,0.551181102362205,3.06266451251096));
#4213=CARTESIAN_POINT('Origin',(-0.78740157480315,0.551181102362205,3.10203459125112));
#4214=CARTESIAN_POINT('Origin',(-0.78740157480315,0.551181102362205,3.10203459125112));
#4215=CARTESIAN_POINT('',(-0.748031496062992,0.551181102362205,3.10203459125112));
#4216=CARTESIAN_POINT('Origin',(-0.748031496062992,0.551181102362205,3.27290073298341));
#4217=CARTESIAN_POINT('',(-0.748031496062992,0.551181102362205,3.27290073298341));
#4218=CARTESIAN_POINT('Origin',(-0.511811023622047,0.551181102362205,3.27290073298341));
#4219=CARTESIAN_POINT('',(-0.511811023622047,0.551181102362205,3.27290073298341));
#4220=CARTESIAN_POINT('Origin',(-0.511811023622047,0.551181102362205,2.86581411881018));
#4221=CARTESIAN_POINT('',(-0.511811023622047,0.551181102362205,2.86581411881018));
#4222=CARTESIAN_POINT('',(-0.511811023622047,0.551181102362205,2.86581411881018));
#4223=CARTESIAN_POINT('',(-0.511811023622047,0.551181102362205,3.02739524838147));
#4224=CARTESIAN_POINT('Origin',(-0.551181102362205,0.551181102362205,2.86581411881018));
#4225=CARTESIAN_POINT('',(-0.551181102362205,0.551181102362205,2.82644404007002));
#4226=CARTESIAN_POINT('Origin',(-0.551181102362205,0.551181102362205,2.86581411881018));
#4227=CARTESIAN_POINT('',(-0.551181102362205,0.551181102362205,2.82644404007002));
#4228=CARTESIAN_POINT('Origin',(-1.41732283464567,0.551181102362205,2.82644404007002));
#4229=CARTESIAN_POINT('',(-1.41732283464567,0.551181102362205,2.82644404007002));
#4230=CARTESIAN_POINT('',(-1.2007874015748,0.551181102362205,2.82644404007002));
#4231=CARTESIAN_POINT('',(-1.41732283464567,0.551181102362205,2.82644404007002));
#4232=CARTESIAN_POINT('Origin',(-1.41732283464567,0.551181102362205,2.86581411881018));
#4233=CARTESIAN_POINT('',(-1.45669291338583,0.551181102362205,2.86581411881018));
#4234=CARTESIAN_POINT('Origin',(-1.41732283464567,0.551181102362205,2.86581411881018));
#4235=CARTESIAN_POINT('',(-1.45669291338583,0.551181102362205,2.86581411881018));
#4236=CARTESIAN_POINT('Origin',(-1.45669291338583,0.551181102362205,3.622507032196));
#4237=CARTESIAN_POINT('',(-1.45669291338583,0.551181102362205,3.622507032196));
#4238=CARTESIAN_POINT('',(-1.45669291338583,0.551181102362205,3.40574170507438));
#4239=CARTESIAN_POINT('',(-1.45669291338583,0.551181102362205,3.622507032196));
#4240=CARTESIAN_POINT('Origin',(-1.41732283464567,0.551181102362205,3.622507032196));
#4241=CARTESIAN_POINT('',(-1.41732283464567,0.551181102362205,3.66187711093616));
#4242=CARTESIAN_POINT('Origin',(-1.41732283464567,0.551181102362205,3.622507032196));
#4243=CARTESIAN_POINT('',(-1.41732283464567,0.551181102362205,3.66187711093616));
#4244=CARTESIAN_POINT('Origin',(-0.905511811023622,0.551181102362205,3.66187711093616));
#4245=CARTESIAN_POINT('',(-0.905511811023622,0.551181102362205,3.66187711093616));
#4246=CARTESIAN_POINT('',(-0.944881889763779,0.551181102362205,3.66187711093616));
#4247=CARTESIAN_POINT('',(-0.905511811023622,0.551181102362205,3.66187711093616));
#4248=CARTESIAN_POINT('Origin',(-0.905511811023622,0.551181102362205,3.622507032196));
#4249=CARTESIAN_POINT('',(-0.866141732283464,0.551181102362205,3.622507032196));
#4250=CARTESIAN_POINT('Origin',(-0.905511811023622,0.551181102362205,3.622507032196));
#4251=CARTESIAN_POINT('',(-0.866141732283464,0.551181102362205,3.622507032196));
#4252=CARTESIAN_POINT('Origin',(-0.866141732283464,0.551181102362205,3.11542041802278));
#4253=CARTESIAN_POINT('',(-0.866141732283464,0.551181102362205,3.15219839798777));
#4254=CARTESIAN_POINT('',(-0.866141732283464,0.826771653543307,3.11542041802278));
#4255=CARTESIAN_POINT('Origin',(-2.08661417322835,0.,4.29133858267717));
#4256=CARTESIAN_POINT('',(-2.08661417322835,0.,4.29133858267717));
#4257=CARTESIAN_POINT('',(2.32283464566929,0.,4.29133858267716));
#4258=CARTESIAN_POINT('',(-2.08661417322835,0.,4.29133858267717));
#4259=CARTESIAN_POINT('',(2.32283464566929,0.826771653543307,4.29133858267717));
#4260=CARTESIAN_POINT('',(2.32283464566929,0.,4.29133858267716));
#4261=CARTESIAN_POINT('',(-2.08661417322835,0.826771653543307,4.29133858267717));
#4262=CARTESIAN_POINT('',(-2.08661417322835,0.826771653543307,4.29133858267717));
#4263=CARTESIAN_POINT('',(-2.08661417322835,0.,4.29133858267717));
#4264=CARTESIAN_POINT('Origin',(-0.984251968503937,0.551181102362205,3.18897637795275));
#4265=CARTESIAN_POINT('Origin',(1.16141732283465,0.590551181102362,0.950066087314115));
#4266=CARTESIAN_POINT('',(1.33858267716535,0.590551181102362,0.910696008573957));
#4267=CARTESIAN_POINT('',(1.33858267716535,0.551181102362205,0.950066087314115));
#4268=CARTESIAN_POINT('Origin',(1.33858267716535,0.590551181102362,0.950066087314115));
#4269=CARTESIAN_POINT('',(1.10236220472441,0.590551181102362,0.910696008573957));
#4270=CARTESIAN_POINT('',(1.16141732283465,0.590551181102362,0.910696008573957));
#4271=CARTESIAN_POINT('',(1.10236220472441,0.551181102362205,0.950066087314114));
#4272=CARTESIAN_POINT('Origin',(1.10236220472441,0.590551181102362,0.950066087314114));
#4273=CARTESIAN_POINT('',(1.16141732283465,0.551181102362205,0.950066087314115));
#4274=CARTESIAN_POINT('Origin',(1.10236220472441,0.551181102362205,1.18156215030624));
#4275=CARTESIAN_POINT('',(1.10236220472441,0.826771653543307,0.910696008573957));
#4276=CARTESIAN_POINT('',(1.10236220472441,0.551181102362205,0.910696008573957));
#4277=CARTESIAN_POINT('',(1.10236220472441,0.826771653543307,1.06817632353459));
#4278=CARTESIAN_POINT('',(1.10236220472441,0.826771653543307,1.06817632353459));
#4279=CARTESIAN_POINT('',(1.10236220472441,0.748031496062992,1.06817632353459));
#4280=CARTESIAN_POINT('',(1.10236220472441,0.708661417322835,1.06817632353459));
#4281=CARTESIAN_POINT('',(1.10236220472441,0.708661417322835,1.10754640227474));
#4282=CARTESIAN_POINT('Origin',(1.10236220472441,0.748031496062992,1.10754640227474));
#4283=CARTESIAN_POINT('',(1.10236220472441,0.708661417322835,1.18156215030624));
#4284=CARTESIAN_POINT('',(1.10236220472441,0.708661417322835,1.18156215030624));
#4285=CARTESIAN_POINT('',(1.10236220472441,0.551181102362205,1.18156215030624));
#4286=CARTESIAN_POINT('',(1.10236220472441,0.551181102362205,1.18156215030624));
#4287=CARTESIAN_POINT('',(1.10236220472441,0.551181102362205,1.08290705940509));
#4288=CARTESIAN_POINT('Origin',(1.10236220472441,0.551181102362205,0.910696008573957));
#4289=CARTESIAN_POINT('',(1.33858267716535,0.826771653543307,0.910696008573957));
#4290=CARTESIAN_POINT('',(1.33858267716535,0.551181102362205,0.910696008573957));
#4291=CARTESIAN_POINT('',(1.10236220472441,0.826771653543307,0.910696008573957));
#4292=CARTESIAN_POINT('Origin',(1.27952755905512,0.748031496062992,1.10754640227474));
#4293=CARTESIAN_POINT('',(1.33858267716535,0.748031496062992,1.06817632353459));
#4294=CARTESIAN_POINT('',(1.27952755905512,0.748031496062992,1.06817632353459));
#4295=CARTESIAN_POINT('',(1.33858267716535,0.708661417322835,1.10754640227474));
#4296=CARTESIAN_POINT('Origin',(1.33858267716535,0.748031496062992,1.10754640227474));
#4297=CARTESIAN_POINT('',(1.27952755905512,0.708661417322835,1.10754640227474));
#4298=CARTESIAN_POINT('Origin',(1.33858267716535,0.708661417322835,1.06817632353459));
#4299=CARTESIAN_POINT('',(1.33858267716535,0.826771653543307,1.06817632353459));
#4300=CARTESIAN_POINT('',(1.33858267716535,0.826771653543307,1.06817632353459));
#4301=CARTESIAN_POINT('',(1.33858267716535,0.708661417322835,1.06817632353459));
#4302=CARTESIAN_POINT('Origin',(1.22047244094488,0.708661417322835,0.984251968503937));
#4303=CARTESIAN_POINT('',(1.33858267716535,0.708661417322835,1.41778262274719));
#4304=CARTESIAN_POINT('',(1.33858267716535,0.708661417322835,0.910696008573957));
#4305=CARTESIAN_POINT('',(1.2992125984252,0.708661417322835,1.45715270148734));
#4306=CARTESIAN_POINT('Origin',(1.2992125984252,0.708661417322835,1.41778262274719));
#4307=CARTESIAN_POINT('',(0.78740157480315,0.708661417322835,1.45715270148734));
#4308=CARTESIAN_POINT('',(1.2992125984252,0.708661417322835,1.45715270148734));
#4309=CARTESIAN_POINT('',(0.748031496062993,0.708661417322835,1.41778262274719));
#4310=CARTESIAN_POINT('Origin',(0.787401574803151,0.708661417322835,1.41778262274718));
#4311=CARTESIAN_POINT('',(0.748031496062993,0.708661417322835,0.661089709361358));
#4312=CARTESIAN_POINT('',(0.748031496062993,0.708661417322835,1.41778262274719));
#4313=CARTESIAN_POINT('',(0.78740157480315,0.708661417322835,0.621719630621201));
#4314=CARTESIAN_POINT('Origin',(0.78740157480315,0.708661417322835,0.661089709361358));
#4315=CARTESIAN_POINT('',(1.65354330708661,0.708661417322835,0.621719630621201));
#4316=CARTESIAN_POINT('',(0.78740157480315,0.708661417322835,0.621719630621201));
#4317=CARTESIAN_POINT('',(1.69291338582677,0.708661417322835,0.661089709361358));
#4318=CARTESIAN_POINT('Origin',(1.65354330708661,0.708661417322835,0.661089709361358));
#4319=CARTESIAN_POINT('',(1.69291338582677,0.708661417322835,1.06817632353459));
#4320=CARTESIAN_POINT('',(1.69291338582677,0.708661417322835,0.661089709361358));
#4321=CARTESIAN_POINT('',(1.45669291338583,0.708661417322835,1.06817632353459));
#4322=CARTESIAN_POINT('',(1.69291338582677,0.708661417322835,1.06817632353459));
#4323=CARTESIAN_POINT('',(1.45669291338583,0.708661417322835,0.897310181802303));
#4324=CARTESIAN_POINT('',(1.45669291338583,0.708661417322835,1.06817632353459));
#4325=CARTESIAN_POINT('',(1.41732283464567,0.708661417322835,0.857940103062146));
#4326=CARTESIAN_POINT('Origin',(1.41732283464567,0.708661417322835,0.897310181802303));
#4327=CARTESIAN_POINT('',(1.02362204724409,0.708661417322835,0.857940103062145));
#4328=CARTESIAN_POINT('',(1.41732283464567,0.708661417322835,0.857940103062146));
#4329=CARTESIAN_POINT('',(0.984251968503937,0.708661417322835,0.897310181802303));
#4330=CARTESIAN_POINT('Origin',(1.02362204724409,0.708661417322835,0.897310181802303));
#4331=CARTESIAN_POINT('',(0.984251968503937,0.708661417322835,1.18156215030624));
#4332=CARTESIAN_POINT('',(0.984251968503937,0.708661417322835,0.897310181802303));
#4333=CARTESIAN_POINT('',(1.02362204724409,0.708661417322835,1.2209322290464));
#4334=CARTESIAN_POINT('Origin',(1.0236220472441,0.708661417322835,1.18156215030624));
#4335=CARTESIAN_POINT('',(1.06299212598425,0.708661417322835,1.2209322290464));
#4336=CARTESIAN_POINT('',(1.02362204724409,0.708661417322835,1.2209322290464));
#4337=CARTESIAN_POINT('Origin',(1.06299212598425,0.708661417322835,1.18156215030624));
#4338=CARTESIAN_POINT('Origin',(1.33858267716535,0.511811023622047,0.871325929833799));
#4339=CARTESIAN_POINT('',(1.45669291338583,0.541388409403138,0.897310181802303));
#4340=CARTESIAN_POINT('',(1.45669291338583,0.511811023622047,0.910696008573956));
#4341=CARTESIAN_POINT('Origin',(1.45669291338583,0.511811023622047,0.871325929833799));
#4342=CARTESIAN_POINT('',(1.69291338582677,0.511811023622047,0.910696008573956));
#4343=CARTESIAN_POINT('',(1.33858267716535,0.511811023622047,0.910696008573956));
#4344=CARTESIAN_POINT('',(1.69291338582677,0.551181102362205,0.871325929833799));
#4345=CARTESIAN_POINT('Origin',(1.69291338582677,0.511811023622047,0.871325929833799));
#4346=CARTESIAN_POINT('',(1.44690022042676,0.551181102362205,0.871325929833799));
#4347=CARTESIAN_POINT('',(1.33858267716535,0.551181102362205,0.871325929833799));
#4348=CARTESIAN_POINT('Ctrl Pts',(1.45669291338583,0.54138840940314,0.8973101818023));
#4349=CARTESIAN_POINT('Ctrl Pts',(1.45669291338583,0.542337627138706,0.896229705089363));
#4350=CARTESIAN_POINT('Ctrl Pts',(1.45664828174287,0.543222012297147,0.895103329887903));
#4351=CARTESIAN_POINT('Ctrl Pts',(1.45633464832606,0.545785662810611,0.89145041753797));
#4352=CARTESIAN_POINT('Ctrl Pts',(1.45582933360271,0.547351975453303,0.888552647873601));
#4353=CARTESIAN_POINT('Ctrl Pts',(1.45400431715517,0.549638320305386,0.882684391694176));
#4354=CARTESIAN_POINT('Ctrl Pts',(1.45267459067457,0.550365523889148,0.879719824880128));
#4355=CARTESIAN_POINT('Ctrl Pts',(1.44990539726789,0.551055421287439,0.87508384602779));
#4356=CARTESIAN_POINT('Ctrl Pts',(1.44849080918331,0.551181102362205,0.873136467128798));
#4357=CARTESIAN_POINT('Ctrl Pts',(1.44690022042676,0.551181102362205,0.871325929833799));
#4358=CARTESIAN_POINT('Origin',(1.45669291338583,0.551181102362205,0.910696008573956));
#4359=CARTESIAN_POINT('',(1.45669291338583,0.433070866141732,0.910696008573956));
#4360=CARTESIAN_POINT('',(1.45669291338583,0.551181102362205,0.910696008573956));
#4361=CARTESIAN_POINT('',(1.69291338582677,0.433070866141732,0.910696008573956));
#4362=CARTESIAN_POINT('',(1.33858267716535,0.433070866141732,0.910696008573957));
#4363=CARTESIAN_POINT('',(1.69291338582677,0.551181102362205,0.910696008573956));
#4364=CARTESIAN_POINT('Origin',(1.22047244094488,0.433070866141732,0.984251968503936));
#4365=CARTESIAN_POINT('',(2.20472440944882,0.433070866141732,1.96850393700787));
#4366=CARTESIAN_POINT('',(0.236220472440946,0.433070866141732,1.96850393700787));
#4367=CARTESIAN_POINT('',(2.20472440944882,0.433070866141732,1.96850393700787));
#4368=CARTESIAN_POINT('',(0.236220472440946,0.433070866141732,-1.04902962956708E-15));
#4369=CARTESIAN_POINT('',(0.236220472440946,0.433070866141732,1.96850393700787));
#4370=CARTESIAN_POINT('',(2.20472440944882,0.433070866141732,-1.04902962956708E-15));
#4371=CARTESIAN_POINT('',(0.236220472440946,0.433070866141732,-1.20201311721228E-15));
#4372=CARTESIAN_POINT('',(2.20472440944882,0.433070866141732,-1.04902962956708E-15));
#4373=CARTESIAN_POINT('',(1.45669291338583,0.433070866141732,1.06817632353459));
#4374=CARTESIAN_POINT('',(1.45669291338583,0.433070866141732,1.02621414601926));
#4375=CARTESIAN_POINT('',(1.69291338582677,0.433070866141732,1.06817632353459));
#4376=CARTESIAN_POINT('',(1.45669291338583,0.433070866141732,1.06817632353459));
#4377=CARTESIAN_POINT('',(1.69291338582677,0.433070866141732,0.947473988538946));
#4378=CARTESIAN_POINT('Origin',(2.20472440944882,0.118110236220472,1.96850393700787));
#4379=CARTESIAN_POINT('',(0.236220472440946,0.118110236220472,1.96850393700787));
#4380=CARTESIAN_POINT('',(2.20472440944882,0.118110236220472,1.96850393700787));
#4381=CARTESIAN_POINT('',(1.71259842519685,0.118110236220472,1.96850393700787));
#4382=CARTESIAN_POINT('',(0.236220472440946,0.118110236220472,1.96850393700787));
#4383=CARTESIAN_POINT('',(2.20472440944882,0.118110236220472,1.96850393700787));
#4384=CARTESIAN_POINT('Origin',(2.20472440944882,0.118110236220472,-9.00902760577282E-16));
#4385=CARTESIAN_POINT('',(2.20472440944882,0.118110236220472,-9.00902760577282E-16));
#4386=CARTESIAN_POINT('',(2.20472440944882,0.118110236220472,0.492125984251968));
#4387=CARTESIAN_POINT('',(2.20472440944882,0.118110236220472,-9.00902760577282E-16));
#4388=CARTESIAN_POINT('Origin',(0.236220472440946,0.118110236220472,-1.20201311721228E-15));
#4389=CARTESIAN_POINT('',(0.236220472440946,0.118110236220472,-1.20201311721228E-15));
#4390=CARTESIAN_POINT('',(0.728346456692914,0.118110236220472,-1.13644876536433E-15));
#4391=CARTESIAN_POINT('',(0.236220472440946,0.118110236220472,-1.20201311721228E-15));
#4392=CARTESIAN_POINT('Origin',(0.236220472440946,0.118110236220472,1.96850393700787));
#4393=CARTESIAN_POINT('',(0.236220472440946,0.118110236220472,1.4763779527559));
#4394=CARTESIAN_POINT('Origin',(1.22047244094488,0.118110236220472,0.984251968503937));
#4395=CARTESIAN_POINT('Origin',(1.06299212598425,0.551181102362205,1.18156215030624));
#4396=CARTESIAN_POINT('',(1.06299212598425,0.551181102362205,1.2209322290464));
#4397=CARTESIAN_POINT('Origin',(1.06299212598425,0.551181102362205,1.18156215030624));
#4398=CARTESIAN_POINT('',(1.06299212598425,0.551181102362205,1.2209322290464));
#4399=CARTESIAN_POINT('Origin',(1.02362204724409,0.551181102362205,1.2209322290464));
#4400=CARTESIAN_POINT('',(1.02362204724409,0.551181102362205,1.2209322290464));
#4401=CARTESIAN_POINT('',(1.12204724409449,0.551181102362205,1.2209322290464));
#4402=CARTESIAN_POINT('',(1.02362204724409,0.551181102362205,1.2209322290464));
#4403=CARTESIAN_POINT('Origin',(1.0236220472441,0.551181102362205,1.18156215030624));
#4404=CARTESIAN_POINT('',(0.984251968503937,0.551181102362205,1.18156215030624));
#4405=CARTESIAN_POINT('Origin',(1.0236220472441,0.551181102362205,1.18156215030624));
#4406=CARTESIAN_POINT('',(0.984251968503937,0.551181102362205,1.18156215030624));
#4407=CARTESIAN_POINT('Origin',(0.984251968503937,0.551181102362205,0.897310181802303));
#4408=CARTESIAN_POINT('',(0.984251968503937,0.551181102362205,0.897310181802303));
#4409=CARTESIAN_POINT('',(0.984251968503937,0.551181102362205,0.940781075153119));
#4410=CARTESIAN_POINT('',(0.984251968503937,0.551181102362205,0.897310181802303));
#4411=CARTESIAN_POINT('Origin',(1.02362204724409,0.551181102362205,0.897310181802303));
#4412=CARTESIAN_POINT('',(1.02362204724409,0.551181102362205,0.857940103062145));
#4413=CARTESIAN_POINT('Origin',(1.02362204724409,0.551181102362205,0.897310181802303));
#4414=CARTESIAN_POINT('',(1.02362204724409,0.551181102362205,0.857940103062145));
#4415=CARTESIAN_POINT('Origin',(1.41732283464567,0.551181102362205,0.857940103062146));
#4416=CARTESIAN_POINT('',(1.41732283464567,0.551181102362205,0.857940103062146));
#4417=CARTESIAN_POINT('',(1.31889763779528,0.551181102362205,0.857940103062146));
#4418=CARTESIAN_POINT('',(1.41732283464567,0.551181102362205,0.857940103062146));
#4419=CARTESIAN_POINT('Origin',(1.41732283464567,0.551181102362205,0.897310181802303));
#4420=CARTESIAN_POINT('Origin',(1.41732283464567,0.551181102362205,0.897310181802303));
#4421=CARTESIAN_POINT('',(1.45669291338583,0.551181102362205,0.897310181802303));
#4422=CARTESIAN_POINT('Origin',(1.45669291338583,0.551181102362205,1.06817632353459));
#4423=CARTESIAN_POINT('',(1.45669291338583,0.551181102362205,1.06817632353459));
#4424=CARTESIAN_POINT('Origin',(1.69291338582677,0.551181102362205,1.06817632353459));
#4425=CARTESIAN_POINT('',(1.69291338582677,0.551181102362205,1.06817632353459));
#4426=CARTESIAN_POINT('Origin',(1.69291338582677,0.551181102362205,0.661089709361358));
#4427=CARTESIAN_POINT('',(1.69291338582677,0.551181102362205,0.661089709361358));
#4428=CARTESIAN_POINT('',(1.69291338582677,0.551181102362205,0.661089709361358));
#4429=CARTESIAN_POINT('',(1.69291338582677,0.551181102362205,0.822670838932647));
#4430=CARTESIAN_POINT('Origin',(1.65354330708661,0.551181102362205,0.661089709361358));
#4431=CARTESIAN_POINT('',(1.65354330708661,0.551181102362205,0.621719630621201));
#4432=CARTESIAN_POINT('Origin',(1.65354330708661,0.551181102362205,0.661089709361358));
#4433=CARTESIAN_POINT('',(1.65354330708661,0.551181102362205,0.621719630621201));
#4434=CARTESIAN_POINT('Origin',(0.78740157480315,0.551181102362205,0.621719630621201));
#4435=CARTESIAN_POINT('',(0.78740157480315,0.551181102362205,0.621719630621201));
#4436=CARTESIAN_POINT('',(1.00393700787402,0.551181102362205,0.621719630621201));
#4437=CARTESIAN_POINT('',(0.78740157480315,0.551181102362205,0.621719630621201));
#4438=CARTESIAN_POINT('Origin',(0.78740157480315,0.551181102362205,0.661089709361358));
#4439=CARTESIAN_POINT('',(0.748031496062993,0.551181102362205,0.661089709361358));
#4440=CARTESIAN_POINT('Origin',(0.78740157480315,0.551181102362205,0.661089709361358));
#4441=CARTESIAN_POINT('',(0.748031496062993,0.551181102362205,0.661089709361358));
#4442=CARTESIAN_POINT('Origin',(0.748031496062993,0.551181102362205,1.41778262274719));
#4443=CARTESIAN_POINT('',(0.748031496062993,0.551181102362205,1.41778262274719));
#4444=CARTESIAN_POINT('',(0.748031496062993,0.551181102362205,1.20101729562556));
#4445=CARTESIAN_POINT('',(0.748031496062993,0.551181102362205,1.41778262274719));
#4446=CARTESIAN_POINT('Origin',(0.787401574803151,0.551181102362205,1.41778262274718));
#4447=CARTESIAN_POINT('',(0.78740157480315,0.551181102362205,1.45715270148734));
#4448=CARTESIAN_POINT('Origin',(0.787401574803151,0.551181102362205,1.41778262274718));
#4449=CARTESIAN_POINT('',(0.78740157480315,0.551181102362205,1.45715270148734));
#4450=CARTESIAN_POINT('Origin',(1.2992125984252,0.551181102362205,1.45715270148734));
#4451=CARTESIAN_POINT('',(1.2992125984252,0.551181102362205,1.45715270148734));
#4452=CARTESIAN_POINT('',(1.25984251968504,0.551181102362205,1.45715270148734));
#4453=CARTESIAN_POINT('',(1.2992125984252,0.551181102362205,1.45715270148734));
#4454=CARTESIAN_POINT('Origin',(1.2992125984252,0.551181102362205,1.41778262274719));
#4455=CARTESIAN_POINT('',(1.33858267716535,0.551181102362205,1.41778262274719));
#4456=CARTESIAN_POINT('Origin',(1.2992125984252,0.551181102362205,1.41778262274719));
#4457=CARTESIAN_POINT('',(1.33858267716535,0.551181102362205,1.41778262274719));
#4458=CARTESIAN_POINT('Origin',(1.33858267716535,0.551181102362205,0.910696008573957));
#4459=CARTESIAN_POINT('',(1.33858267716535,0.551181102362205,0.947473988538946));
#4460=CARTESIAN_POINT('',(1.33858267716535,0.826771653543307,0.910696008573957));
#4461=CARTESIAN_POINT('Origin',(2.32283464566929,0.,2.08661417322835));
#4462=CARTESIAN_POINT('',(2.32283464566929,0.,-0.118110236220472));
#4463=CARTESIAN_POINT('',(2.32283464566929,0.,4.29133858267716));
#4464=CARTESIAN_POINT('',(2.32283464566929,0.826771653543307,-0.118110236220472));
#4465=CARTESIAN_POINT('',(2.32283464566929,0.,-0.118110236220472));
#4466=CARTESIAN_POINT('',(2.32283464566929,0.826771653543307,4.29133858267717));
#4467=CARTESIAN_POINT('Origin',(1.22047244094488,0.551181102362205,0.984251968503936));
#4468=CARTESIAN_POINT('Origin',(-1.04330708661417,0.590551181102362,0.950066087314115));
#4469=CARTESIAN_POINT('',(-0.866141732283464,0.590551181102362,0.910696008573957));
#4470=CARTESIAN_POINT('',(-0.866141732283464,0.551181102362205,0.950066087314115));
#4471=CARTESIAN_POINT('Origin',(-0.866141732283464,0.590551181102362,0.950066087314115));
#4472=CARTESIAN_POINT('',(-1.10236220472441,0.590551181102362,0.910696008573957));
#4473=CARTESIAN_POINT('',(-1.04330708661417,0.590551181102362,0.910696008573957));
#4474=CARTESIAN_POINT('',(-1.10236220472441,0.551181102362205,0.950066087314114));
#4475=CARTESIAN_POINT('Origin',(-1.10236220472441,0.590551181102362,0.950066087314114));
#4476=CARTESIAN_POINT('',(-1.04330708661417,0.551181102362205,0.950066087314115));
#4477=CARTESIAN_POINT('Origin',(-1.10236220472441,0.551181102362205,1.18156215030624));
#4478=CARTESIAN_POINT('',(-1.10236220472441,0.826771653543307,0.910696008573957));
#4479=CARTESIAN_POINT('',(-1.10236220472441,0.551181102362205,0.910696008573957));
#4480=CARTESIAN_POINT('',(-1.10236220472441,0.826771653543307,1.06817632353459));
#4481=CARTESIAN_POINT('',(-1.10236220472441,0.826771653543307,1.06817632353459));
#4482=CARTESIAN_POINT('',(-1.10236220472441,0.748031496062992,1.06817632353459));
#4483=CARTESIAN_POINT('',(-1.10236220472441,0.708661417322835,1.06817632353459));
#4484=CARTESIAN_POINT('',(-1.10236220472441,0.708661417322835,1.10754640227474));
#4485=CARTESIAN_POINT('Origin',(-1.10236220472441,0.748031496062992,1.10754640227474));
#4486=CARTESIAN_POINT('',(-1.10236220472441,0.708661417322835,1.18156215030624));
#4487=CARTESIAN_POINT('',(-1.10236220472441,0.708661417322835,1.18156215030624));
#4488=CARTESIAN_POINT('',(-1.10236220472441,0.551181102362205,1.18156215030624));
#4489=CARTESIAN_POINT('',(-1.10236220472441,0.551181102362205,1.18156215030624));
#4490=CARTESIAN_POINT('',(-1.10236220472441,0.551181102362205,1.08290705940509));
#4491=CARTESIAN_POINT('Origin',(-1.10236220472441,0.551181102362205,0.910696008573957));
#4492=CARTESIAN_POINT('',(-0.866141732283464,0.826771653543307,0.910696008573957));
#4493=CARTESIAN_POINT('',(-0.866141732283464,0.551181102362205,0.910696008573957));
#4494=CARTESIAN_POINT('',(-1.10236220472441,0.826771653543307,0.910696008573957));
#4495=CARTESIAN_POINT('Origin',(-0.925196850393701,0.748031496062992,1.10754640227474));
#4496=CARTESIAN_POINT('',(-0.866141732283464,0.748031496062992,1.06817632353459));
#4497=CARTESIAN_POINT('',(-0.925196850393701,0.748031496062992,1.06817632353459));
#4498=CARTESIAN_POINT('',(-0.866141732283464,0.708661417322835,1.10754640227474));
#4499=CARTESIAN_POINT('Origin',(-0.866141732283464,0.748031496062992,1.10754640227474));
#4500=CARTESIAN_POINT('',(-0.925196850393701,0.708661417322835,1.10754640227474));
#4501=CARTESIAN_POINT('Origin',(-0.866141732283464,0.708661417322835,1.06817632353459));
#4502=CARTESIAN_POINT('',(-0.866141732283464,0.826771653543307,1.06817632353459));
#4503=CARTESIAN_POINT('',(-0.866141732283464,0.826771653543307,1.06817632353459));
#4504=CARTESIAN_POINT('',(-0.866141732283464,0.708661417322835,1.06817632353459));
#4505=CARTESIAN_POINT('Origin',(-0.984251968503937,0.826771653543307,0.984251968503937));
#4506=CARTESIAN_POINT('',(-2.08661417322835,0.826771653543307,-0.118110236220472));
#4507=CARTESIAN_POINT('',(-2.08661417322835,0.826771653543307,-0.118110236220472));
#4508=CARTESIAN_POINT('',(2.32283464566929,0.826771653543307,-0.118110236220472));
#4509=CARTESIAN_POINT('',(-0.866141732283464,0.826771653543307,0.910696008573957));
#4510=CARTESIAN_POINT('Origin',(-0.984251968503937,0.708661417322835,0.984251968503937));
#4511=CARTESIAN_POINT('',(-0.866141732283464,0.708661417322835,1.41778262274719));
#4512=CARTESIAN_POINT('',(-0.866141732283464,0.708661417322835,0.910696008573957));
#4513=CARTESIAN_POINT('',(-0.905511811023622,0.708661417322835,1.45715270148734));
#4514=CARTESIAN_POINT('Origin',(-0.905511811023622,0.708661417322835,1.41778262274719));
#4515=CARTESIAN_POINT('',(-1.41732283464567,0.708661417322835,1.45715270148734));
#4516=CARTESIAN_POINT('',(-0.905511811023622,0.708661417322835,1.45715270148734));
#4517=CARTESIAN_POINT('',(-1.45669291338583,0.708661417322835,1.41778262274719));
#4518=CARTESIAN_POINT('Origin',(-1.41732283464567,0.708661417322835,1.41778262274718));
#4519=CARTESIAN_POINT('',(-1.45669291338583,0.708661417322835,0.661089709361358));
#4520=CARTESIAN_POINT('',(-1.45669291338583,0.708661417322835,1.41778262274719));
#4521=CARTESIAN_POINT('',(-1.41732283464567,0.708661417322835,0.621719630621201));
#4522=CARTESIAN_POINT('Origin',(-1.41732283464567,0.708661417322835,0.661089709361358));
#4523=CARTESIAN_POINT('',(-0.551181102362204,0.708661417322835,0.621719630621201));
#4524=CARTESIAN_POINT('',(-1.41732283464567,0.708661417322835,0.621719630621201));
#4525=CARTESIAN_POINT('',(-0.511811023622047,0.708661417322835,0.661089709361358));
#4526=CARTESIAN_POINT('Origin',(-0.551181102362204,0.708661417322835,0.661089709361358));
#4527=CARTESIAN_POINT('',(-0.511811023622047,0.708661417322835,1.06817632353459));
#4528=CARTESIAN_POINT('',(-0.511811023622047,0.708661417322835,0.661089709361358));
#4529=CARTESIAN_POINT('',(-0.748031496062992,0.708661417322835,1.06817632353459));
#4530=CARTESIAN_POINT('',(-0.511811023622047,0.708661417322835,1.06817632353459));
#4531=CARTESIAN_POINT('',(-0.748031496062992,0.708661417322835,0.897310181802303));
#4532=CARTESIAN_POINT('',(-0.748031496062992,0.708661417322835,1.06817632353459));
#4533=CARTESIAN_POINT('',(-0.787401574803149,0.708661417322835,0.857940103062146));
#4534=CARTESIAN_POINT('Origin',(-0.787401574803149,0.708661417322835,0.897310181802303));
#4535=CARTESIAN_POINT('',(-1.18110236220472,0.708661417322835,0.857940103062145));
#4536=CARTESIAN_POINT('',(-0.787401574803149,0.708661417322835,0.857940103062146));
#4537=CARTESIAN_POINT('',(-1.22047244094488,0.708661417322835,0.897310181802303));
#4538=CARTESIAN_POINT('Origin',(-1.18110236220472,0.708661417322835,0.897310181802303));
#4539=CARTESIAN_POINT('',(-1.22047244094488,0.708661417322835,1.18156215030624));
#4540=CARTESIAN_POINT('',(-1.22047244094488,0.708661417322835,0.897310181802303));
#4541=CARTESIAN_POINT('',(-1.18110236220472,0.708661417322835,1.2209322290464));
#4542=CARTESIAN_POINT('Origin',(-1.18110236220472,0.708661417322835,1.18156215030624));
#4543=CARTESIAN_POINT('',(-1.14173228346457,0.708661417322835,1.2209322290464));
#4544=CARTESIAN_POINT('',(-1.18110236220472,0.708661417322835,1.2209322290464));
#4545=CARTESIAN_POINT('Origin',(-1.14173228346457,0.708661417322835,1.18156215030624));
#4546=CARTESIAN_POINT('Origin',(-0.866141732283464,0.511811023622047,0.871325929833799));
#4547=CARTESIAN_POINT('',(-0.748031496062992,0.541388409403138,0.897310181802303));
#4548=CARTESIAN_POINT('',(-0.748031496062992,0.511811023622047,0.910696008573956));
#4549=CARTESIAN_POINT('Origin',(-0.748031496062992,0.511811023622047,0.871325929833799));
#4550=CARTESIAN_POINT('',(-0.511811023622047,0.511811023622047,0.910696008573956));
#4551=CARTESIAN_POINT('',(-0.866141732283464,0.511811023622047,0.910696008573956));
#4552=CARTESIAN_POINT('',(-0.511811023622047,0.551181102362205,0.871325929833799));
#4553=CARTESIAN_POINT('Origin',(-0.511811023622047,0.511811023622047,0.871325929833799));
#4554=CARTESIAN_POINT('',(-0.757824189022058,0.551181102362205,0.871325929833799));
#4555=CARTESIAN_POINT('',(-0.866141732283464,0.551181102362205,0.871325929833799));
#4556=CARTESIAN_POINT('Ctrl Pts',(-0.748031496062992,0.54138840940314,0.8973101818023));
#4557=CARTESIAN_POINT('Ctrl Pts',(-0.748031496062992,0.542337627138706,
0.896229705089363));
#4558=CARTESIAN_POINT('Ctrl Pts',(-0.74807612770595,0.543222012297147,0.895103329887903));
#4559=CARTESIAN_POINT('Ctrl Pts',(-0.748389761122759,0.545785662810611,
0.89145041753797));
#4560=CARTESIAN_POINT('Ctrl Pts',(-0.748895075846108,0.547351975453303,
0.888552647873601));
#4561=CARTESIAN_POINT('Ctrl Pts',(-0.750720092293646,0.549638320305386,
0.882684391694176));
#4562=CARTESIAN_POINT('Ctrl Pts',(-0.752049818774248,0.550365523889148,
0.879719824880128));
#4563=CARTESIAN_POINT('Ctrl Pts',(-0.75481901218093,0.551055421287439,0.87508384602779));
#4564=CARTESIAN_POINT('Ctrl Pts',(-0.756233600265505,0.551181102362205,
0.873136467128798));
#4565=CARTESIAN_POINT('Ctrl Pts',(-0.757824189022058,0.551181102362205,
0.871325929833799));
#4566=CARTESIAN_POINT('Origin',(-0.748031496062992,0.551181102362205,0.910696008573956));
#4567=CARTESIAN_POINT('',(-0.748031496062992,0.433070866141732,0.910696008573956));
#4568=CARTESIAN_POINT('',(-0.748031496062992,0.551181102362205,0.910696008573956));
#4569=CARTESIAN_POINT('',(-0.511811023622047,0.433070866141732,0.910696008573956));
#4570=CARTESIAN_POINT('',(-0.866141732283464,0.433070866141732,0.910696008573957));
#4571=CARTESIAN_POINT('',(-0.511811023622047,0.551181102362205,0.910696008573956));
#4572=CARTESIAN_POINT('Origin',(-0.984251968503936,0.433070866141732,0.984251968503936));
#4573=CARTESIAN_POINT('',(7.4306265427668E-16,0.433070866141732,1.96850393700787));
#4574=CARTESIAN_POINT('',(-1.96850393700787,0.433070866141732,1.96850393700787));
#4575=CARTESIAN_POINT('',(6.99353086378051E-16,0.433070866141732,1.96850393700787));
#4576=CARTESIAN_POINT('',(-1.96850393700787,0.433070866141732,-1.04902962956708E-15));
#4577=CARTESIAN_POINT('',(-1.96850393700787,0.433070866141732,1.96850393700787));
#4578=CARTESIAN_POINT('',(6.99353086378051E-16,0.433070866141732,-1.04902962956708E-15));
#4579=CARTESIAN_POINT('',(-1.96850393700787,0.433070866141732,-1.20201311721228E-15));
#4580=CARTESIAN_POINT('',(6.99353086378051E-16,0.433070866141732,-1.04902962956708E-15));
#4581=CARTESIAN_POINT('',(-0.748031496062992,0.433070866141732,1.06817632353459));
#4582=CARTESIAN_POINT('',(-0.748031496062992,0.433070866141732,1.02621414601926));
#4583=CARTESIAN_POINT('',(-0.511811023622047,0.433070866141732,1.06817632353459));
#4584=CARTESIAN_POINT('',(-0.748031496062992,0.433070866141732,1.06817632353459));
#4585=CARTESIAN_POINT('',(-0.511811023622047,0.433070866141732,0.947473988538946));
#4586=CARTESIAN_POINT('Origin',(7.4306265427668E-16,0.118110236220472,1.96850393700787));
#4587=CARTESIAN_POINT('',(-1.96850393700787,0.118110236220472,1.96850393700787));
#4588=CARTESIAN_POINT('',(7.4306265427668E-16,0.118110236220472,1.96850393700787));
#4589=CARTESIAN_POINT('',(-0.492125984251968,0.118110236220472,1.96850393700787));
#4590=CARTESIAN_POINT('',(-1.96850393700787,0.118110236220472,1.96850393700787));
#4591=CARTESIAN_POINT('',(7.4306265427668E-16,0.118110236220472,1.96850393700787));
#4592=CARTESIAN_POINT('Origin',(6.99353086378051E-16,0.118110236220472,
-9.00902760577282E-16));
#4593=CARTESIAN_POINT('',(6.99353086378051E-16,0.118110236220472,-9.00902760577282E-16));
#4594=CARTESIAN_POINT('',(6.99353086378051E-16,0.118110236220472,0.492125984251968));
#4595=CARTESIAN_POINT('',(6.99353086378051E-16,0.118110236220472,-9.00902760577282E-16));
#4596=CARTESIAN_POINT('Origin',(-1.96850393700787,0.118110236220472,-1.20201311721228E-15));
#4597=CARTESIAN_POINT('',(-1.96850393700787,0.118110236220472,-1.20201311721228E-15));
#4598=CARTESIAN_POINT('',(-1.4763779527559,0.118110236220472,-1.13644876536433E-15));
#4599=CARTESIAN_POINT('',(-1.96850393700787,0.118110236220472,-1.20201311721228E-15));
#4600=CARTESIAN_POINT('Origin',(-1.96850393700787,0.118110236220472,1.96850393700787));
#4601=CARTESIAN_POINT('',(-1.96850393700787,0.118110236220472,1.4763779527559));
#4602=CARTESIAN_POINT('Origin',(-0.984251968503937,0.118110236220472,0.984251968503937));
#4603=CARTESIAN_POINT('Origin',(-1.14173228346457,0.551181102362205,1.18156215030624));
#4604=CARTESIAN_POINT('',(-1.14173228346457,0.551181102362205,1.2209322290464));
#4605=CARTESIAN_POINT('Origin',(-1.14173228346457,0.551181102362205,1.18156215030624));
#4606=CARTESIAN_POINT('',(-1.14173228346457,0.551181102362205,1.2209322290464));
#4607=CARTESIAN_POINT('Origin',(-1.18110236220472,0.551181102362205,1.2209322290464));
#4608=CARTESIAN_POINT('',(-1.18110236220472,0.551181102362205,1.2209322290464));
#4609=CARTESIAN_POINT('',(-1.08267716535433,0.551181102362205,1.2209322290464));
#4610=CARTESIAN_POINT('',(-1.18110236220472,0.551181102362205,1.2209322290464));
#4611=CARTESIAN_POINT('Origin',(-1.18110236220472,0.551181102362205,1.18156215030624));
#4612=CARTESIAN_POINT('',(-1.22047244094488,0.551181102362205,1.18156215030624));
#4613=CARTESIAN_POINT('Origin',(-1.18110236220472,0.551181102362205,1.18156215030624));
#4614=CARTESIAN_POINT('',(-1.22047244094488,0.551181102362205,1.18156215030624));
#4615=CARTESIAN_POINT('Origin',(-1.22047244094488,0.551181102362205,0.897310181802303));
#4616=CARTESIAN_POINT('',(-1.22047244094488,0.551181102362205,0.897310181802303));
#4617=CARTESIAN_POINT('',(-1.22047244094488,0.551181102362205,0.940781075153119));
#4618=CARTESIAN_POINT('',(-1.22047244094488,0.551181102362205,0.897310181802303));
#4619=CARTESIAN_POINT('Origin',(-1.18110236220472,0.551181102362205,0.897310181802303));
#4620=CARTESIAN_POINT('',(-1.18110236220472,0.551181102362205,0.857940103062145));
#4621=CARTESIAN_POINT('Origin',(-1.18110236220472,0.551181102362205,0.897310181802303));
#4622=CARTESIAN_POINT('',(-1.18110236220472,0.551181102362205,0.857940103062145));
#4623=CARTESIAN_POINT('Origin',(-0.787401574803149,0.551181102362205,0.857940103062146));
#4624=CARTESIAN_POINT('',(-0.787401574803149,0.551181102362205,0.857940103062146));
#4625=CARTESIAN_POINT('',(-0.885826771653543,0.551181102362205,0.857940103062146));
#4626=CARTESIAN_POINT('',(-0.787401574803149,0.551181102362205,0.857940103062146));
#4627=CARTESIAN_POINT('Origin',(-0.787401574803149,0.551181102362205,0.897310181802303));
#4628=CARTESIAN_POINT('Origin',(-0.787401574803149,0.551181102362205,0.897310181802303));
#4629=CARTESIAN_POINT('',(-0.748031496062992,0.551181102362205,0.897310181802303));
#4630=CARTESIAN_POINT('Origin',(-0.748031496062992,0.551181102362205,1.06817632353459));
#4631=CARTESIAN_POINT('',(-0.748031496062992,0.551181102362205,1.06817632353459));
#4632=CARTESIAN_POINT('Origin',(-0.511811023622047,0.551181102362205,1.06817632353459));
#4633=CARTESIAN_POINT('',(-0.511811023622047,0.551181102362205,1.06817632353459));
#4634=CARTESIAN_POINT('Origin',(-0.511811023622047,0.551181102362205,0.661089709361358));
#4635=CARTESIAN_POINT('',(-0.511811023622047,0.551181102362205,0.661089709361358));
#4636=CARTESIAN_POINT('',(-0.511811023622047,0.551181102362205,0.661089709361358));
#4637=CARTESIAN_POINT('',(-0.511811023622047,0.551181102362205,0.822670838932647));
#4638=CARTESIAN_POINT('Origin',(-0.551181102362204,0.551181102362205,0.661089709361358));
#4639=CARTESIAN_POINT('',(-0.551181102362204,0.551181102362205,0.621719630621201));
#4640=CARTESIAN_POINT('Origin',(-0.551181102362204,0.551181102362205,0.661089709361358));
#4641=CARTESIAN_POINT('',(-0.551181102362204,0.551181102362205,0.621719630621201));
#4642=CARTESIAN_POINT('Origin',(-1.41732283464567,0.551181102362205,0.621719630621201));
#4643=CARTESIAN_POINT('',(-1.41732283464567,0.551181102362205,0.621719630621201));
#4644=CARTESIAN_POINT('',(-1.2007874015748,0.551181102362205,0.621719630621201));
#4645=CARTESIAN_POINT('',(-1.41732283464567,0.551181102362205,0.621719630621201));
#4646=CARTESIAN_POINT('Origin',(-1.41732283464567,0.551181102362205,0.661089709361358));
#4647=CARTESIAN_POINT('',(-1.45669291338583,0.551181102362205,0.661089709361358));
#4648=CARTESIAN_POINT('Origin',(-1.41732283464567,0.551181102362205,0.661089709361358));
#4649=CARTESIAN_POINT('',(-1.45669291338583,0.551181102362205,0.661089709361358));
#4650=CARTESIAN_POINT('Origin',(-1.45669291338583,0.551181102362205,1.41778262274719));
#4651=CARTESIAN_POINT('',(-1.45669291338583,0.551181102362205,1.41778262274719));
#4652=CARTESIAN_POINT('',(-1.45669291338583,0.551181102362205,1.20101729562556));
#4653=CARTESIAN_POINT('',(-1.45669291338583,0.551181102362205,1.41778262274719));
#4654=CARTESIAN_POINT('Origin',(-1.41732283464567,0.551181102362205,1.41778262274718));
#4655=CARTESIAN_POINT('',(-1.41732283464567,0.551181102362205,1.45715270148734));
#4656=CARTESIAN_POINT('Origin',(-1.41732283464567,0.551181102362205,1.41778262274718));
#4657=CARTESIAN_POINT('',(-1.41732283464567,0.551181102362205,1.45715270148734));
#4658=CARTESIAN_POINT('Origin',(-0.905511811023622,0.551181102362205,1.45715270148734));
#4659=CARTESIAN_POINT('',(-0.905511811023622,0.551181102362205,1.45715270148734));
#4660=CARTESIAN_POINT('',(-0.944881889763779,0.551181102362205,1.45715270148734));
#4661=CARTESIAN_POINT('',(-0.905511811023622,0.551181102362205,1.45715270148734));
#4662=CARTESIAN_POINT('Origin',(-0.905511811023622,0.551181102362205,1.41778262274719));
#4663=CARTESIAN_POINT('',(-0.866141732283464,0.551181102362205,1.41778262274719));
#4664=CARTESIAN_POINT('Origin',(-0.905511811023622,0.551181102362205,1.41778262274719));
#4665=CARTESIAN_POINT('',(-0.866141732283464,0.551181102362205,1.41778262274719));
#4666=CARTESIAN_POINT('Origin',(-0.866141732283464,0.551181102362205,0.910696008573957));
#4667=CARTESIAN_POINT('',(-0.866141732283464,0.551181102362205,0.947473988538946));
#4668=CARTESIAN_POINT('Origin',(-0.984251968503937,0.,0.984251968503937));
#4669=CARTESIAN_POINT('',(-2.08661417322835,0.,-0.118110236220473));
#4670=CARTESIAN_POINT('',(-2.08661417322835,0.,-0.118110236220473));
#4671=CARTESIAN_POINT('',(2.32283464566929,0.,-0.118110236220472));
#4672=CARTESIAN_POINT('Origin',(-2.08661417322835,0.,-0.118110236220473));
#4673=CARTESIAN_POINT('',(-2.08661417322835,0.,-0.118110236220473));
#4674=CARTESIAN_POINT('Origin',(0.118110236220472,0.,-0.118110236220472));
#4675=CARTESIAN_POINT('Origin',(-0.984251968503936,0.551181102362205,0.984251968503936));
#4676=CARTESIAN_POINT('',(0.,0.,0.));
#4677=CARTESIAN_POINT('',(0.,0.,0.));
#4678=CARTESIAN_POINT('',(0.,0.,0.));
#4679=UNCERTAINTY_MEASURE_WITH_UNIT(LENGTH_MEASURE(0.000393700787401575),
#4689,'DISTANCE_ACCURACY_VALUE',
'Maximum model space distance between geometric entities at asserted c
onnectivities');
#4680=UNCERTAINTY_MEASURE_WITH_UNIT(LENGTH_MEASURE(0.000393700787401575),
#4689,'DISTANCE_ACCURACY_VALUE',
'Maximum model space distance between geometric entities at asserted c
onnectivities');
#4681=UNCERTAINTY_MEASURE_WITH_UNIT(LENGTH_MEASURE(0.000393700787401575),
#4689,'DISTANCE_ACCURACY_VALUE',
'Maximum model space distance between geometric entities at asserted c
onnectivities');
#4682=UNCERTAINTY_MEASURE_WITH_UNIT(LENGTH_MEASURE(0.000393700787401575),
#4689,'DISTANCE_ACCURACY_VALUE',
'Maximum model space distance between geometric entities at asserted c
onnectivities');
#4683=(
GEOMETRIC_REPRESENTATION_CONTEXT(3)
GLOBAL_UNCERTAINTY_ASSIGNED_CONTEXT((#4679))
GLOBAL_UNIT_ASSIGNED_CONTEXT((#4689,#4693,#4694))
REPRESENTATION_CONTEXT('','3D')
);
#4684=(
GEOMETRIC_REPRESENTATION_CONTEXT(3)
GLOBAL_UNCERTAINTY_ASSIGNED_CONTEXT((#4680))
GLOBAL_UNIT_ASSIGNED_CONTEXT((#4689,#4693,#4694))
REPRESENTATION_CONTEXT('','3D')
);
#4685=(
GEOMETRIC_REPRESENTATION_CONTEXT(3)
GLOBAL_UNCERTAINTY_ASSIGNED_CONTEXT((#4681))
GLOBAL_UNIT_ASSIGNED_CONTEXT((#4689,#4693,#4694))
REPRESENTATION_CONTEXT('','3D')
);
#4686=(
GEOMETRIC_REPRESENTATION_CONTEXT(3)
GLOBAL_UNCERTAINTY_ASSIGNED_CONTEXT((#4682))
GLOBAL_UNIT_ASSIGNED_CONTEXT((#4689,#4693,#4694))
REPRESENTATION_CONTEXT('','3D')
);
#4687=DIMENSIONAL_EXPONENTS(1.,0.,0.,0.,0.,0.,0.);
#4688=DIMENSIONAL_EXPONENTS(0.,1.,0.,0.,0.,0.,0.);
#4689=(
CONVERSION_BASED_UNIT('inch',#4692)
LENGTH_UNIT()
NAMED_UNIT(#4687)
);
#4690=(
LENGTH_UNIT()
NAMED_UNIT(*)
SI_UNIT(.MILLI.,.METRE.)
);
#4691=(
LENGTH_UNIT()
NAMED_UNIT(*)
SI_UNIT(.CENTI.,.METRE.)
);
#4692=LENGTH_MEASURE_WITH_UNIT(LENGTH_MEASURE(25.4),#4690);
#4693=(
NAMED_UNIT(*)
PLANE_ANGLE_UNIT()
SI_UNIT($,.RADIAN.)
);
#4694=(
NAMED_UNIT(*)
SI_UNIT($,.STERADIAN.)
SOLID_ANGLE_UNIT()
);
#4695=SHAPE_DEFINITION_REPRESENTATION(#4698,#4703);
#4696=SHAPE_DEFINITION_REPRESENTATION(#4699,#4704);
#4697=SHAPE_DEFINITION_REPRESENTATION(#4700,#4705);
#4698=PRODUCT_DEFINITION_SHAPE('',$,#4707);
#4699=PRODUCT_DEFINITION_SHAPE('',$,#4708);
#4700=PRODUCT_DEFINITION_SHAPE('',$,#4709);
#4701=PRODUCT_DEFINITION_SHAPE($,$,#17);
#4702=PRODUCT_DEFINITION_SHAPE($,$,#18);
#4703=SHAPE_REPRESENTATION('',(#2875,#3104,#3105),#4683);
#4704=SHAPE_REPRESENTATION('',(#2876),#4684);
#4705=SHAPE_REPRESENTATION('',(#3103),#4685);
#4706=PRODUCT_DEFINITION_CONTEXT('part definition',#4717,'design');
#4707=PRODUCT_DEFINITION('2x2 250Hz-PLA.ipt','2x2 250Hz-PLA.ipt',#4710,
#4706);
#4708=PRODUCT_DEFINITION('2x2 250Hz-PLA','2x2 250Hz-PLA',#4711,#4706);
#4709=PRODUCT_DEFINITION('Part2','Part2',#4712,#4706);
#4710=PRODUCT_DEFINITION_FORMATION('',$,#4719);
#4711=PRODUCT_DEFINITION_FORMATION('',$,#4720);
#4712=PRODUCT_DEFINITION_FORMATION('',$,#4721);
#4713=PRODUCT_RELATED_PRODUCT_CATEGORY('2x2 250Hz-PLA.ipt',
'2x2 250Hz-PLA.ipt',(#4719));
#4714=PRODUCT_RELATED_PRODUCT_CATEGORY('2x2 250Hz-PLA','2x2 250Hz-PLA',
(#4720));
#4715=PRODUCT_RELATED_PRODUCT_CATEGORY('Part2','Part2',(#4721));
#4716=APPLICATION_PROTOCOL_DEFINITION('international standard',
'automotive_design',2009,#4717);
#4717=APPLICATION_CONTEXT(
'Core Data for Automotive Mechanical Design Process');
#4718=PRODUCT_CONTEXT('part definition',#4717,'mechanical');
#4719=PRODUCT('2x2 250Hz-PLA.ipt','2x2 250Hz-PLA.ipt',$,(#4718));
#4720=PRODUCT('2x2 250Hz-PLA','2x2 250Hz-PLA',$,(#4718));
#4721=PRODUCT('Part2','Part2',$,(#4718));
ENDSEC;
END-ISO-10303-21;
