ISO-10303-21;
HEADER;
/* Generated by software containing ST-Developer
 * from STEP Tools, Inc. (www.steptools.com) 
 */

FILE_DESCRIPTION(
/* description */ (''),
/* implementation_level */ '2;1');

FILE_NAME(
/* name */ '2x2 250Hz-back-air.stp',
/* time_stamp */ '2026-06-04T21:20:42-04:00',
/* author */ ('brand'),
/* organization */ (''),
/* preprocessor_version */ 'ST-DEVELOPER v20.1',
/* originating_system */ 'Autodesk Inventor 2027',
/* authorisation */ '');

FILE_SCHEMA (('AUTOMOTIVE_DESIGN { 1 0 10303 214 3 1 1 }'));
ENDSEC;

DATA;
#10=MECHANICAL_DESIGN_GEOMETRIC_PRESENTATION_REPRESENTATION('',(#166,#167,
#168,#169,#170,#171,#172,#173,#174,#175,#176,#177,#178,#179,#180,#181,#182,
#183,#184,#185,#186,#187,#188,#189,#190,#191,#192,#193,#194,#195,#196,#197,
#198,#199,#200,#201,#202,#203,#204,#205,#206,#207,#208,#209,#210,#211,#212,
#213,#214,#215,#216,#217,#218,#219,#220,#221,#222,#223,#224,#225,#226,#227,
#228,#229,#230,#231,#232,#233,#234,#235,#236,#237,#238,#239,#240,#241,#242,
#243,#244,#245,#246,#247,#248,#249,#250,#251,#252,#253,#254,#255,#256,#257,
#258,#259,#260,#261,#262,#263,#264,#265,#266,#267,#268,#269,#270,#271,#272,
#273,#274,#275,#276,#277,#278,#279,#280,#281,#282,#283,#284,#285,#286,#287,
#288,#289,#290,#291,#292,#293,#294,#295,#296,#297,#298,#299),#4681);
#11=ITEM_DEFINED_TRANSFORMATION($,$,#2871,#3099);
#12=ITEM_DEFINED_TRANSFORMATION($,$,#2872,#3100);
#13=(
REPRESENTATION_RELATIONSHIP($,$,#4699,#4698)
REPRESENTATION_RELATIONSHIP_WITH_TRANSFORMATION(#11)
SHAPE_REPRESENTATION_RELATIONSHIP()
);
#14=(
REPRESENTATION_RELATIONSHIP($,$,#4700,#4698)
REPRESENTATION_RELATIONSHIP_WITH_TRANSFORMATION(#12)
SHAPE_REPRESENTATION_RELATIONSHIP()
);
#15=CONTEXT_DEPENDENT_SHAPE_REPRESENTATION(#13,#4696);
#16=CONTEXT_DEPENDENT_SHAPE_REPRESENTATION(#14,#4697);
#17=NEXT_ASSEMBLY_USAGE_OCCURRENCE('Solid5:1','Solid5:1','Solid5:1',#4702,
#4703,'Solid5:1');
#18=NEXT_ASSEMBLY_USAGE_OCCURRENCE('Solid1:1','Solid1:1','Solid1:1',#4702,
#4704,'Solid1:1');
#19=SHAPE_REPRESENTATION_RELATIONSHIP('SRR','None',#4700,#20);
#20=ADVANCED_BREP_SHAPE_REPRESENTATION('',(#21),#4680);
#21=MANIFOLD_SOLID_BREP('Solid1',#2808);
#22=FACE_BOUND('',#452,.T.);
#23=FACE_BOUND('',#486,.T.);
#24=FACE_BOUND('',#520,.T.);
#25=FACE_BOUND('',#551,.T.);
#26=FACE_BOUND('',#552,.T.);
#27=FACE_BOUND('',#553,.T.);
#28=FACE_BOUND('',#554,.T.);
#29=FACE_BOUND('',#559,.T.);
#30=B_SPLINE_CURVE_WITH_KNOTS('',3,(#3966,#3967,#3968,#3969,#3970,#3971,
#3972,#3973,#3974,#3975),.UNSPECIFIED.,.F.,.F.,(4,2,2,2,4),(0.810607690866331,
0.821442568595317,0.844697665397181,0.867952762199046,0.886180633585652),
 .UNSPECIFIED.);
#31=B_SPLINE_CURVE_WITH_KNOTS('',3,(#4163,#4164,#4165,#4166,#4167,#4168,
#4169,#4170,#4171,#4172),.UNSPECIFIED.,.F.,.F.,(4,2,2,2,4),(0.810607690866331,
0.821442568595317,0.844697665397181,0.867952762199046,0.886180633585652),
 .UNSPECIFIED.);
#32=B_SPLINE_CURVE_WITH_KNOTS('',3,(#4360,#4361,#4362,#4363,#4364,#4365,
#4366,#4367,#4368,#4369),.UNSPECIFIED.,.F.,.F.,(4,2,2,2,4),(0.810607690866331,
0.821442568595317,0.844697665397181,0.867952762199046,0.886180633585652),
 .UNSPECIFIED.);
#33=B_SPLINE_CURVE_WITH_KNOTS('',3,(#4559,#4560,#4561,#4562,#4563,#4564,
#4565,#4566,#4567,#4568),.UNSPECIFIED.,.F.,.F.,(4,2,2,2,4),(0.810607690866331,
0.821442568595317,0.844697665397181,0.867952762199046,0.886180633585652),
 .UNSPECIFIED.);
#34=CIRCLE('',#2879,0.0393700787401575);
#35=CIRCLE('',#2880,0.0393700787401575);
#36=CIRCLE('',#2882,0.0393700787401575);
#37=CIRCLE('',#2885,0.0393700787401575);
#38=CIRCLE('',#2888,0.0393700787401577);
#39=CIRCLE('',#2889,0.039370078740158);
#40=CIRCLE('',#2890,0.0393700787401577);
#41=CIRCLE('',#2891,0.0393700787401575);
#42=CIRCLE('',#2892,0.0393700787401578);
#43=CIRCLE('',#2893,0.0393700787401572);
#44=CIRCLE('',#2894,0.0393700787401579);
#45=CIRCLE('',#2895,0.0393700787401575);
#46=CIRCLE('',#2897,0.0393700787401575);
#47=CIRCLE('',#2898,0.0393700787401575);
#48=CIRCLE('',#2907,0.0393700787401575);
#49=CIRCLE('',#2910,0.0393700787401579);
#50=CIRCLE('',#2913,0.0393700787401572);
#51=CIRCLE('',#2916,0.0393700787401578);
#52=CIRCLE('',#2921,0.0393700787401575);
#53=CIRCLE('',#2924,0.0393700787401577);
#54=CIRCLE('',#2927,0.039370078740158);
#55=CIRCLE('',#2930,0.0393700787401577);
#56=CIRCLE('',#2934,0.0393700787401575);
#57=CIRCLE('',#2935,0.0393700787401575);
#58=CIRCLE('',#2937,0.0393700787401575);
#59=CIRCLE('',#2940,0.0393700787401575);
#60=CIRCLE('',#2943,0.0393700787401577);
#61=CIRCLE('',#2944,0.039370078740158);
#62=CIRCLE('',#2945,0.0393700787401577);
#63=CIRCLE('',#2946,0.0393700787401575);
#64=CIRCLE('',#2947,0.0393700787401578);
#65=CIRCLE('',#2948,0.0393700787401572);
#66=CIRCLE('',#2949,0.0393700787401579);
#67=CIRCLE('',#2950,0.0393700787401575);
#68=CIRCLE('',#2952,0.0393700787401575);
#69=CIRCLE('',#2953,0.0393700787401575);
#70=CIRCLE('',#2962,0.0393700787401575);
#71=CIRCLE('',#2965,0.0393700787401579);
#72=CIRCLE('',#2968,0.0393700787401572);
#73=CIRCLE('',#2971,0.0393700787401578);
#74=CIRCLE('',#2976,0.0393700787401575);
#75=CIRCLE('',#2979,0.0393700787401577);
#76=CIRCLE('',#2982,0.039370078740158);
#77=CIRCLE('',#2985,0.0393700787401577);
#78=CIRCLE('',#2989,0.0393700787401575);
#79=CIRCLE('',#2990,0.0393700787401575);
#80=CIRCLE('',#2992,0.0393700787401575);
#81=CIRCLE('',#2995,0.0393700787401575);
#82=CIRCLE('',#2998,0.0393700787401577);
#83=CIRCLE('',#2999,0.039370078740158);
#84=CIRCLE('',#3000,0.0393700787401577);
#85=CIRCLE('',#3001,0.0393700787401575);
#86=CIRCLE('',#3002,0.0393700787401578);
#87=CIRCLE('',#3003,0.0393700787401572);
#88=CIRCLE('',#3004,0.0393700787401579);
#89=CIRCLE('',#3005,0.0393700787401575);
#90=CIRCLE('',#3007,0.0393700787401575);
#91=CIRCLE('',#3008,0.0393700787401575);
#92=CIRCLE('',#3017,0.0393700787401575);
#93=CIRCLE('',#3020,0.0393700787401579);
#94=CIRCLE('',#3023,0.0393700787401572);
#95=CIRCLE('',#3026,0.0393700787401578);
#96=CIRCLE('',#3031,0.0393700787401575);
#97=CIRCLE('',#3034,0.0393700787401577);
#98=CIRCLE('',#3037,0.039370078740158);
#99=CIRCLE('',#3040,0.0393700787401577);
#100=CIRCLE('',#3044,0.0393700787401575);
#101=CIRCLE('',#3045,0.0393700787401575);
#102=CIRCLE('',#3047,0.0393700787401575);
#103=CIRCLE('',#3050,0.0393700787401575);
#104=CIRCLE('',#3054,0.0393700787401577);
#105=CIRCLE('',#3055,0.039370078740158);
#106=CIRCLE('',#3056,0.0393700787401577);
#107=CIRCLE('',#3057,0.0393700787401575);
#108=CIRCLE('',#3058,0.0393700787401578);
#109=CIRCLE('',#3059,0.0393700787401572);
#110=CIRCLE('',#3060,0.0393700787401579);
#111=CIRCLE('',#3061,0.0393700787401575);
#112=CIRCLE('',#3063,0.0393700787401575);
#113=CIRCLE('',#3064,0.0393700787401575);
#114=CIRCLE('',#3073,0.0393700787401575);
#115=CIRCLE('',#3076,0.0393700787401579);
#116=CIRCLE('',#3079,0.0393700787401572);
#117=CIRCLE('',#3082,0.0393700787401578);
#118=CIRCLE('',#3087,0.0393700787401575);
#119=CIRCLE('',#3090,0.0393700787401577);
#120=CIRCLE('',#3093,0.039370078740158);
#121=CIRCLE('',#3096,0.0393700787401577);
#122=CYLINDRICAL_SURFACE('',#2878,0.0393700787401575);
#123=CYLINDRICAL_SURFACE('',#2884,0.0393700787401575);
#124=CYLINDRICAL_SURFACE('',#2896,0.0393700787401575);
#125=CYLINDRICAL_SURFACE('',#2906,0.0393700787401575);
#126=CYLINDRICAL_SURFACE('',#2909,0.0393700787401579);
#127=CYLINDRICAL_SURFACE('',#2912,0.0393700787401572);
#128=CYLINDRICAL_SURFACE('',#2915,0.0393700787401578);
#129=CYLINDRICAL_SURFACE('',#2920,0.0393700787401575);
#130=CYLINDRICAL_SURFACE('',#2923,0.0393700787401577);
#131=CYLINDRICAL_SURFACE('',#2926,0.039370078740158);
#132=CYLINDRICAL_SURFACE('',#2929,0.0393700787401577);
#133=CYLINDRICAL_SURFACE('',#2933,0.0393700787401575);
#134=CYLINDRICAL_SURFACE('',#2939,0.0393700787401575);
#135=CYLINDRICAL_SURFACE('',#2951,0.0393700787401575);
#136=CYLINDRICAL_SURFACE('',#2961,0.0393700787401575);
#137=CYLINDRICAL_SURFACE('',#2964,0.0393700787401579);
#138=CYLINDRICAL_SURFACE('',#2967,0.0393700787401572);
#139=CYLINDRICAL_SURFACE('',#2970,0.0393700787401578);
#140=CYLINDRICAL_SURFACE('',#2975,0.0393700787401575);
#141=CYLINDRICAL_SURFACE('',#2978,0.0393700787401577);
#142=CYLINDRICAL_SURFACE('',#2981,0.039370078740158);
#143=CYLINDRICAL_SURFACE('',#2984,0.0393700787401577);
#144=CYLINDRICAL_SURFACE('',#2988,0.0393700787401575);
#145=CYLINDRICAL_SURFACE('',#2994,0.0393700787401575);
#146=CYLINDRICAL_SURFACE('',#3006,0.0393700787401575);
#147=CYLINDRICAL_SURFACE('',#3016,0.0393700787401575);
#148=CYLINDRICAL_SURFACE('',#3019,0.0393700787401579);
#149=CYLINDRICAL_SURFACE('',#3022,0.0393700787401572);
#150=CYLINDRICAL_SURFACE('',#3025,0.0393700787401578);
#151=CYLINDRICAL_SURFACE('',#3030,0.0393700787401575);
#152=CYLINDRICAL_SURFACE('',#3033,0.0393700787401577);
#153=CYLINDRICAL_SURFACE('',#3036,0.039370078740158);
#154=CYLINDRICAL_SURFACE('',#3039,0.0393700787401577);
#155=CYLINDRICAL_SURFACE('',#3043,0.0393700787401575);
#156=CYLINDRICAL_SURFACE('',#3049,0.0393700787401575);
#157=CYLINDRICAL_SURFACE('',#3062,0.0393700787401575);
#158=CYLINDRICAL_SURFACE('',#3072,0.0393700787401575);
#159=CYLINDRICAL_SURFACE('',#3075,0.0393700787401579);
#160=CYLINDRICAL_SURFACE('',#3078,0.0393700787401572);
#161=CYLINDRICAL_SURFACE('',#3081,0.0393700787401578);
#162=CYLINDRICAL_SURFACE('',#3086,0.0393700787401575);
#163=CYLINDRICAL_SURFACE('',#3089,0.0393700787401577);
#164=CYLINDRICAL_SURFACE('',#3092,0.039370078740158);
#165=CYLINDRICAL_SURFACE('',#3095,0.0393700787401577);
#166=STYLED_ITEM('',(#2835),#2675);
#167=STYLED_ITEM('',(#2835),#2676);
#168=STYLED_ITEM('',(#2835),#2677);
#169=STYLED_ITEM('',(#2835),#2678);
#170=STYLED_ITEM('',(#2835),#2679);
#171=STYLED_ITEM('',(#2835),#2680);
#172=STYLED_ITEM('',(#2835),#2681);
#173=STYLED_ITEM('',(#2835),#2682);
#174=STYLED_ITEM('',(#2835),#2683);
#175=STYLED_ITEM('',(#2835),#2684);
#176=STYLED_ITEM('',(#2835),#2685);
#177=STYLED_ITEM('',(#2835),#2686);
#178=STYLED_ITEM('',(#2835),#2687);
#179=STYLED_ITEM('',(#2835),#2688);
#180=STYLED_ITEM('',(#2835),#2689);
#181=STYLED_ITEM('',(#2835),#2690);
#182=STYLED_ITEM('',(#2835),#2691);
#183=STYLED_ITEM('',(#2835),#2692);
#184=STYLED_ITEM('',(#2835),#2693);
#185=STYLED_ITEM('',(#2835),#2694);
#186=STYLED_ITEM('',(#2835),#2695);
#187=STYLED_ITEM('',(#2835),#2696);
#188=STYLED_ITEM('',(#2835),#2697);
#189=STYLED_ITEM('',(#2835),#2698);
#190=STYLED_ITEM('',(#2835),#2699);
#191=STYLED_ITEM('',(#2835),#2700);
#192=STYLED_ITEM('',(#2835),#2701);
#193=STYLED_ITEM('',(#2835),#2702);
#194=STYLED_ITEM('',(#2835),#2703);
#195=STYLED_ITEM('',(#2835),#2704);
#196=STYLED_ITEM('',(#2835),#2705);
#197=STYLED_ITEM('',(#2835),#2706);
#198=STYLED_ITEM('',(#2835),#2707);
#199=STYLED_ITEM('',(#2835),#2708);
#200=STYLED_ITEM('',(#2835),#2709);
#201=STYLED_ITEM('',(#2835),#2710);
#202=STYLED_ITEM('',(#2835),#2711);
#203=STYLED_ITEM('',(#2835),#2712);
#204=STYLED_ITEM('',(#2835),#2713);
#205=STYLED_ITEM('',(#2835),#2714);
#206=STYLED_ITEM('',(#2835),#2715);
#207=STYLED_ITEM('',(#2835),#2716);
#208=STYLED_ITEM('',(#2835),#2717);
#209=STYLED_ITEM('',(#2835),#2718);
#210=STYLED_ITEM('',(#2835),#2719);
#211=STYLED_ITEM('',(#2835),#2720);
#212=STYLED_ITEM('',(#2835),#2721);
#213=STYLED_ITEM('',(#2835),#2722);
#214=STYLED_ITEM('',(#2835),#2723);
#215=STYLED_ITEM('',(#2835),#2724);
#216=STYLED_ITEM('',(#2835),#2725);
#217=STYLED_ITEM('',(#2835),#2726);
#218=STYLED_ITEM('',(#2835),#2727);
#219=STYLED_ITEM('',(#2835),#2728);
#220=STYLED_ITEM('',(#2835),#2729);
#221=STYLED_ITEM('',(#2835),#2730);
#222=STYLED_ITEM('',(#2835),#2731);
#223=STYLED_ITEM('',(#2835),#2732);
#224=STYLED_ITEM('',(#2835),#2733);
#225=STYLED_ITEM('',(#2835),#2734);
#226=STYLED_ITEM('',(#2835),#2735);
#227=STYLED_ITEM('',(#2835),#2736);
#228=STYLED_ITEM('',(#2835),#2737);
#229=STYLED_ITEM('',(#2835),#2738);
#230=STYLED_ITEM('',(#2835),#2739);
#231=STYLED_ITEM('',(#2835),#2740);
#232=STYLED_ITEM('',(#2835),#2741);
#233=STYLED_ITEM('',(#2835),#2742);
#234=STYLED_ITEM('',(#2835),#2743);
#235=STYLED_ITEM('',(#2835),#2744);
#236=STYLED_ITEM('',(#2835),#2745);
#237=STYLED_ITEM('',(#2835),#2746);
#238=STYLED_ITEM('',(#2835),#2747);
#239=STYLED_ITEM('',(#2835),#2748);
#240=STYLED_ITEM('',(#2835),#2749);
#241=STYLED_ITEM('',(#2835),#2750);
#242=STYLED_ITEM('',(#2835),#2751);
#243=STYLED_ITEM('',(#2835),#2752);
#244=STYLED_ITEM('',(#2835),#2753);
#245=STYLED_ITEM('',(#2835),#2754);
#246=STYLED_ITEM('',(#2835),#2755);
#247=STYLED_ITEM('',(#2835),#2756);
#248=STYLED_ITEM('',(#2835),#2757);
#249=STYLED_ITEM('',(#2835),#2758);
#250=STYLED_ITEM('',(#2835),#2759);
#251=STYLED_ITEM('',(#2835),#2760);
#252=STYLED_ITEM('',(#2835),#2761);
#253=STYLED_ITEM('',(#2835),#2762);
#254=STYLED_ITEM('',(#2835),#2763);
#255=STYLED_ITEM('',(#2835),#2764);
#256=STYLED_ITEM('',(#2835),#2765);
#257=STYLED_ITEM('',(#2835),#2766);
#258=STYLED_ITEM('',(#2835),#2767);
#259=STYLED_ITEM('',(#2835),#2768);
#260=STYLED_ITEM('',(#2835),#2769);
#261=STYLED_ITEM('',(#2835),#2770);
#262=STYLED_ITEM('',(#2835),#2771);
#263=STYLED_ITEM('',(#2835),#2772);
#264=STYLED_ITEM('',(#2835),#2773);
#265=STYLED_ITEM('',(#2835),#2774);
#266=STYLED_ITEM('',(#2835),#2775);
#267=STYLED_ITEM('',(#2835),#2776);
#268=STYLED_ITEM('',(#2835),#2777);
#269=STYLED_ITEM('',(#2835),#2778);
#270=STYLED_ITEM('',(#2835),#2779);
#271=STYLED_ITEM('',(#2835),#2780);
#272=STYLED_ITEM('',(#2835),#2781);
#273=STYLED_ITEM('',(#2835),#2782);
#274=STYLED_ITEM('',(#2835),#2783);
#275=STYLED_ITEM('',(#2835),#2784);
#276=STYLED_ITEM('',(#2835),#2785);
#277=STYLED_ITEM('',(#2835),#2786);
#278=STYLED_ITEM('',(#2835),#2787);
#279=STYLED_ITEM('',(#2835),#2788);
#280=STYLED_ITEM('',(#2835),#2789);
#281=STYLED_ITEM('',(#2835),#2790);
#282=STYLED_ITEM('',(#2835),#2791);
#283=STYLED_ITEM('',(#2835),#2792);
#284=STYLED_ITEM('',(#2835),#2793);
#285=STYLED_ITEM('',(#2835),#2794);
#286=STYLED_ITEM('',(#2835),#2795);
#287=STYLED_ITEM('',(#2835),#2796);
#288=STYLED_ITEM('',(#2835),#2797);
#289=STYLED_ITEM('',(#2835),#2798);
#290=STYLED_ITEM('',(#2835),#2799);
#291=STYLED_ITEM('',(#2835),#2800);
#292=STYLED_ITEM('',(#2835),#2801);
#293=STYLED_ITEM('',(#2835),#2802);
#294=STYLED_ITEM('',(#2835),#2803);
#295=STYLED_ITEM('',(#2835),#2804);
#296=STYLED_ITEM('',(#2835),#2805);
#297=STYLED_ITEM('',(#2835),#2806);
#298=STYLED_ITEM('',(#2835),#2807);
#299=STYLED_ITEM('',(#2834),#21);
#300=FACE_OUTER_BOUND('',#438,.T.);
#301=FACE_OUTER_BOUND('',#439,.T.);
#302=FACE_OUTER_BOUND('',#440,.T.);
#303=FACE_OUTER_BOUND('',#441,.T.);
#304=FACE_OUTER_BOUND('',#442,.T.);
#305=FACE_OUTER_BOUND('',#443,.T.);
#306=FACE_OUTER_BOUND('',#444,.T.);
#307=FACE_OUTER_BOUND('',#445,.T.);
#308=FACE_OUTER_BOUND('',#446,.T.);
#309=FACE_OUTER_BOUND('',#447,.T.);
#310=FACE_OUTER_BOUND('',#448,.T.);
#311=FACE_OUTER_BOUND('',#449,.T.);
#312=FACE_OUTER_BOUND('',#450,.T.);
#313=FACE_OUTER_BOUND('',#451,.T.);
#314=FACE_OUTER_BOUND('',#453,.T.);
#315=FACE_OUTER_BOUND('',#454,.T.);
#316=FACE_OUTER_BOUND('',#455,.T.);
#317=FACE_OUTER_BOUND('',#456,.T.);
#318=FACE_OUTER_BOUND('',#457,.T.);
#319=FACE_OUTER_BOUND('',#458,.T.);
#320=FACE_OUTER_BOUND('',#459,.T.);
#321=FACE_OUTER_BOUND('',#460,.T.);
#322=FACE_OUTER_BOUND('',#461,.T.);
#323=FACE_OUTER_BOUND('',#462,.T.);
#324=FACE_OUTER_BOUND('',#463,.T.);
#325=FACE_OUTER_BOUND('',#464,.T.);
#326=FACE_OUTER_BOUND('',#465,.T.);
#327=FACE_OUTER_BOUND('',#466,.T.);
#328=FACE_OUTER_BOUND('',#467,.T.);
#329=FACE_OUTER_BOUND('',#468,.T.);
#330=FACE_OUTER_BOUND('',#469,.T.);
#331=FACE_OUTER_BOUND('',#470,.T.);
#332=FACE_OUTER_BOUND('',#471,.T.);
#333=FACE_OUTER_BOUND('',#472,.T.);
#334=FACE_OUTER_BOUND('',#473,.T.);
#335=FACE_OUTER_BOUND('',#474,.T.);
#336=FACE_OUTER_BOUND('',#475,.T.);
#337=FACE_OUTER_BOUND('',#476,.T.);
#338=FACE_OUTER_BOUND('',#477,.T.);
#339=FACE_OUTER_BOUND('',#478,.T.);
#340=FACE_OUTER_BOUND('',#479,.T.);
#341=FACE_OUTER_BOUND('',#480,.T.);
#342=FACE_OUTER_BOUND('',#481,.T.);
#343=FACE_OUTER_BOUND('',#482,.T.);
#344=FACE_OUTER_BOUND('',#483,.T.);
#345=FACE_OUTER_BOUND('',#484,.T.);
#346=FACE_OUTER_BOUND('',#485,.T.);
#347=FACE_OUTER_BOUND('',#487,.T.);
#348=FACE_OUTER_BOUND('',#488,.T.);
#349=FACE_OUTER_BOUND('',#489,.T.);
#350=FACE_OUTER_BOUND('',#490,.T.);
#351=FACE_OUTER_BOUND('',#491,.T.);
#352=FACE_OUTER_BOUND('',#492,.T.);
#353=FACE_OUTER_BOUND('',#493,.T.);
#354=FACE_OUTER_BOUND('',#494,.T.);
#355=FACE_OUTER_BOUND('',#495,.T.);
#356=FACE_OUTER_BOUND('',#496,.T.);
#357=FACE_OUTER_BOUND('',#497,.T.);
#358=FACE_OUTER_BOUND('',#498,.T.);
#359=FACE_OUTER_BOUND('',#499,.T.);
#360=FACE_OUTER_BOUND('',#500,.T.);
#361=FACE_OUTER_BOUND('',#501,.T.);
#362=FACE_OUTER_BOUND('',#502,.T.);
#363=FACE_OUTER_BOUND('',#503,.T.);
#364=FACE_OUTER_BOUND('',#504,.T.);
#365=FACE_OUTER_BOUND('',#505,.T.);
#366=FACE_OUTER_BOUND('',#506,.T.);
#367=FACE_OUTER_BOUND('',#507,.T.);
#368=FACE_OUTER_BOUND('',#508,.T.);
#369=FACE_OUTER_BOUND('',#509,.T.);
#370=FACE_OUTER_BOUND('',#510,.T.);
#371=FACE_OUTER_BOUND('',#511,.T.);
#372=FACE_OUTER_BOUND('',#512,.T.);
#373=FACE_OUTER_BOUND('',#513,.T.);
#374=FACE_OUTER_BOUND('',#514,.T.);
#375=FACE_OUTER_BOUND('',#515,.T.);
#376=FACE_OUTER_BOUND('',#516,.T.);
#377=FACE_OUTER_BOUND('',#517,.T.);
#378=FACE_OUTER_BOUND('',#518,.T.);
#379=FACE_OUTER_BOUND('',#519,.T.);
#380=FACE_OUTER_BOUND('',#521,.T.);
#381=FACE_OUTER_BOUND('',#522,.T.);
#382=FACE_OUTER_BOUND('',#523,.T.);
#383=FACE_OUTER_BOUND('',#524,.T.);
#384=FACE_OUTER_BOUND('',#525,.T.);
#385=FACE_OUTER_BOUND('',#526,.T.);
#386=FACE_OUTER_BOUND('',#527,.T.);
#387=FACE_OUTER_BOUND('',#528,.T.);
#388=FACE_OUTER_BOUND('',#529,.T.);
#389=FACE_OUTER_BOUND('',#530,.T.);
#390=FACE_OUTER_BOUND('',#531,.T.);
#391=FACE_OUTER_BOUND('',#532,.T.);
#392=FACE_OUTER_BOUND('',#533,.T.);
#393=FACE_OUTER_BOUND('',#534,.T.);
#394=FACE_OUTER_BOUND('',#535,.T.);
#395=FACE_OUTER_BOUND('',#536,.T.);
#396=FACE_OUTER_BOUND('',#537,.T.);
#397=FACE_OUTER_BOUND('',#538,.T.);
#398=FACE_OUTER_BOUND('',#539,.T.);
#399=FACE_OUTER_BOUND('',#540,.T.);
#400=FACE_OUTER_BOUND('',#541,.T.);
#401=FACE_OUTER_BOUND('',#542,.T.);
#402=FACE_OUTER_BOUND('',#543,.T.);
#403=FACE_OUTER_BOUND('',#544,.T.);
#404=FACE_OUTER_BOUND('',#545,.T.);
#405=FACE_OUTER_BOUND('',#546,.T.);
#406=FACE_OUTER_BOUND('',#547,.T.);
#407=FACE_OUTER_BOUND('',#548,.T.);
#408=FACE_OUTER_BOUND('',#549,.T.);
#409=FACE_OUTER_BOUND('',#550,.T.);
#410=FACE_OUTER_BOUND('',#555,.T.);
#411=FACE_OUTER_BOUND('',#556,.T.);
#412=FACE_OUTER_BOUND('',#557,.T.);
#413=FACE_OUTER_BOUND('',#558,.T.);
#414=FACE_OUTER_BOUND('',#560,.T.);
#415=FACE_OUTER_BOUND('',#561,.T.);
#416=FACE_OUTER_BOUND('',#562,.T.);
#417=FACE_OUTER_BOUND('',#563,.T.);
#418=FACE_OUTER_BOUND('',#564,.T.);
#419=FACE_OUTER_BOUND('',#565,.T.);
#420=FACE_OUTER_BOUND('',#566,.T.);
#421=FACE_OUTER_BOUND('',#567,.T.);
#422=FACE_OUTER_BOUND('',#568,.T.);
#423=FACE_OUTER_BOUND('',#569,.T.);
#424=FACE_OUTER_BOUND('',#570,.T.);
#425=FACE_OUTER_BOUND('',#571,.T.);
#426=FACE_OUTER_BOUND('',#572,.T.);
#427=FACE_OUTER_BOUND('',#573,.T.);
#428=FACE_OUTER_BOUND('',#574,.T.);
#429=FACE_OUTER_BOUND('',#575,.T.);
#430=FACE_OUTER_BOUND('',#576,.T.);
#431=FACE_OUTER_BOUND('',#577,.T.);
#432=FACE_OUTER_BOUND('',#578,.T.);
#433=FACE_OUTER_BOUND('',#579,.T.);
#434=FACE_OUTER_BOUND('',#580,.T.);
#435=FACE_OUTER_BOUND('',#581,.T.);
#436=FACE_OUTER_BOUND('',#582,.T.);
#437=FACE_OUTER_BOUND('',#583,.T.);
#438=EDGE_LOOP('',(#1808,#1809,#1810,#1811));
#439=EDGE_LOOP('',(#1812,#1813,#1814,#1815));
#440=EDGE_LOOP('',(#1816,#1817,#1818,#1819));
#441=EDGE_LOOP('',(#1820,#1821,#1822,#1823));
#442=EDGE_LOOP('',(#1824,#1825,#1826,#1827));
#443=EDGE_LOOP('',(#1828,#1829,#1830,#1831));
#444=EDGE_LOOP('',(#1832,#1833,#1834,#1835,#1836,#1837,#1838,#1839));
#445=EDGE_LOOP('',(#1840,#1841,#1842,#1843));
#446=EDGE_LOOP('',(#1844,#1845,#1846,#1847));
#447=EDGE_LOOP('',(#1848,#1849,#1850,#1851));
#448=EDGE_LOOP('',(#1852,#1853,#1854,#1855,#1856,#1857,#1858,#1859,#1860,
#1861,#1862,#1863,#1864,#1865,#1866,#1867,#1868,#1869,#1870,#1871));
#449=EDGE_LOOP('',(#1872,#1873,#1874,#1875,#1876));
#450=EDGE_LOOP('',(#1877,#1878,#1879,#1880));
#451=EDGE_LOOP('',(#1881,#1882,#1883,#1884));
#452=EDGE_LOOP('',(#1885,#1886,#1887,#1888));
#453=EDGE_LOOP('',(#1889,#1890,#1891,#1892));
#454=EDGE_LOOP('',(#1893,#1894,#1895,#1896));
#455=EDGE_LOOP('',(#1897,#1898,#1899,#1900));
#456=EDGE_LOOP('',(#1901,#1902,#1903,#1904));
#457=EDGE_LOOP('',(#1905,#1906,#1907,#1908));
#458=EDGE_LOOP('',(#1909,#1910,#1911,#1912));
#459=EDGE_LOOP('',(#1913,#1914,#1915,#1916));
#460=EDGE_LOOP('',(#1917,#1918,#1919,#1920));
#461=EDGE_LOOP('',(#1921,#1922,#1923,#1924));
#462=EDGE_LOOP('',(#1925,#1926,#1927,#1928));
#463=EDGE_LOOP('',(#1929,#1930,#1931,#1932));
#464=EDGE_LOOP('',(#1933,#1934,#1935,#1936,#1937));
#465=EDGE_LOOP('',(#1938,#1939,#1940,#1941,#1942,#1943));
#466=EDGE_LOOP('',(#1944,#1945,#1946,#1947));
#467=EDGE_LOOP('',(#1948,#1949,#1950,#1951,#1952,#1953,#1954));
#468=EDGE_LOOP('',(#1955,#1956,#1957,#1958));
#469=EDGE_LOOP('',(#1959,#1960,#1961,#1962));
#470=EDGE_LOOP('',(#1963,#1964,#1965,#1966));
#471=EDGE_LOOP('',(#1967,#1968,#1969,#1970));
#472=EDGE_LOOP('',(#1971,#1972,#1973,#1974));
#473=EDGE_LOOP('',(#1975,#1976,#1977,#1978));
#474=EDGE_LOOP('',(#1979,#1980,#1981,#1982));
#475=EDGE_LOOP('',(#1983,#1984,#1985,#1986,#1987,#1988,#1989,#1990));
#476=EDGE_LOOP('',(#1991,#1992,#1993,#1994,#1995,#1996,#1997,#1998,#1999,
#2000,#2001,#2002,#2003,#2004,#2005,#2006,#2007,#2008,#2009));
#477=EDGE_LOOP('',(#2010,#2011,#2012,#2013));
#478=EDGE_LOOP('',(#2014,#2015,#2016,#2017,#2018,#2019,#2020,#2021));
#479=EDGE_LOOP('',(#2022,#2023,#2024,#2025));
#480=EDGE_LOOP('',(#2026,#2027,#2028,#2029));
#481=EDGE_LOOP('',(#2030,#2031,#2032,#2033));
#482=EDGE_LOOP('',(#2034,#2035,#2036,#2037,#2038,#2039,#2040,#2041,#2042,
#2043,#2044,#2045,#2046,#2047,#2048,#2049,#2050,#2051,#2052,#2053));
#483=EDGE_LOOP('',(#2054,#2055,#2056,#2057,#2058));
#484=EDGE_LOOP('',(#2059,#2060,#2061,#2062));
#485=EDGE_LOOP('',(#2063,#2064,#2065,#2066));
#486=EDGE_LOOP('',(#2067,#2068,#2069,#2070));
#487=EDGE_LOOP('',(#2071,#2072,#2073,#2074));
#488=EDGE_LOOP('',(#2075,#2076,#2077,#2078));
#489=EDGE_LOOP('',(#2079,#2080,#2081,#2082));
#490=EDGE_LOOP('',(#2083,#2084,#2085,#2086));
#491=EDGE_LOOP('',(#2087,#2088,#2089,#2090));
#492=EDGE_LOOP('',(#2091,#2092,#2093,#2094));
#493=EDGE_LOOP('',(#2095,#2096,#2097,#2098));
#494=EDGE_LOOP('',(#2099,#2100,#2101,#2102));
#495=EDGE_LOOP('',(#2103,#2104,#2105,#2106));
#496=EDGE_LOOP('',(#2107,#2108,#2109,#2110));
#497=EDGE_LOOP('',(#2111,#2112,#2113,#2114));
#498=EDGE_LOOP('',(#2115,#2116,#2117,#2118,#2119));
#499=EDGE_LOOP('',(#2120,#2121,#2122,#2123,#2124,#2125));
#500=EDGE_LOOP('',(#2126,#2127,#2128,#2129));
#501=EDGE_LOOP('',(#2130,#2131,#2132,#2133,#2134,#2135,#2136));
#502=EDGE_LOOP('',(#2137,#2138,#2139,#2140));
#503=EDGE_LOOP('',(#2141,#2142,#2143,#2144));
#504=EDGE_LOOP('',(#2145,#2146,#2147,#2148));
#505=EDGE_LOOP('',(#2149,#2150,#2151,#2152));
#506=EDGE_LOOP('',(#2153,#2154,#2155,#2156));
#507=EDGE_LOOP('',(#2157,#2158,#2159,#2160));
#508=EDGE_LOOP('',(#2161,#2162,#2163,#2164));
#509=EDGE_LOOP('',(#2165,#2166,#2167,#2168,#2169,#2170,#2171,#2172));
#510=EDGE_LOOP('',(#2173,#2174,#2175,#2176,#2177,#2178,#2179,#2180,#2181,
#2182,#2183,#2184,#2185,#2186,#2187,#2188,#2189,#2190,#2191));
#511=EDGE_LOOP('',(#2192,#2193,#2194,#2195));
#512=EDGE_LOOP('',(#2196,#2197,#2198,#2199,#2200,#2201,#2202,#2203));
#513=EDGE_LOOP('',(#2204,#2205,#2206,#2207));
#514=EDGE_LOOP('',(#2208,#2209,#2210,#2211));
#515=EDGE_LOOP('',(#2212,#2213,#2214,#2215));
#516=EDGE_LOOP('',(#2216,#2217,#2218,#2219,#2220,#2221,#2222,#2223,#2224,
#2225,#2226,#2227,#2228,#2229,#2230,#2231,#2232,#2233,#2234,#2235));
#517=EDGE_LOOP('',(#2236,#2237,#2238,#2239,#2240));
#518=EDGE_LOOP('',(#2241,#2242,#2243,#2244));
#519=EDGE_LOOP('',(#2245,#2246,#2247,#2248));
#520=EDGE_LOOP('',(#2249,#2250,#2251,#2252));
#521=EDGE_LOOP('',(#2253,#2254,#2255,#2256));
#522=EDGE_LOOP('',(#2257,#2258,#2259,#2260));
#523=EDGE_LOOP('',(#2261,#2262,#2263,#2264));
#524=EDGE_LOOP('',(#2265,#2266,#2267,#2268));
#525=EDGE_LOOP('',(#2269,#2270,#2271,#2272));
#526=EDGE_LOOP('',(#2273,#2274,#2275,#2276));
#527=EDGE_LOOP('',(#2277,#2278,#2279,#2280));
#528=EDGE_LOOP('',(#2281,#2282,#2283,#2284));
#529=EDGE_LOOP('',(#2285,#2286,#2287,#2288));
#530=EDGE_LOOP('',(#2289,#2290,#2291,#2292));
#531=EDGE_LOOP('',(#2293,#2294,#2295,#2296));
#532=EDGE_LOOP('',(#2297,#2298,#2299,#2300,#2301));
#533=EDGE_LOOP('',(#2302,#2303,#2304,#2305,#2306,#2307));
#534=EDGE_LOOP('',(#2308,#2309,#2310,#2311));
#535=EDGE_LOOP('',(#2312,#2313,#2314,#2315,#2316,#2317,#2318));
#536=EDGE_LOOP('',(#2319,#2320,#2321,#2322));
#537=EDGE_LOOP('',(#2323,#2324,#2325,#2326));
#538=EDGE_LOOP('',(#2327,#2328,#2329,#2330));
#539=EDGE_LOOP('',(#2331,#2332,#2333,#2334));
#540=EDGE_LOOP('',(#2335,#2336,#2337,#2338));
#541=EDGE_LOOP('',(#2339,#2340,#2341,#2342));
#542=EDGE_LOOP('',(#2343,#2344,#2345,#2346));
#543=EDGE_LOOP('',(#2347,#2348,#2349,#2350,#2351,#2352,#2353,#2354));
#544=EDGE_LOOP('',(#2355,#2356,#2357,#2358,#2359,#2360,#2361,#2362,#2363,
#2364,#2365,#2366,#2367,#2368,#2369,#2370,#2371,#2372,#2373));
#545=EDGE_LOOP('',(#2374,#2375,#2376,#2377));
#546=EDGE_LOOP('',(#2378,#2379,#2380,#2381,#2382,#2383,#2384,#2385));
#547=EDGE_LOOP('',(#2386,#2387,#2388,#2389));
#548=EDGE_LOOP('',(#2390,#2391,#2392,#2393));
#549=EDGE_LOOP('',(#2394,#2395,#2396,#2397));
#550=EDGE_LOOP('',(#2398,#2399,#2400,#2401));
#551=EDGE_LOOP('',(#2402,#2403,#2404,#2405));
#552=EDGE_LOOP('',(#2406,#2407,#2408,#2409));
#553=EDGE_LOOP('',(#2410,#2411,#2412,#2413));
#554=EDGE_LOOP('',(#2414,#2415,#2416,#2417));
#555=EDGE_LOOP('',(#2418,#2419,#2420,#2421,#2422,#2423,#2424,#2425,#2426,
#2427,#2428,#2429,#2430,#2431,#2432,#2433,#2434,#2435,#2436,#2437));
#556=EDGE_LOOP('',(#2438,#2439,#2440,#2441,#2442));
#557=EDGE_LOOP('',(#2443,#2444,#2445,#2446));
#558=EDGE_LOOP('',(#2447,#2448,#2449,#2450));
#559=EDGE_LOOP('',(#2451,#2452,#2453,#2454));
#560=EDGE_LOOP('',(#2455,#2456,#2457,#2458));
#561=EDGE_LOOP('',(#2459,#2460,#2461,#2462));
#562=EDGE_LOOP('',(#2463,#2464,#2465,#2466));
#563=EDGE_LOOP('',(#2467,#2468,#2469,#2470));
#564=EDGE_LOOP('',(#2471,#2472,#2473,#2474));
#565=EDGE_LOOP('',(#2475,#2476,#2477,#2478));
#566=EDGE_LOOP('',(#2479,#2480,#2481,#2482));
#567=EDGE_LOOP('',(#2483,#2484,#2485,#2486));
#568=EDGE_LOOP('',(#2487,#2488,#2489,#2490));
#569=EDGE_LOOP('',(#2491,#2492,#2493,#2494));
#570=EDGE_LOOP('',(#2495,#2496,#2497,#2498));
#571=EDGE_LOOP('',(#2499,#2500,#2501,#2502,#2503));
#572=EDGE_LOOP('',(#2504,#2505,#2506,#2507,#2508,#2509));
#573=EDGE_LOOP('',(#2510,#2511,#2512,#2513));
#574=EDGE_LOOP('',(#2514,#2515,#2516,#2517,#2518,#2519,#2520));
#575=EDGE_LOOP('',(#2521,#2522,#2523,#2524));
#576=EDGE_LOOP('',(#2525,#2526,#2527,#2528));
#577=EDGE_LOOP('',(#2529,#2530,#2531,#2532));
#578=EDGE_LOOP('',(#2533,#2534,#2535,#2536));
#579=EDGE_LOOP('',(#2537,#2538,#2539,#2540));
#580=EDGE_LOOP('',(#2541,#2542,#2543,#2544));
#581=EDGE_LOOP('',(#2545,#2546,#2547,#2548));
#582=EDGE_LOOP('',(#2549,#2550,#2551,#2552,#2553,#2554,#2555,#2556));
#583=EDGE_LOOP('',(#2557,#2558,#2559,#2560,#2561,#2562,#2563,#2564,#2565,
#2566,#2567,#2568,#2569,#2570,#2571,#2572,#2573,#2574,#2575));
#584=LINE('',#3861,#876);
#585=LINE('',#3863,#877);
#586=LINE('',#3865,#878);
#587=LINE('',#3866,#879);
#588=LINE('',#3870,#880);
#589=LINE('',#3871,#881);
#590=LINE('',#3872,#882);
#591=LINE('',#3876,#883);
#592=LINE('',#3877,#884);
#593=LINE('',#3878,#885);
#594=LINE('',#3880,#886);
#595=LINE('',#3881,#887);
#596=LINE('',#3888,#888);
#597=LINE('',#3891,#889);
#598=LINE('',#3894,#890);
#599=LINE('',#3896,#891);
#600=LINE('',#3898,#892);
#601=LINE('',#3902,#893);
#602=LINE('',#3904,#894);
#603=LINE('',#3905,#895);
#604=LINE('',#3908,#896);
#605=LINE('',#3909,#897);
#606=LINE('',#3912,#898);
#607=LINE('',#3915,#899);
#608=LINE('',#3918,#900);
#609=LINE('',#3919,#901);
#610=LINE('',#3922,#902);
#611=LINE('',#3926,#903);
#612=LINE('',#3930,#904);
#613=LINE('',#3934,#905);
#614=LINE('',#3938,#906);
#615=LINE('',#3940,#907);
#616=LINE('',#3942,#908);
#617=LINE('',#3946,#909);
#618=LINE('',#3950,#910);
#619=LINE('',#3954,#911);
#620=LINE('',#3961,#912);
#621=LINE('',#3965,#913);
#622=LINE('',#3978,#914);
#623=LINE('',#3980,#915);
#624=LINE('',#3981,#916);
#625=LINE('',#3985,#917);
#626=LINE('',#3987,#918);
#627=LINE('',#3989,#919);
#628=LINE('',#3990,#920);
#629=LINE('',#3992,#921);
#630=LINE('',#3994,#922);
#631=LINE('',#3995,#923);
#632=LINE('',#3999,#924);
#633=LINE('',#4000,#925);
#634=LINE('',#4001,#926);
#635=LINE('',#4004,#927);
#636=LINE('',#4005,#928);
#637=LINE('',#4008,#929);
#638=LINE('',#4009,#930);
#639=LINE('',#4011,#931);
#640=LINE('',#4016,#932);
#641=LINE('',#4019,#933);
#642=LINE('',#4020,#934);
#643=LINE('',#4024,#935);
#644=LINE('',#4027,#936);
#645=LINE('',#4028,#937);
#646=LINE('',#4032,#938);
#647=LINE('',#4035,#939);
#648=LINE('',#4036,#940);
#649=LINE('',#4039,#941);
#650=LINE('',#4041,#942);
#651=LINE('',#4043,#943);
#652=LINE('',#4046,#944);
#653=LINE('',#4047,#945);
#654=LINE('',#4051,#946);
#655=LINE('',#4054,#947);
#656=LINE('',#4055,#948);
#657=LINE('',#4059,#949);
#658=LINE('',#4062,#950);
#659=LINE('',#4063,#951);
#660=LINE('',#4067,#952);
#661=LINE('',#4070,#953);
#662=LINE('',#4071,#954);
#663=LINE('',#4075,#955);
#664=LINE('',#4077,#956);
#665=LINE('',#4078,#957);
#666=LINE('',#4085,#958);
#667=LINE('',#4088,#959);
#668=LINE('',#4091,#960);
#669=LINE('',#4093,#961);
#670=LINE('',#4095,#962);
#671=LINE('',#4099,#963);
#672=LINE('',#4101,#964);
#673=LINE('',#4102,#965);
#674=LINE('',#4105,#966);
#675=LINE('',#4106,#967);
#676=LINE('',#4109,#968);
#677=LINE('',#4112,#969);
#678=LINE('',#4115,#970);
#679=LINE('',#4116,#971);
#680=LINE('',#4119,#972);
#681=LINE('',#4123,#973);
#682=LINE('',#4127,#974);
#683=LINE('',#4131,#975);
#684=LINE('',#4135,#976);
#685=LINE('',#4137,#977);
#686=LINE('',#4139,#978);
#687=LINE('',#4143,#979);
#688=LINE('',#4147,#980);
#689=LINE('',#4151,#981);
#690=LINE('',#4158,#982);
#691=LINE('',#4162,#983);
#692=LINE('',#4175,#984);
#693=LINE('',#4177,#985);
#694=LINE('',#4178,#986);
#695=LINE('',#4182,#987);
#696=LINE('',#4184,#988);
#697=LINE('',#4186,#989);
#698=LINE('',#4187,#990);
#699=LINE('',#4189,#991);
#700=LINE('',#4191,#992);
#701=LINE('',#4192,#993);
#702=LINE('',#4196,#994);
#703=LINE('',#4197,#995);
#704=LINE('',#4198,#996);
#705=LINE('',#4201,#997);
#706=LINE('',#4202,#998);
#707=LINE('',#4205,#999);
#708=LINE('',#4206,#1000);
#709=LINE('',#4208,#1001);
#710=LINE('',#4213,#1002);
#711=LINE('',#4216,#1003);
#712=LINE('',#4217,#1004);
#713=LINE('',#4221,#1005);
#714=LINE('',#4224,#1006);
#715=LINE('',#4225,#1007);
#716=LINE('',#4229,#1008);
#717=LINE('',#4232,#1009);
#718=LINE('',#4233,#1010);
#719=LINE('',#4236,#1011);
#720=LINE('',#4238,#1012);
#721=LINE('',#4240,#1013);
#722=LINE('',#4243,#1014);
#723=LINE('',#4244,#1015);
#724=LINE('',#4248,#1016);
#725=LINE('',#4251,#1017);
#726=LINE('',#4252,#1018);
#727=LINE('',#4256,#1019);
#728=LINE('',#4259,#1020);
#729=LINE('',#4260,#1021);
#730=LINE('',#4264,#1022);
#731=LINE('',#4267,#1023);
#732=LINE('',#4268,#1024);
#733=LINE('',#4272,#1025);
#734=LINE('',#4274,#1026);
#735=LINE('',#4275,#1027);
#736=LINE('',#4282,#1028);
#737=LINE('',#4285,#1029);
#738=LINE('',#4288,#1030);
#739=LINE('',#4290,#1031);
#740=LINE('',#4292,#1032);
#741=LINE('',#4296,#1033);
#742=LINE('',#4298,#1034);
#743=LINE('',#4299,#1035);
#744=LINE('',#4302,#1036);
#745=LINE('',#4303,#1037);
#746=LINE('',#4306,#1038);
#747=LINE('',#4309,#1039);
#748=LINE('',#4312,#1040);
#749=LINE('',#4313,#1041);
#750=LINE('',#4316,#1042);
#751=LINE('',#4320,#1043);
#752=LINE('',#4324,#1044);
#753=LINE('',#4328,#1045);
#754=LINE('',#4332,#1046);
#755=LINE('',#4334,#1047);
#756=LINE('',#4336,#1048);
#757=LINE('',#4340,#1049);
#758=LINE('',#4344,#1050);
#759=LINE('',#4348,#1051);
#760=LINE('',#4355,#1052);
#761=LINE('',#4359,#1053);
#762=LINE('',#4372,#1054);
#763=LINE('',#4374,#1055);
#764=LINE('',#4375,#1056);
#765=LINE('',#4379,#1057);
#766=LINE('',#4381,#1058);
#767=LINE('',#4383,#1059);
#768=LINE('',#4384,#1060);
#769=LINE('',#4386,#1061);
#770=LINE('',#4388,#1062);
#771=LINE('',#4389,#1063);
#772=LINE('',#4393,#1064);
#773=LINE('',#4394,#1065);
#774=LINE('',#4395,#1066);
#775=LINE('',#4398,#1067);
#776=LINE('',#4399,#1068);
#777=LINE('',#4402,#1069);
#778=LINE('',#4403,#1070);
#779=LINE('',#4405,#1071);
#780=LINE('',#4410,#1072);
#781=LINE('',#4413,#1073);
#782=LINE('',#4414,#1074);
#783=LINE('',#4418,#1075);
#784=LINE('',#4421,#1076);
#785=LINE('',#4422,#1077);
#786=LINE('',#4426,#1078);
#787=LINE('',#4429,#1079);
#788=LINE('',#4430,#1080);
#789=LINE('',#4433,#1081);
#790=LINE('',#4435,#1082);
#791=LINE('',#4437,#1083);
#792=LINE('',#4440,#1084);
#793=LINE('',#4441,#1085);
#794=LINE('',#4445,#1086);
#795=LINE('',#4448,#1087);
#796=LINE('',#4449,#1088);
#797=LINE('',#4453,#1089);
#798=LINE('',#4456,#1090);
#799=LINE('',#4457,#1091);
#800=LINE('',#4461,#1092);
#801=LINE('',#4464,#1093);
#802=LINE('',#4465,#1094);
#803=LINE('',#4469,#1095);
#804=LINE('',#4471,#1096);
#805=LINE('',#4472,#1097);
#806=LINE('',#4479,#1098);
#807=LINE('',#4482,#1099);
#808=LINE('',#4485,#1100);
#809=LINE('',#4487,#1101);
#810=LINE('',#4489,#1102);
#811=LINE('',#4493,#1103);
#812=LINE('',#4495,#1104);
#813=LINE('',#4496,#1105);
#814=LINE('',#4499,#1106);
#815=LINE('',#4500,#1107);
#816=LINE('',#4503,#1108);
#817=LINE('',#4506,#1109);
#818=LINE('',#4509,#1110);
#819=LINE('',#4510,#1111);
#820=LINE('',#4512,#1112);
#821=LINE('',#4515,#1113);
#822=LINE('',#4519,#1114);
#823=LINE('',#4523,#1115);
#824=LINE('',#4527,#1116);
#825=LINE('',#4531,#1117);
#826=LINE('',#4533,#1118);
#827=LINE('',#4535,#1119);
#828=LINE('',#4539,#1120);
#829=LINE('',#4543,#1121);
#830=LINE('',#4547,#1122);
#831=LINE('',#4554,#1123);
#832=LINE('',#4558,#1124);
#833=LINE('',#4571,#1125);
#834=LINE('',#4573,#1126);
#835=LINE('',#4574,#1127);
#836=LINE('',#4578,#1128);
#837=LINE('',#4580,#1129);
#838=LINE('',#4582,#1130);
#839=LINE('',#4583,#1131);
#840=LINE('',#4585,#1132);
#841=LINE('',#4587,#1133);
#842=LINE('',#4588,#1134);
#843=LINE('',#4592,#1135);
#844=LINE('',#4593,#1136);
#845=LINE('',#4594,#1137);
#846=LINE('',#4597,#1138);
#847=LINE('',#4598,#1139);
#848=LINE('',#4601,#1140);
#849=LINE('',#4602,#1141);
#850=LINE('',#4604,#1142);
#851=LINE('',#4609,#1143);
#852=LINE('',#4612,#1144);
#853=LINE('',#4613,#1145);
#854=LINE('',#4617,#1146);
#855=LINE('',#4620,#1147);
#856=LINE('',#4621,#1148);
#857=LINE('',#4625,#1149);
#858=LINE('',#4628,#1150);
#859=LINE('',#4629,#1151);
#860=LINE('',#4632,#1152);
#861=LINE('',#4634,#1153);
#862=LINE('',#4636,#1154);
#863=LINE('',#4639,#1155);
#864=LINE('',#4640,#1156);
#865=LINE('',#4644,#1157);
#866=LINE('',#4647,#1158);
#867=LINE('',#4648,#1159);
#868=LINE('',#4652,#1160);
#869=LINE('',#4655,#1161);
#870=LINE('',#4656,#1162);
#871=LINE('',#4660,#1163);
#872=LINE('',#4663,#1164);
#873=LINE('',#4664,#1165);
#874=LINE('',#4668,#1166);
#875=LINE('',#4670,#1167);
#876=VECTOR('',#3109,0.393700787401575);
#877=VECTOR('',#3110,0.393700787401575);
#878=VECTOR('',#3111,0.393700787401575);
#879=VECTOR('',#3112,0.393700787401575);
#880=VECTOR('',#3115,0.393700787401575);
#881=VECTOR('',#3116,0.393700787401575);
#882=VECTOR('',#3117,0.393700787401575);
#883=VECTOR('',#3120,0.393700787401575);
#884=VECTOR('',#3121,0.393700787401575);
#885=VECTOR('',#3122,0.393700787401575);
#886=VECTOR('',#3125,0.393700787401575);
#887=VECTOR('',#3126,0.393700787401575);
#888=VECTOR('',#3133,0.393700787401575);
#889=VECTOR('',#3136,0.393700787401575);
#890=VECTOR('',#3139,0.393700787401575);
#891=VECTOR('',#3140,0.393700787401575);
#892=VECTOR('',#3141,0.393700787401575);
#893=VECTOR('',#3144,0.393700787401575);
#894=VECTOR('',#3145,0.393700787401575);
#895=VECTOR('',#3146,0.393700787401575);
#896=VECTOR('',#3149,0.393700787401575);
#897=VECTOR('',#3150,0.393700787401575);
#898=VECTOR('',#3153,0.393700787401575);
#899=VECTOR('',#3156,0.393700787401575);
#900=VECTOR('',#3159,0.393700787401575);
#901=VECTOR('',#3160,0.393700787401575);
#902=VECTOR('',#3163,0.393700787401575);
#903=VECTOR('',#3166,0.393700787401575);
#904=VECTOR('',#3169,0.393700787401575);
#905=VECTOR('',#3172,0.393700787401575);
#906=VECTOR('',#3175,0.393700787401575);
#907=VECTOR('',#3176,0.393700787401575);
#908=VECTOR('',#3177,0.393700787401575);
#909=VECTOR('',#3180,0.393700787401575);
#910=VECTOR('',#3183,0.393700787401575);
#911=VECTOR('',#3186,0.393700787401575);
#912=VECTOR('',#3193,0.393700787401575);
#913=VECTOR('',#3196,0.393700787401575);
#914=VECTOR('',#3199,0.393700787401575);
#915=VECTOR('',#3200,0.393700787401575);
#916=VECTOR('',#3201,0.393700787401575);
#917=VECTOR('',#3204,0.393700787401575);
#918=VECTOR('',#3205,0.393700787401575);
#919=VECTOR('',#3206,0.393700787401575);
#920=VECTOR('',#3207,0.393700787401575);
#921=VECTOR('',#3208,0.393700787401575);
#922=VECTOR('',#3209,0.393700787401575);
#923=VECTOR('',#3210,0.393700787401575);
#924=VECTOR('',#3213,0.393700787401575);
#925=VECTOR('',#3214,0.393700787401575);
#926=VECTOR('',#3215,0.393700787401575);
#927=VECTOR('',#3218,0.393700787401575);
#928=VECTOR('',#3219,0.393700787401575);
#929=VECTOR('',#3222,0.393700787401575);
#930=VECTOR('',#3223,0.393700787401575);
#931=VECTOR('',#3226,0.393700787401575);
#932=VECTOR('',#3233,0.393700787401575);
#933=VECTOR('',#3236,0.393700787401575);
#934=VECTOR('',#3237,0.393700787401575);
#935=VECTOR('',#3242,0.393700787401575);
#936=VECTOR('',#3245,0.393700787401575);
#937=VECTOR('',#3246,0.393700787401575);
#938=VECTOR('',#3251,0.393700787401575);
#939=VECTOR('',#3254,0.393700787401575);
#940=VECTOR('',#3255,0.393700787401575);
#941=VECTOR('',#3260,0.393700787401575);
#942=VECTOR('',#3263,0.393700787401575);
#943=VECTOR('',#3266,0.393700787401575);
#944=VECTOR('',#3269,0.393700787401575);
#945=VECTOR('',#3270,0.393700787401575);
#946=VECTOR('',#3275,0.393700787401575);
#947=VECTOR('',#3278,0.393700787401575);
#948=VECTOR('',#3279,0.393700787401575);
#949=VECTOR('',#3284,0.393700787401575);
#950=VECTOR('',#3287,0.393700787401575);
#951=VECTOR('',#3288,0.393700787401575);
#952=VECTOR('',#3293,0.393700787401575);
#953=VECTOR('',#3296,0.393700787401575);
#954=VECTOR('',#3297,0.393700787401575);
#955=VECTOR('',#3302,0.393700787401575);
#956=VECTOR('',#3305,0.393700787401575);
#957=VECTOR('',#3306,0.393700787401575);
#958=VECTOR('',#3313,0.393700787401575);
#959=VECTOR('',#3316,0.393700787401575);
#960=VECTOR('',#3319,0.393700787401575);
#961=VECTOR('',#3320,0.393700787401575);
#962=VECTOR('',#3321,0.393700787401575);
#963=VECTOR('',#3324,0.393700787401575);
#964=VECTOR('',#3325,0.393700787401575);
#965=VECTOR('',#3326,0.393700787401575);
#966=VECTOR('',#3329,0.393700787401575);
#967=VECTOR('',#3330,0.393700787401575);
#968=VECTOR('',#3333,0.393700787401575);
#969=VECTOR('',#3336,0.393700787401575);
#970=VECTOR('',#3339,0.393700787401575);
#971=VECTOR('',#3340,0.393700787401575);
#972=VECTOR('',#3343,0.393700787401575);
#973=VECTOR('',#3346,0.393700787401575);
#974=VECTOR('',#3349,0.393700787401575);
#975=VECTOR('',#3352,0.393700787401575);
#976=VECTOR('',#3355,0.393700787401575);
#977=VECTOR('',#3356,0.393700787401575);
#978=VECTOR('',#3357,0.393700787401575);
#979=VECTOR('',#3360,0.393700787401575);
#980=VECTOR('',#3363,0.393700787401575);
#981=VECTOR('',#3366,0.393700787401575);
#982=VECTOR('',#3373,0.393700787401575);
#983=VECTOR('',#3376,0.393700787401575);
#984=VECTOR('',#3379,0.393700787401575);
#985=VECTOR('',#3380,0.393700787401575);
#986=VECTOR('',#3381,0.393700787401575);
#987=VECTOR('',#3384,0.393700787401575);
#988=VECTOR('',#3385,0.393700787401575);
#989=VECTOR('',#3386,0.393700787401575);
#990=VECTOR('',#3387,0.393700787401575);
#991=VECTOR('',#3388,0.393700787401575);
#992=VECTOR('',#3389,0.393700787401575);
#993=VECTOR('',#3390,0.393700787401575);
#994=VECTOR('',#3393,0.393700787401575);
#995=VECTOR('',#3394,0.393700787401575);
#996=VECTOR('',#3395,0.393700787401575);
#997=VECTOR('',#3398,0.393700787401575);
#998=VECTOR('',#3399,0.393700787401575);
#999=VECTOR('',#3402,0.393700787401575);
#1000=VECTOR('',#3403,0.393700787401575);
#1001=VECTOR('',#3406,0.393700787401575);
#1002=VECTOR('',#3413,0.393700787401575);
#1003=VECTOR('',#3416,0.393700787401575);
#1004=VECTOR('',#3417,0.393700787401575);
#1005=VECTOR('',#3422,0.393700787401575);
#1006=VECTOR('',#3425,0.393700787401575);
#1007=VECTOR('',#3426,0.393700787401575);
#1008=VECTOR('',#3431,0.393700787401575);
#1009=VECTOR('',#3434,0.393700787401575);
#1010=VECTOR('',#3435,0.393700787401575);
#1011=VECTOR('',#3440,0.393700787401575);
#1012=VECTOR('',#3443,0.393700787401575);
#1013=VECTOR('',#3446,0.393700787401575);
#1014=VECTOR('',#3449,0.393700787401575);
#1015=VECTOR('',#3450,0.393700787401575);
#1016=VECTOR('',#3455,0.393700787401575);
#1017=VECTOR('',#3458,0.393700787401575);
#1018=VECTOR('',#3459,0.393700787401575);
#1019=VECTOR('',#3464,0.393700787401575);
#1020=VECTOR('',#3467,0.393700787401575);
#1021=VECTOR('',#3468,0.393700787401575);
#1022=VECTOR('',#3473,0.393700787401575);
#1023=VECTOR('',#3476,0.393700787401575);
#1024=VECTOR('',#3477,0.393700787401575);
#1025=VECTOR('',#3482,0.393700787401575);
#1026=VECTOR('',#3485,0.393700787401575);
#1027=VECTOR('',#3486,0.393700787401575);
#1028=VECTOR('',#3493,0.393700787401575);
#1029=VECTOR('',#3496,0.393700787401575);
#1030=VECTOR('',#3499,0.393700787401575);
#1031=VECTOR('',#3500,0.393700787401575);
#1032=VECTOR('',#3501,0.393700787401575);
#1033=VECTOR('',#3504,0.393700787401575);
#1034=VECTOR('',#3505,0.393700787401575);
#1035=VECTOR('',#3506,0.393700787401575);
#1036=VECTOR('',#3509,0.393700787401575);
#1037=VECTOR('',#3510,0.393700787401575);
#1038=VECTOR('',#3513,0.393700787401575);
#1039=VECTOR('',#3516,0.393700787401575);
#1040=VECTOR('',#3519,0.393700787401575);
#1041=VECTOR('',#3520,0.393700787401575);
#1042=VECTOR('',#3523,0.393700787401575);
#1043=VECTOR('',#3526,0.393700787401575);
#1044=VECTOR('',#3529,0.393700787401575);
#1045=VECTOR('',#3532,0.393700787401575);
#1046=VECTOR('',#3535,0.393700787401575);
#1047=VECTOR('',#3536,0.393700787401575);
#1048=VECTOR('',#3537,0.393700787401575);
#1049=VECTOR('',#3540,0.393700787401575);
#1050=VECTOR('',#3543,0.393700787401575);
#1051=VECTOR('',#3546,0.393700787401575);
#1052=VECTOR('',#3553,0.393700787401575);
#1053=VECTOR('',#3556,0.393700787401575);
#1054=VECTOR('',#3559,0.393700787401575);
#1055=VECTOR('',#3560,0.393700787401575);
#1056=VECTOR('',#3561,0.393700787401575);
#1057=VECTOR('',#3564,0.393700787401575);
#1058=VECTOR('',#3565,0.393700787401575);
#1059=VECTOR('',#3566,0.393700787401575);
#1060=VECTOR('',#3567,0.393700787401575);
#1061=VECTOR('',#3568,0.393700787401575);
#1062=VECTOR('',#3569,0.393700787401575);
#1063=VECTOR('',#3570,0.393700787401575);
#1064=VECTOR('',#3573,0.393700787401575);
#1065=VECTOR('',#3574,0.393700787401575);
#1066=VECTOR('',#3575,0.393700787401575);
#1067=VECTOR('',#3578,0.393700787401575);
#1068=VECTOR('',#3579,0.393700787401575);
#1069=VECTOR('',#3582,0.393700787401575);
#1070=VECTOR('',#3583,0.393700787401575);
#1071=VECTOR('',#3586,0.393700787401575);
#1072=VECTOR('',#3593,0.393700787401575);
#1073=VECTOR('',#3596,0.393700787401575);
#1074=VECTOR('',#3597,0.393700787401575);
#1075=VECTOR('',#3602,0.393700787401575);
#1076=VECTOR('',#3605,0.393700787401575);
#1077=VECTOR('',#3606,0.393700787401575);
#1078=VECTOR('',#3611,0.393700787401575);
#1079=VECTOR('',#3614,0.393700787401575);
#1080=VECTOR('',#3615,0.393700787401575);
#1081=VECTOR('',#3620,0.393700787401575);
#1082=VECTOR('',#3623,0.393700787401575);
#1083=VECTOR('',#3626,0.393700787401575);
#1084=VECTOR('',#3629,0.393700787401575);
#1085=VECTOR('',#3630,0.393700787401575);
#1086=VECTOR('',#3635,0.393700787401575);
#1087=VECTOR('',#3638,0.393700787401575);
#1088=VECTOR('',#3639,0.393700787401575);
#1089=VECTOR('',#3644,0.393700787401575);
#1090=VECTOR('',#3647,0.393700787401575);
#1091=VECTOR('',#3648,0.393700787401575);
#1092=VECTOR('',#3653,0.393700787401575);
#1093=VECTOR('',#3656,0.393700787401575);
#1094=VECTOR('',#3657,0.393700787401575);
#1095=VECTOR('',#3662,0.393700787401575);
#1096=VECTOR('',#3665,0.393700787401575);
#1097=VECTOR('',#3666,0.393700787401575);
#1098=VECTOR('',#3673,0.393700787401575);
#1099=VECTOR('',#3676,0.393700787401575);
#1100=VECTOR('',#3679,0.393700787401575);
#1101=VECTOR('',#3680,0.393700787401575);
#1102=VECTOR('',#3681,0.393700787401575);
#1103=VECTOR('',#3684,0.393700787401575);
#1104=VECTOR('',#3685,0.393700787401575);
#1105=VECTOR('',#3686,0.393700787401575);
#1106=VECTOR('',#3689,0.393700787401575);
#1107=VECTOR('',#3690,0.393700787401575);
#1108=VECTOR('',#3693,0.393700787401575);
#1109=VECTOR('',#3696,0.393700787401575);
#1110=VECTOR('',#3699,0.393700787401575);
#1111=VECTOR('',#3700,0.393700787401575);
#1112=VECTOR('',#3703,0.393700787401575);
#1113=VECTOR('',#3706,0.393700787401575);
#1114=VECTOR('',#3709,0.393700787401575);
#1115=VECTOR('',#3712,0.393700787401575);
#1116=VECTOR('',#3715,0.393700787401575);
#1117=VECTOR('',#3718,0.393700787401575);
#1118=VECTOR('',#3719,0.393700787401575);
#1119=VECTOR('',#3720,0.393700787401575);
#1120=VECTOR('',#3723,0.393700787401575);
#1121=VECTOR('',#3726,0.393700787401575);
#1122=VECTOR('',#3729,0.393700787401575);
#1123=VECTOR('',#3736,0.393700787401575);
#1124=VECTOR('',#3739,0.393700787401575);
#1125=VECTOR('',#3742,0.393700787401575);
#1126=VECTOR('',#3743,0.393700787401575);
#1127=VECTOR('',#3744,0.393700787401575);
#1128=VECTOR('',#3747,0.393700787401575);
#1129=VECTOR('',#3748,0.393700787401575);
#1130=VECTOR('',#3749,0.393700787401575);
#1131=VECTOR('',#3750,0.393700787401575);
#1132=VECTOR('',#3751,0.393700787401575);
#1133=VECTOR('',#3752,0.393700787401575);
#1134=VECTOR('',#3753,0.393700787401575);
#1135=VECTOR('',#3756,0.393700787401575);
#1136=VECTOR('',#3757,0.393700787401575);
#1137=VECTOR('',#3758,0.393700787401575);
#1138=VECTOR('',#3761,0.393700787401575);
#1139=VECTOR('',#3762,0.393700787401575);
#1140=VECTOR('',#3765,0.393700787401575);
#1141=VECTOR('',#3766,0.393700787401575);
#1142=VECTOR('',#3769,0.393700787401575);
#1143=VECTOR('',#3776,0.393700787401575);
#1144=VECTOR('',#3779,0.393700787401575);
#1145=VECTOR('',#3780,0.393700787401575);
#1146=VECTOR('',#3785,0.393700787401575);
#1147=VECTOR('',#3788,0.393700787401575);
#1148=VECTOR('',#3789,0.393700787401575);
#1149=VECTOR('',#3794,0.393700787401575);
#1150=VECTOR('',#3797,0.393700787401575);
#1151=VECTOR('',#3798,0.393700787401575);
#1152=VECTOR('',#3803,0.393700787401575);
#1153=VECTOR('',#3806,0.393700787401575);
#1154=VECTOR('',#3809,0.393700787401575);
#1155=VECTOR('',#3812,0.393700787401575);
#1156=VECTOR('',#3813,0.393700787401575);
#1157=VECTOR('',#3818,0.393700787401575);
#1158=VECTOR('',#3821,0.393700787401575);
#1159=VECTOR('',#3822,0.393700787401575);
#1160=VECTOR('',#3827,0.393700787401575);
#1161=VECTOR('',#3830,0.393700787401575);
#1162=VECTOR('',#3831,0.393700787401575);
#1163=VECTOR('',#3836,0.393700787401575);
#1164=VECTOR('',#3839,0.393700787401575);
#1165=VECTOR('',#3840,0.393700787401575);
#1166=VECTOR('',#3845,0.393700787401575);
#1167=VECTOR('',#3848,0.393700787401575);
#1168=VERTEX_POINT('',#3859);
#1169=VERTEX_POINT('',#3860);
#1170=VERTEX_POINT('',#3862);
#1171=VERTEX_POINT('',#3864);
#1172=VERTEX_POINT('',#3868);
#1173=VERTEX_POINT('',#3869);
#1174=VERTEX_POINT('',#3874);
#1175=VERTEX_POINT('',#3875);
#1176=VERTEX_POINT('',#3884);
#1177=VERTEX_POINT('',#3885);
#1178=VERTEX_POINT('',#3887);
#1179=VERTEX_POINT('',#3889);
#1180=VERTEX_POINT('',#3893);
#1181=VERTEX_POINT('',#3895);
#1182=VERTEX_POINT('',#3897);
#1183=VERTEX_POINT('',#3899);
#1184=VERTEX_POINT('',#3901);
#1185=VERTEX_POINT('',#3903);
#1186=VERTEX_POINT('',#3907);
#1187=VERTEX_POINT('',#3911);
#1188=VERTEX_POINT('',#3913);
#1189=VERTEX_POINT('',#3917);
#1190=VERTEX_POINT('',#3921);
#1191=VERTEX_POINT('',#3923);
#1192=VERTEX_POINT('',#3925);
#1193=VERTEX_POINT('',#3927);
#1194=VERTEX_POINT('',#3929);
#1195=VERTEX_POINT('',#3931);
#1196=VERTEX_POINT('',#3933);
#1197=VERTEX_POINT('',#3935);
#1198=VERTEX_POINT('',#3937);
#1199=VERTEX_POINT('',#3939);
#1200=VERTEX_POINT('',#3941);
#1201=VERTEX_POINT('',#3943);
#1202=VERTEX_POINT('',#3945);
#1203=VERTEX_POINT('',#3947);
#1204=VERTEX_POINT('',#3949);
#1205=VERTEX_POINT('',#3951);
#1206=VERTEX_POINT('',#3953);
#1207=VERTEX_POINT('',#3957);
#1208=VERTEX_POINT('',#3958);
#1209=VERTEX_POINT('',#3960);
#1210=VERTEX_POINT('',#3962);
#1211=VERTEX_POINT('',#3964);
#1212=VERTEX_POINT('',#3977);
#1213=VERTEX_POINT('',#3979);
#1214=VERTEX_POINT('',#3983);
#1215=VERTEX_POINT('',#3984);
#1216=VERTEX_POINT('',#3986);
#1217=VERTEX_POINT('',#3988);
#1218=VERTEX_POINT('',#3991);
#1219=VERTEX_POINT('',#3993);
#1220=VERTEX_POINT('',#3997);
#1221=VERTEX_POINT('',#3998);
#1222=VERTEX_POINT('',#4003);
#1223=VERTEX_POINT('',#4007);
#1224=VERTEX_POINT('',#4014);
#1225=VERTEX_POINT('',#4018);
#1226=VERTEX_POINT('',#4022);
#1227=VERTEX_POINT('',#4026);
#1228=VERTEX_POINT('',#4030);
#1229=VERTEX_POINT('',#4034);
#1230=VERTEX_POINT('',#4045);
#1231=VERTEX_POINT('',#4049);
#1232=VERTEX_POINT('',#4053);
#1233=VERTEX_POINT('',#4057);
#1234=VERTEX_POINT('',#4061);
#1235=VERTEX_POINT('',#4065);
#1236=VERTEX_POINT('',#4069);
#1237=VERTEX_POINT('',#4073);
#1238=VERTEX_POINT('',#4081);
#1239=VERTEX_POINT('',#4082);
#1240=VERTEX_POINT('',#4084);
#1241=VERTEX_POINT('',#4086);
#1242=VERTEX_POINT('',#4090);
#1243=VERTEX_POINT('',#4092);
#1244=VERTEX_POINT('',#4094);
#1245=VERTEX_POINT('',#4096);
#1246=VERTEX_POINT('',#4098);
#1247=VERTEX_POINT('',#4100);
#1248=VERTEX_POINT('',#4104);
#1249=VERTEX_POINT('',#4108);
#1250=VERTEX_POINT('',#4110);
#1251=VERTEX_POINT('',#4114);
#1252=VERTEX_POINT('',#4118);
#1253=VERTEX_POINT('',#4120);
#1254=VERTEX_POINT('',#4122);
#1255=VERTEX_POINT('',#4124);
#1256=VERTEX_POINT('',#4126);
#1257=VERTEX_POINT('',#4128);
#1258=VERTEX_POINT('',#4130);
#1259=VERTEX_POINT('',#4132);
#1260=VERTEX_POINT('',#4134);
#1261=VERTEX_POINT('',#4136);
#1262=VERTEX_POINT('',#4138);
#1263=VERTEX_POINT('',#4140);
#1264=VERTEX_POINT('',#4142);
#1265=VERTEX_POINT('',#4144);
#1266=VERTEX_POINT('',#4146);
#1267=VERTEX_POINT('',#4148);
#1268=VERTEX_POINT('',#4150);
#1269=VERTEX_POINT('',#4154);
#1270=VERTEX_POINT('',#4155);
#1271=VERTEX_POINT('',#4157);
#1272=VERTEX_POINT('',#4159);
#1273=VERTEX_POINT('',#4161);
#1274=VERTEX_POINT('',#4174);
#1275=VERTEX_POINT('',#4176);
#1276=VERTEX_POINT('',#4180);
#1277=VERTEX_POINT('',#4181);
#1278=VERTEX_POINT('',#4183);
#1279=VERTEX_POINT('',#4185);
#1280=VERTEX_POINT('',#4188);
#1281=VERTEX_POINT('',#4190);
#1282=VERTEX_POINT('',#4194);
#1283=VERTEX_POINT('',#4195);
#1284=VERTEX_POINT('',#4200);
#1285=VERTEX_POINT('',#4204);
#1286=VERTEX_POINT('',#4211);
#1287=VERTEX_POINT('',#4215);
#1288=VERTEX_POINT('',#4219);
#1289=VERTEX_POINT('',#4223);
#1290=VERTEX_POINT('',#4227);
#1291=VERTEX_POINT('',#4231);
#1292=VERTEX_POINT('',#4242);
#1293=VERTEX_POINT('',#4246);
#1294=VERTEX_POINT('',#4250);
#1295=VERTEX_POINT('',#4254);
#1296=VERTEX_POINT('',#4258);
#1297=VERTEX_POINT('',#4262);
#1298=VERTEX_POINT('',#4266);
#1299=VERTEX_POINT('',#4270);
#1300=VERTEX_POINT('',#4278);
#1301=VERTEX_POINT('',#4279);
#1302=VERTEX_POINT('',#4281);
#1303=VERTEX_POINT('',#4283);
#1304=VERTEX_POINT('',#4287);
#1305=VERTEX_POINT('',#4289);
#1306=VERTEX_POINT('',#4291);
#1307=VERTEX_POINT('',#4293);
#1308=VERTEX_POINT('',#4295);
#1309=VERTEX_POINT('',#4297);
#1310=VERTEX_POINT('',#4301);
#1311=VERTEX_POINT('',#4305);
#1312=VERTEX_POINT('',#4307);
#1313=VERTEX_POINT('',#4311);
#1314=VERTEX_POINT('',#4315);
#1315=VERTEX_POINT('',#4317);
#1316=VERTEX_POINT('',#4319);
#1317=VERTEX_POINT('',#4321);
#1318=VERTEX_POINT('',#4323);
#1319=VERTEX_POINT('',#4325);
#1320=VERTEX_POINT('',#4327);
#1321=VERTEX_POINT('',#4329);
#1322=VERTEX_POINT('',#4331);
#1323=VERTEX_POINT('',#4333);
#1324=VERTEX_POINT('',#4335);
#1325=VERTEX_POINT('',#4337);
#1326=VERTEX_POINT('',#4339);
#1327=VERTEX_POINT('',#4341);
#1328=VERTEX_POINT('',#4343);
#1329=VERTEX_POINT('',#4345);
#1330=VERTEX_POINT('',#4347);
#1331=VERTEX_POINT('',#4351);
#1332=VERTEX_POINT('',#4352);
#1333=VERTEX_POINT('',#4354);
#1334=VERTEX_POINT('',#4356);
#1335=VERTEX_POINT('',#4358);
#1336=VERTEX_POINT('',#4371);
#1337=VERTEX_POINT('',#4373);
#1338=VERTEX_POINT('',#4377);
#1339=VERTEX_POINT('',#4378);
#1340=VERTEX_POINT('',#4380);
#1341=VERTEX_POINT('',#4382);
#1342=VERTEX_POINT('',#4385);
#1343=VERTEX_POINT('',#4387);
#1344=VERTEX_POINT('',#4391);
#1345=VERTEX_POINT('',#4392);
#1346=VERTEX_POINT('',#4397);
#1347=VERTEX_POINT('',#4401);
#1348=VERTEX_POINT('',#4408);
#1349=VERTEX_POINT('',#4412);
#1350=VERTEX_POINT('',#4416);
#1351=VERTEX_POINT('',#4420);
#1352=VERTEX_POINT('',#4424);
#1353=VERTEX_POINT('',#4428);
#1354=VERTEX_POINT('',#4439);
#1355=VERTEX_POINT('',#4443);
#1356=VERTEX_POINT('',#4447);
#1357=VERTEX_POINT('',#4451);
#1358=VERTEX_POINT('',#4455);
#1359=VERTEX_POINT('',#4459);
#1360=VERTEX_POINT('',#4463);
#1361=VERTEX_POINT('',#4467);
#1362=VERTEX_POINT('',#4475);
#1363=VERTEX_POINT('',#4476);
#1364=VERTEX_POINT('',#4478);
#1365=VERTEX_POINT('',#4480);
#1366=VERTEX_POINT('',#4484);
#1367=VERTEX_POINT('',#4486);
#1368=VERTEX_POINT('',#4488);
#1369=VERTEX_POINT('',#4490);
#1370=VERTEX_POINT('',#4492);
#1371=VERTEX_POINT('',#4494);
#1372=VERTEX_POINT('',#4498);
#1373=VERTEX_POINT('',#4502);
#1374=VERTEX_POINT('',#4504);
#1375=VERTEX_POINT('',#4508);
#1376=VERTEX_POINT('',#4514);
#1377=VERTEX_POINT('',#4516);
#1378=VERTEX_POINT('',#4518);
#1379=VERTEX_POINT('',#4520);
#1380=VERTEX_POINT('',#4522);
#1381=VERTEX_POINT('',#4524);
#1382=VERTEX_POINT('',#4526);
#1383=VERTEX_POINT('',#4528);
#1384=VERTEX_POINT('',#4530);
#1385=VERTEX_POINT('',#4532);
#1386=VERTEX_POINT('',#4534);
#1387=VERTEX_POINT('',#4536);
#1388=VERTEX_POINT('',#4538);
#1389=VERTEX_POINT('',#4540);
#1390=VERTEX_POINT('',#4542);
#1391=VERTEX_POINT('',#4544);
#1392=VERTEX_POINT('',#4546);
#1393=VERTEX_POINT('',#4550);
#1394=VERTEX_POINT('',#4551);
#1395=VERTEX_POINT('',#4553);
#1396=VERTEX_POINT('',#4555);
#1397=VERTEX_POINT('',#4557);
#1398=VERTEX_POINT('',#4570);
#1399=VERTEX_POINT('',#4572);
#1400=VERTEX_POINT('',#4576);
#1401=VERTEX_POINT('',#4577);
#1402=VERTEX_POINT('',#4579);
#1403=VERTEX_POINT('',#4581);
#1404=VERTEX_POINT('',#4584);
#1405=VERTEX_POINT('',#4586);
#1406=VERTEX_POINT('',#4590);
#1407=VERTEX_POINT('',#4591);
#1408=VERTEX_POINT('',#4596);
#1409=VERTEX_POINT('',#4600);
#1410=VERTEX_POINT('',#4607);
#1411=VERTEX_POINT('',#4611);
#1412=VERTEX_POINT('',#4615);
#1413=VERTEX_POINT('',#4619);
#1414=VERTEX_POINT('',#4623);
#1415=VERTEX_POINT('',#4627);
#1416=VERTEX_POINT('',#4638);
#1417=VERTEX_POINT('',#4642);
#1418=VERTEX_POINT('',#4646);
#1419=VERTEX_POINT('',#4650);
#1420=VERTEX_POINT('',#4654);
#1421=VERTEX_POINT('',#4658);
#1422=VERTEX_POINT('',#4662);
#1423=VERTEX_POINT('',#4666);
#1424=EDGE_CURVE('',#1168,#1169,#584,.T.);
#1425=EDGE_CURVE('',#1169,#1170,#585,.T.);
#1426=EDGE_CURVE('',#1171,#1170,#586,.T.);
#1427=EDGE_CURVE('',#1171,#1168,#587,.T.);
#1428=EDGE_CURVE('',#1172,#1173,#588,.T.);
#1429=EDGE_CURVE('',#1173,#1169,#589,.T.);
#1430=EDGE_CURVE('',#1168,#1172,#590,.T.);
#1431=EDGE_CURVE('',#1174,#1175,#591,.T.);
#1432=EDGE_CURVE('',#1175,#1173,#592,.T.);
#1433=EDGE_CURVE('',#1172,#1174,#593,.T.);
#1434=EDGE_CURVE('',#1170,#1175,#594,.T.);
#1435=EDGE_CURVE('',#1174,#1171,#595,.T.);
#1436=EDGE_CURVE('',#1176,#1177,#34,.T.);
#1437=EDGE_CURVE('',#1176,#1178,#596,.T.);
#1438=EDGE_CURVE('',#1179,#1178,#35,.T.);
#1439=EDGE_CURVE('',#1179,#1177,#597,.T.);
#1440=EDGE_CURVE('',#1178,#1180,#598,.T.);
#1441=EDGE_CURVE('',#1181,#1180,#599,.T.);
#1442=EDGE_CURVE('',#1182,#1181,#600,.T.);
#1443=EDGE_CURVE('',#1183,#1182,#36,.F.);
#1444=EDGE_CURVE('',#1184,#1183,#601,.T.);
#1445=EDGE_CURVE('',#1185,#1184,#602,.T.);
#1446=EDGE_CURVE('',#1179,#1185,#603,.T.);
#1447=EDGE_CURVE('',#1176,#1186,#604,.T.);
#1448=EDGE_CURVE('',#1180,#1186,#605,.T.);
#1449=EDGE_CURVE('',#1182,#1187,#606,.T.);
#1450=EDGE_CURVE('',#1187,#1188,#37,.F.);
#1451=EDGE_CURVE('',#1188,#1183,#607,.T.);
#1452=EDGE_CURVE('',#1189,#1181,#608,.T.);
#1453=EDGE_CURVE('',#1187,#1189,#609,.T.);
#1454=EDGE_CURVE('',#1188,#1190,#610,.T.);
#1455=EDGE_CURVE('',#1190,#1191,#38,.T.);
#1456=EDGE_CURVE('',#1191,#1192,#611,.T.);
#1457=EDGE_CURVE('',#1192,#1193,#39,.T.);
#1458=EDGE_CURVE('',#1193,#1194,#612,.T.);
#1459=EDGE_CURVE('',#1194,#1195,#40,.T.);
#1460=EDGE_CURVE('',#1195,#1196,#613,.T.);
#1461=EDGE_CURVE('',#1196,#1197,#41,.T.);
#1462=EDGE_CURVE('',#1197,#1198,#614,.T.);
#1463=EDGE_CURVE('',#1198,#1199,#615,.T.);
#1464=EDGE_CURVE('',#1199,#1200,#616,.T.);
#1465=EDGE_CURVE('',#1200,#1201,#42,.T.);
#1466=EDGE_CURVE('',#1201,#1202,#617,.T.);
#1467=EDGE_CURVE('',#1202,#1203,#43,.T.);
#1468=EDGE_CURVE('',#1203,#1204,#618,.T.);
#1469=EDGE_CURVE('',#1204,#1205,#44,.T.);
#1470=EDGE_CURVE('',#1205,#1206,#619,.T.);
#1471=EDGE_CURVE('',#1206,#1184,#45,.T.);
#1472=EDGE_CURVE('',#1207,#1208,#46,.F.);
#1473=EDGE_CURVE('',#1208,#1209,#620,.T.);
#1474=EDGE_CURVE('',#1209,#1210,#47,.F.);
#1475=EDGE_CURVE('',#1210,#1211,#621,.T.);
#1476=EDGE_CURVE('',#1211,#1207,#30,.F.);
#1477=EDGE_CURVE('',#1208,#1212,#622,.T.);
#1478=EDGE_CURVE('',#1213,#1212,#623,.T.);
#1479=EDGE_CURVE('',#1209,#1213,#624,.T.);
#1480=EDGE_CURVE('',#1214,#1215,#625,.T.);
#1481=EDGE_CURVE('',#1215,#1216,#626,.T.);
#1482=EDGE_CURVE('',#1216,#1217,#627,.T.);
#1483=EDGE_CURVE('',#1217,#1214,#628,.T.);
#1484=EDGE_CURVE('',#1212,#1218,#629,.T.);
#1485=EDGE_CURVE('',#1218,#1219,#630,.T.);
#1486=EDGE_CURVE('',#1219,#1213,#631,.T.);
#1487=EDGE_CURVE('',#1220,#1221,#632,.T.);
#1488=EDGE_CURVE('',#1220,#1215,#633,.T.);
#1489=EDGE_CURVE('',#1221,#1214,#634,.T.);
#1490=EDGE_CURVE('',#1221,#1222,#635,.T.);
#1491=EDGE_CURVE('',#1222,#1217,#636,.T.);
#1492=EDGE_CURVE('',#1222,#1223,#637,.T.);
#1493=EDGE_CURVE('',#1223,#1216,#638,.T.);
#1494=EDGE_CURVE('',#1223,#1220,#639,.T.);
#1495=EDGE_CURVE('',#1185,#1224,#48,.T.);
#1496=EDGE_CURVE('',#1224,#1206,#640,.T.);
#1497=EDGE_CURVE('',#1224,#1225,#641,.T.);
#1498=EDGE_CURVE('',#1225,#1205,#642,.T.);
#1499=EDGE_CURVE('',#1225,#1226,#49,.T.);
#1500=EDGE_CURVE('',#1226,#1204,#643,.T.);
#1501=EDGE_CURVE('',#1226,#1227,#644,.T.);
#1502=EDGE_CURVE('',#1227,#1203,#645,.T.);
#1503=EDGE_CURVE('',#1227,#1228,#50,.T.);
#1504=EDGE_CURVE('',#1228,#1202,#646,.T.);
#1505=EDGE_CURVE('',#1228,#1229,#647,.T.);
#1506=EDGE_CURVE('',#1229,#1201,#648,.T.);
#1507=EDGE_CURVE('',#1229,#1211,#51,.T.);
#1508=EDGE_CURVE('',#1207,#1200,#649,.T.);
#1509=EDGE_CURVE('',#1199,#1218,#650,.T.);
#1510=EDGE_CURVE('',#1198,#1219,#651,.T.);
#1511=EDGE_CURVE('',#1230,#1197,#652,.T.);
#1512=EDGE_CURVE('',#1210,#1230,#653,.T.);
#1513=EDGE_CURVE('',#1230,#1231,#52,.T.);
#1514=EDGE_CURVE('',#1231,#1196,#654,.T.);
#1515=EDGE_CURVE('',#1231,#1232,#655,.T.);
#1516=EDGE_CURVE('',#1232,#1195,#656,.T.);
#1517=EDGE_CURVE('',#1232,#1233,#53,.T.);
#1518=EDGE_CURVE('',#1233,#1194,#657,.T.);
#1519=EDGE_CURVE('',#1233,#1234,#658,.T.);
#1520=EDGE_CURVE('',#1234,#1193,#659,.T.);
#1521=EDGE_CURVE('',#1234,#1235,#54,.T.);
#1522=EDGE_CURVE('',#1235,#1192,#660,.T.);
#1523=EDGE_CURVE('',#1235,#1236,#661,.T.);
#1524=EDGE_CURVE('',#1236,#1191,#662,.T.);
#1525=EDGE_CURVE('',#1236,#1237,#55,.T.);
#1526=EDGE_CURVE('',#1237,#1190,#663,.T.);
#1527=EDGE_CURVE('',#1237,#1177,#664,.T.);
#1528=EDGE_CURVE('',#1186,#1189,#665,.T.);
#1529=EDGE_CURVE('',#1238,#1239,#56,.T.);
#1530=EDGE_CURVE('',#1238,#1240,#666,.T.);
#1531=EDGE_CURVE('',#1241,#1240,#57,.T.);
#1532=EDGE_CURVE('',#1241,#1239,#667,.T.);
#1533=EDGE_CURVE('',#1240,#1242,#668,.T.);
#1534=EDGE_CURVE('',#1243,#1242,#669,.T.);
#1535=EDGE_CURVE('',#1244,#1243,#670,.T.);
#1536=EDGE_CURVE('',#1245,#1244,#58,.F.);
#1537=EDGE_CURVE('',#1246,#1245,#671,.T.);
#1538=EDGE_CURVE('',#1247,#1246,#672,.T.);
#1539=EDGE_CURVE('',#1241,#1247,#673,.T.);
#1540=EDGE_CURVE('',#1238,#1248,#674,.T.);
#1541=EDGE_CURVE('',#1242,#1248,#675,.T.);
#1542=EDGE_CURVE('',#1244,#1249,#676,.T.);
#1543=EDGE_CURVE('',#1249,#1250,#59,.F.);
#1544=EDGE_CURVE('',#1250,#1245,#677,.T.);
#1545=EDGE_CURVE('',#1251,#1243,#678,.T.);
#1546=EDGE_CURVE('',#1249,#1251,#679,.T.);
#1547=EDGE_CURVE('',#1250,#1252,#680,.T.);
#1548=EDGE_CURVE('',#1252,#1253,#60,.T.);
#1549=EDGE_CURVE('',#1253,#1254,#681,.T.);
#1550=EDGE_CURVE('',#1254,#1255,#61,.T.);
#1551=EDGE_CURVE('',#1255,#1256,#682,.T.);
#1552=EDGE_CURVE('',#1256,#1257,#62,.T.);
#1553=EDGE_CURVE('',#1257,#1258,#683,.T.);
#1554=EDGE_CURVE('',#1258,#1259,#63,.T.);
#1555=EDGE_CURVE('',#1259,#1260,#684,.T.);
#1556=EDGE_CURVE('',#1260,#1261,#685,.T.);
#1557=EDGE_CURVE('',#1261,#1262,#686,.T.);
#1558=EDGE_CURVE('',#1262,#1263,#64,.T.);
#1559=EDGE_CURVE('',#1263,#1264,#687,.T.);
#1560=EDGE_CURVE('',#1264,#1265,#65,.T.);
#1561=EDGE_CURVE('',#1265,#1266,#688,.T.);
#1562=EDGE_CURVE('',#1266,#1267,#66,.T.);
#1563=EDGE_CURVE('',#1267,#1268,#689,.T.);
#1564=EDGE_CURVE('',#1268,#1246,#67,.T.);
#1565=EDGE_CURVE('',#1269,#1270,#68,.F.);
#1566=EDGE_CURVE('',#1270,#1271,#690,.T.);
#1567=EDGE_CURVE('',#1271,#1272,#69,.F.);
#1568=EDGE_CURVE('',#1272,#1273,#691,.T.);
#1569=EDGE_CURVE('',#1273,#1269,#31,.F.);
#1570=EDGE_CURVE('',#1270,#1274,#692,.T.);
#1571=EDGE_CURVE('',#1275,#1274,#693,.T.);
#1572=EDGE_CURVE('',#1271,#1275,#694,.T.);
#1573=EDGE_CURVE('',#1276,#1277,#695,.T.);
#1574=EDGE_CURVE('',#1277,#1278,#696,.T.);
#1575=EDGE_CURVE('',#1278,#1279,#697,.T.);
#1576=EDGE_CURVE('',#1279,#1276,#698,.T.);
#1577=EDGE_CURVE('',#1274,#1280,#699,.T.);
#1578=EDGE_CURVE('',#1280,#1281,#700,.T.);
#1579=EDGE_CURVE('',#1281,#1275,#701,.T.);
#1580=EDGE_CURVE('',#1282,#1283,#702,.T.);
#1581=EDGE_CURVE('',#1282,#1277,#703,.T.);
#1582=EDGE_CURVE('',#1283,#1276,#704,.T.);
#1583=EDGE_CURVE('',#1283,#1284,#705,.T.);
#1584=EDGE_CURVE('',#1284,#1279,#706,.T.);
#1585=EDGE_CURVE('',#1284,#1285,#707,.T.);
#1586=EDGE_CURVE('',#1285,#1278,#708,.T.);
#1587=EDGE_CURVE('',#1285,#1282,#709,.T.);
#1588=EDGE_CURVE('',#1247,#1286,#70,.T.);
#1589=EDGE_CURVE('',#1286,#1268,#710,.T.);
#1590=EDGE_CURVE('',#1286,#1287,#711,.T.);
#1591=EDGE_CURVE('',#1287,#1267,#712,.T.);
#1592=EDGE_CURVE('',#1287,#1288,#71,.T.);
#1593=EDGE_CURVE('',#1288,#1266,#713,.T.);
#1594=EDGE_CURVE('',#1288,#1289,#714,.T.);
#1595=EDGE_CURVE('',#1289,#1265,#715,.T.);
#1596=EDGE_CURVE('',#1289,#1290,#72,.T.);
#1597=EDGE_CURVE('',#1290,#1264,#716,.T.);
#1598=EDGE_CURVE('',#1290,#1291,#717,.T.);
#1599=EDGE_CURVE('',#1291,#1263,#718,.T.);
#1600=EDGE_CURVE('',#1291,#1273,#73,.T.);
#1601=EDGE_CURVE('',#1269,#1262,#719,.T.);
#1602=EDGE_CURVE('',#1261,#1280,#720,.T.);
#1603=EDGE_CURVE('',#1260,#1281,#721,.T.);
#1604=EDGE_CURVE('',#1292,#1259,#722,.T.);
#1605=EDGE_CURVE('',#1272,#1292,#723,.T.);
#1606=EDGE_CURVE('',#1292,#1293,#74,.T.);
#1607=EDGE_CURVE('',#1293,#1258,#724,.T.);
#1608=EDGE_CURVE('',#1293,#1294,#725,.T.);
#1609=EDGE_CURVE('',#1294,#1257,#726,.T.);
#1610=EDGE_CURVE('',#1294,#1295,#75,.T.);
#1611=EDGE_CURVE('',#1295,#1256,#727,.T.);
#1612=EDGE_CURVE('',#1295,#1296,#728,.T.);
#1613=EDGE_CURVE('',#1296,#1255,#729,.T.);
#1614=EDGE_CURVE('',#1296,#1297,#76,.T.);
#1615=EDGE_CURVE('',#1297,#1254,#730,.T.);
#1616=EDGE_CURVE('',#1297,#1298,#731,.T.);
#1617=EDGE_CURVE('',#1298,#1253,#732,.T.);
#1618=EDGE_CURVE('',#1298,#1299,#77,.T.);
#1619=EDGE_CURVE('',#1299,#1252,#733,.T.);
#1620=EDGE_CURVE('',#1299,#1239,#734,.T.);
#1621=EDGE_CURVE('',#1248,#1251,#735,.T.);
#1622=EDGE_CURVE('',#1300,#1301,#78,.T.);
#1623=EDGE_CURVE('',#1300,#1302,#736,.T.);
#1624=EDGE_CURVE('',#1303,#1302,#79,.T.);
#1625=EDGE_CURVE('',#1303,#1301,#737,.T.);
#1626=EDGE_CURVE('',#1302,#1304,#738,.T.);
#1627=EDGE_CURVE('',#1305,#1304,#739,.T.);
#1628=EDGE_CURVE('',#1306,#1305,#740,.T.);
#1629=EDGE_CURVE('',#1307,#1306,#80,.F.);
#1630=EDGE_CURVE('',#1308,#1307,#741,.T.);
#1631=EDGE_CURVE('',#1309,#1308,#742,.T.);
#1632=EDGE_CURVE('',#1303,#1309,#743,.T.);
#1633=EDGE_CURVE('',#1300,#1310,#744,.T.);
#1634=EDGE_CURVE('',#1304,#1310,#745,.T.);
#1635=EDGE_CURVE('',#1306,#1311,#746,.T.);
#1636=EDGE_CURVE('',#1311,#1312,#81,.F.);
#1637=EDGE_CURVE('',#1312,#1307,#747,.T.);
#1638=EDGE_CURVE('',#1313,#1305,#748,.T.);
#1639=EDGE_CURVE('',#1311,#1313,#749,.T.);
#1640=EDGE_CURVE('',#1312,#1314,#750,.T.);
#1641=EDGE_CURVE('',#1314,#1315,#82,.T.);
#1642=EDGE_CURVE('',#1315,#1316,#751,.T.);
#1643=EDGE_CURVE('',#1316,#1317,#83,.T.);
#1644=EDGE_CURVE('',#1317,#1318,#752,.T.);
#1645=EDGE_CURVE('',#1318,#1319,#84,.T.);
#1646=EDGE_CURVE('',#1319,#1320,#753,.T.);
#1647=EDGE_CURVE('',#1320,#1321,#85,.T.);
#1648=EDGE_CURVE('',#1321,#1322,#754,.T.);
#1649=EDGE_CURVE('',#1322,#1323,#755,.T.);
#1650=EDGE_CURVE('',#1323,#1324,#756,.T.);
#1651=EDGE_CURVE('',#1324,#1325,#86,.T.);
#1652=EDGE_CURVE('',#1325,#1326,#757,.T.);
#1653=EDGE_CURVE('',#1326,#1327,#87,.T.);
#1654=EDGE_CURVE('',#1327,#1328,#758,.T.);
#1655=EDGE_CURVE('',#1328,#1329,#88,.T.);
#1656=EDGE_CURVE('',#1329,#1330,#759,.T.);
#1657=EDGE_CURVE('',#1330,#1308,#89,.T.);
#1658=EDGE_CURVE('',#1331,#1332,#90,.F.);
#1659=EDGE_CURVE('',#1332,#1333,#760,.T.);
#1660=EDGE_CURVE('',#1333,#1334,#91,.F.);
#1661=EDGE_CURVE('',#1334,#1335,#761,.T.);
#1662=EDGE_CURVE('',#1335,#1331,#32,.F.);
#1663=EDGE_CURVE('',#1332,#1336,#762,.T.);
#1664=EDGE_CURVE('',#1337,#1336,#763,.T.);
#1665=EDGE_CURVE('',#1333,#1337,#764,.T.);
#1666=EDGE_CURVE('',#1338,#1339,#765,.T.);
#1667=EDGE_CURVE('',#1339,#1340,#766,.T.);
#1668=EDGE_CURVE('',#1340,#1341,#767,.T.);
#1669=EDGE_CURVE('',#1341,#1338,#768,.T.);
#1670=EDGE_CURVE('',#1336,#1342,#769,.T.);
#1671=EDGE_CURVE('',#1342,#1343,#770,.T.);
#1672=EDGE_CURVE('',#1343,#1337,#771,.T.);
#1673=EDGE_CURVE('',#1344,#1345,#772,.T.);
#1674=EDGE_CURVE('',#1344,#1339,#773,.T.);
#1675=EDGE_CURVE('',#1345,#1338,#774,.T.);
#1676=EDGE_CURVE('',#1345,#1346,#775,.T.);
#1677=EDGE_CURVE('',#1346,#1341,#776,.T.);
#1678=EDGE_CURVE('',#1346,#1347,#777,.T.);
#1679=EDGE_CURVE('',#1347,#1340,#778,.T.);
#1680=EDGE_CURVE('',#1347,#1344,#779,.T.);
#1681=EDGE_CURVE('',#1309,#1348,#92,.T.);
#1682=EDGE_CURVE('',#1348,#1330,#780,.T.);
#1683=EDGE_CURVE('',#1348,#1349,#781,.T.);
#1684=EDGE_CURVE('',#1349,#1329,#782,.T.);
#1685=EDGE_CURVE('',#1349,#1350,#93,.T.);
#1686=EDGE_CURVE('',#1350,#1328,#783,.T.);
#1687=EDGE_CURVE('',#1350,#1351,#784,.T.);
#1688=EDGE_CURVE('',#1351,#1327,#785,.T.);
#1689=EDGE_CURVE('',#1351,#1352,#94,.T.);
#1690=EDGE_CURVE('',#1352,#1326,#786,.T.);
#1691=EDGE_CURVE('',#1352,#1353,#787,.T.);
#1692=EDGE_CURVE('',#1353,#1325,#788,.T.);
#1693=EDGE_CURVE('',#1353,#1335,#95,.T.);
#1694=EDGE_CURVE('',#1331,#1324,#789,.T.);
#1695=EDGE_CURVE('',#1323,#1342,#790,.T.);
#1696=EDGE_CURVE('',#1322,#1343,#791,.T.);
#1697=EDGE_CURVE('',#1354,#1321,#792,.T.);
#1698=EDGE_CURVE('',#1334,#1354,#793,.T.);
#1699=EDGE_CURVE('',#1354,#1355,#96,.T.);
#1700=EDGE_CURVE('',#1355,#1320,#794,.T.);
#1701=EDGE_CURVE('',#1355,#1356,#795,.T.);
#1702=EDGE_CURVE('',#1356,#1319,#796,.T.);
#1703=EDGE_CURVE('',#1356,#1357,#97,.T.);
#1704=EDGE_CURVE('',#1357,#1318,#797,.T.);
#1705=EDGE_CURVE('',#1357,#1358,#798,.T.);
#1706=EDGE_CURVE('',#1358,#1317,#799,.T.);
#1707=EDGE_CURVE('',#1358,#1359,#98,.T.);
#1708=EDGE_CURVE('',#1359,#1316,#800,.T.);
#1709=EDGE_CURVE('',#1359,#1360,#801,.T.);
#1710=EDGE_CURVE('',#1360,#1315,#802,.T.);
#1711=EDGE_CURVE('',#1360,#1361,#99,.T.);
#1712=EDGE_CURVE('',#1361,#1314,#803,.T.);
#1713=EDGE_CURVE('',#1361,#1301,#804,.T.);
#1714=EDGE_CURVE('',#1310,#1313,#805,.T.);
#1715=EDGE_CURVE('',#1362,#1363,#100,.T.);
#1716=EDGE_CURVE('',#1362,#1364,#806,.T.);
#1717=EDGE_CURVE('',#1365,#1364,#101,.T.);
#1718=EDGE_CURVE('',#1365,#1363,#807,.T.);
#1719=EDGE_CURVE('',#1364,#1366,#808,.T.);
#1720=EDGE_CURVE('',#1367,#1366,#809,.T.);
#1721=EDGE_CURVE('',#1368,#1367,#810,.T.);
#1722=EDGE_CURVE('',#1369,#1368,#102,.F.);
#1723=EDGE_CURVE('',#1370,#1369,#811,.T.);
#1724=EDGE_CURVE('',#1371,#1370,#812,.T.);
#1725=EDGE_CURVE('',#1365,#1371,#813,.T.);
#1726=EDGE_CURVE('',#1362,#1372,#814,.T.);
#1727=EDGE_CURVE('',#1366,#1372,#815,.T.);
#1728=EDGE_CURVE('',#1368,#1373,#816,.T.);
#1729=EDGE_CURVE('',#1373,#1374,#103,.F.);
#1730=EDGE_CURVE('',#1374,#1369,#817,.T.);
#1731=EDGE_CURVE('',#1375,#1367,#818,.T.);
#1732=EDGE_CURVE('',#1373,#1375,#819,.T.);
#1733=EDGE_CURVE('',#1372,#1375,#820,.T.);
#1734=EDGE_CURVE('',#1374,#1376,#821,.T.);
#1735=EDGE_CURVE('',#1376,#1377,#104,.T.);
#1736=EDGE_CURVE('',#1377,#1378,#822,.T.);
#1737=EDGE_CURVE('',#1378,#1379,#105,.T.);
#1738=EDGE_CURVE('',#1379,#1380,#823,.T.);
#1739=EDGE_CURVE('',#1380,#1381,#106,.T.);
#1740=EDGE_CURVE('',#1381,#1382,#824,.T.);
#1741=EDGE_CURVE('',#1382,#1383,#107,.T.);
#1742=EDGE_CURVE('',#1383,#1384,#825,.T.);
#1743=EDGE_CURVE('',#1384,#1385,#826,.T.);
#1744=EDGE_CURVE('',#1385,#1386,#827,.T.);
#1745=EDGE_CURVE('',#1386,#1387,#108,.T.);
#1746=EDGE_CURVE('',#1387,#1388,#828,.T.);
#1747=EDGE_CURVE('',#1388,#1389,#109,.T.);
#1748=EDGE_CURVE('',#1389,#1390,#829,.T.);
#1749=EDGE_CURVE('',#1390,#1391,#110,.T.);
#1750=EDGE_CURVE('',#1391,#1392,#830,.T.);
#1751=EDGE_CURVE('',#1392,#1370,#111,.T.);
#1752=EDGE_CURVE('',#1393,#1394,#112,.F.);
#1753=EDGE_CURVE('',#1394,#1395,#831,.T.);
#1754=EDGE_CURVE('',#1395,#1396,#113,.F.);
#1755=EDGE_CURVE('',#1396,#1397,#832,.T.);
#1756=EDGE_CURVE('',#1397,#1393,#33,.F.);
#1757=EDGE_CURVE('',#1394,#1398,#833,.T.);
#1758=EDGE_CURVE('',#1399,#1398,#834,.T.);
#1759=EDGE_CURVE('',#1395,#1399,#835,.T.);
#1760=EDGE_CURVE('',#1400,#1401,#836,.T.);
#1761=EDGE_CURVE('',#1401,#1402,#837,.T.);
#1762=EDGE_CURVE('',#1402,#1403,#838,.T.);
#1763=EDGE_CURVE('',#1403,#1400,#839,.T.);
#1764=EDGE_CURVE('',#1398,#1404,#840,.T.);
#1765=EDGE_CURVE('',#1404,#1405,#841,.T.);
#1766=EDGE_CURVE('',#1405,#1399,#842,.T.);
#1767=EDGE_CURVE('',#1406,#1407,#843,.T.);
#1768=EDGE_CURVE('',#1406,#1401,#844,.T.);
#1769=EDGE_CURVE('',#1407,#1400,#845,.T.);
#1770=EDGE_CURVE('',#1407,#1408,#846,.T.);
#1771=EDGE_CURVE('',#1408,#1403,#847,.T.);
#1772=EDGE_CURVE('',#1408,#1409,#848,.T.);
#1773=EDGE_CURVE('',#1409,#1402,#849,.T.);
#1774=EDGE_CURVE('',#1409,#1406,#850,.T.);
#1775=EDGE_CURVE('',#1371,#1410,#114,.T.);
#1776=EDGE_CURVE('',#1410,#1392,#851,.T.);
#1777=EDGE_CURVE('',#1410,#1411,#852,.T.);
#1778=EDGE_CURVE('',#1411,#1391,#853,.T.);
#1779=EDGE_CURVE('',#1411,#1412,#115,.T.);
#1780=EDGE_CURVE('',#1412,#1390,#854,.T.);
#1781=EDGE_CURVE('',#1412,#1413,#855,.T.);
#1782=EDGE_CURVE('',#1413,#1389,#856,.T.);
#1783=EDGE_CURVE('',#1413,#1414,#116,.T.);
#1784=EDGE_CURVE('',#1414,#1388,#857,.T.);
#1785=EDGE_CURVE('',#1414,#1415,#858,.T.);
#1786=EDGE_CURVE('',#1415,#1387,#859,.T.);
#1787=EDGE_CURVE('',#1415,#1397,#117,.T.);
#1788=EDGE_CURVE('',#1393,#1386,#860,.T.);
#1789=EDGE_CURVE('',#1385,#1404,#861,.T.);
#1790=EDGE_CURVE('',#1384,#1405,#862,.T.);
#1791=EDGE_CURVE('',#1416,#1383,#863,.T.);
#1792=EDGE_CURVE('',#1396,#1416,#864,.T.);
#1793=EDGE_CURVE('',#1416,#1417,#118,.T.);
#1794=EDGE_CURVE('',#1417,#1382,#865,.T.);
#1795=EDGE_CURVE('',#1417,#1418,#866,.T.);
#1796=EDGE_CURVE('',#1418,#1381,#867,.T.);
#1797=EDGE_CURVE('',#1418,#1419,#119,.T.);
#1798=EDGE_CURVE('',#1419,#1380,#868,.T.);
#1799=EDGE_CURVE('',#1419,#1420,#869,.T.);
#1800=EDGE_CURVE('',#1420,#1379,#870,.T.);
#1801=EDGE_CURVE('',#1420,#1421,#120,.T.);
#1802=EDGE_CURVE('',#1421,#1378,#871,.T.);
#1803=EDGE_CURVE('',#1421,#1422,#872,.T.);
#1804=EDGE_CURVE('',#1422,#1377,#873,.T.);
#1805=EDGE_CURVE('',#1422,#1423,#121,.T.);
#1806=EDGE_CURVE('',#1423,#1376,#874,.T.);
#1807=EDGE_CURVE('',#1423,#1363,#875,.T.);
#1808=ORIENTED_EDGE('',*,*,#1424,.T.);
#1809=ORIENTED_EDGE('',*,*,#1425,.T.);
#1810=ORIENTED_EDGE('',*,*,#1426,.F.);
#1811=ORIENTED_EDGE('',*,*,#1427,.T.);
#1812=ORIENTED_EDGE('',*,*,#1428,.T.);
#1813=ORIENTED_EDGE('',*,*,#1429,.T.);
#1814=ORIENTED_EDGE('',*,*,#1424,.F.);
#1815=ORIENTED_EDGE('',*,*,#1430,.T.);
#1816=ORIENTED_EDGE('',*,*,#1431,.T.);
#1817=ORIENTED_EDGE('',*,*,#1432,.T.);
#1818=ORIENTED_EDGE('',*,*,#1428,.F.);
#1819=ORIENTED_EDGE('',*,*,#1433,.T.);
#1820=ORIENTED_EDGE('',*,*,#1426,.T.);
#1821=ORIENTED_EDGE('',*,*,#1434,.T.);
#1822=ORIENTED_EDGE('',*,*,#1431,.F.);
#1823=ORIENTED_EDGE('',*,*,#1435,.T.);
#1824=ORIENTED_EDGE('',*,*,#1434,.F.);
#1825=ORIENTED_EDGE('',*,*,#1425,.F.);
#1826=ORIENTED_EDGE('',*,*,#1429,.F.);
#1827=ORIENTED_EDGE('',*,*,#1432,.F.);
#1828=ORIENTED_EDGE('',*,*,#1436,.F.);
#1829=ORIENTED_EDGE('',*,*,#1437,.T.);
#1830=ORIENTED_EDGE('',*,*,#1438,.F.);
#1831=ORIENTED_EDGE('',*,*,#1439,.T.);
#1832=ORIENTED_EDGE('',*,*,#1438,.T.);
#1833=ORIENTED_EDGE('',*,*,#1440,.T.);
#1834=ORIENTED_EDGE('',*,*,#1441,.F.);
#1835=ORIENTED_EDGE('',*,*,#1442,.F.);
#1836=ORIENTED_EDGE('',*,*,#1443,.F.);
#1837=ORIENTED_EDGE('',*,*,#1444,.F.);
#1838=ORIENTED_EDGE('',*,*,#1445,.F.);
#1839=ORIENTED_EDGE('',*,*,#1446,.F.);
#1840=ORIENTED_EDGE('',*,*,#1437,.F.);
#1841=ORIENTED_EDGE('',*,*,#1447,.T.);
#1842=ORIENTED_EDGE('',*,*,#1448,.F.);
#1843=ORIENTED_EDGE('',*,*,#1440,.F.);
#1844=ORIENTED_EDGE('',*,*,#1443,.T.);
#1845=ORIENTED_EDGE('',*,*,#1449,.T.);
#1846=ORIENTED_EDGE('',*,*,#1450,.T.);
#1847=ORIENTED_EDGE('',*,*,#1451,.T.);
#1848=ORIENTED_EDGE('',*,*,#1449,.F.);
#1849=ORIENTED_EDGE('',*,*,#1442,.T.);
#1850=ORIENTED_EDGE('',*,*,#1452,.F.);
#1851=ORIENTED_EDGE('',*,*,#1453,.F.);
#1852=ORIENTED_EDGE('',*,*,#1451,.F.);
#1853=ORIENTED_EDGE('',*,*,#1454,.T.);
#1854=ORIENTED_EDGE('',*,*,#1455,.T.);
#1855=ORIENTED_EDGE('',*,*,#1456,.T.);
#1856=ORIENTED_EDGE('',*,*,#1457,.T.);
#1857=ORIENTED_EDGE('',*,*,#1458,.T.);
#1858=ORIENTED_EDGE('',*,*,#1459,.T.);
#1859=ORIENTED_EDGE('',*,*,#1460,.T.);
#1860=ORIENTED_EDGE('',*,*,#1461,.T.);
#1861=ORIENTED_EDGE('',*,*,#1462,.T.);
#1862=ORIENTED_EDGE('',*,*,#1463,.T.);
#1863=ORIENTED_EDGE('',*,*,#1464,.T.);
#1864=ORIENTED_EDGE('',*,*,#1465,.T.);
#1865=ORIENTED_EDGE('',*,*,#1466,.T.);
#1866=ORIENTED_EDGE('',*,*,#1467,.T.);
#1867=ORIENTED_EDGE('',*,*,#1468,.T.);
#1868=ORIENTED_EDGE('',*,*,#1469,.T.);
#1869=ORIENTED_EDGE('',*,*,#1470,.T.);
#1870=ORIENTED_EDGE('',*,*,#1471,.T.);
#1871=ORIENTED_EDGE('',*,*,#1444,.T.);
#1872=ORIENTED_EDGE('',*,*,#1472,.T.);
#1873=ORIENTED_EDGE('',*,*,#1473,.T.);
#1874=ORIENTED_EDGE('',*,*,#1474,.T.);
#1875=ORIENTED_EDGE('',*,*,#1475,.T.);
#1876=ORIENTED_EDGE('',*,*,#1476,.T.);
#1877=ORIENTED_EDGE('',*,*,#1473,.F.);
#1878=ORIENTED_EDGE('',*,*,#1477,.T.);
#1879=ORIENTED_EDGE('',*,*,#1478,.F.);
#1880=ORIENTED_EDGE('',*,*,#1479,.F.);
#1881=ORIENTED_EDGE('',*,*,#1480,.T.);
#1882=ORIENTED_EDGE('',*,*,#1481,.T.);
#1883=ORIENTED_EDGE('',*,*,#1482,.T.);
#1884=ORIENTED_EDGE('',*,*,#1483,.T.);
#1885=ORIENTED_EDGE('',*,*,#1478,.T.);
#1886=ORIENTED_EDGE('',*,*,#1484,.T.);
#1887=ORIENTED_EDGE('',*,*,#1485,.T.);
#1888=ORIENTED_EDGE('',*,*,#1486,.T.);
#1889=ORIENTED_EDGE('',*,*,#1487,.F.);
#1890=ORIENTED_EDGE('',*,*,#1488,.T.);
#1891=ORIENTED_EDGE('',*,*,#1480,.F.);
#1892=ORIENTED_EDGE('',*,*,#1489,.F.);
#1893=ORIENTED_EDGE('',*,*,#1490,.F.);
#1894=ORIENTED_EDGE('',*,*,#1489,.T.);
#1895=ORIENTED_EDGE('',*,*,#1483,.F.);
#1896=ORIENTED_EDGE('',*,*,#1491,.F.);
#1897=ORIENTED_EDGE('',*,*,#1492,.F.);
#1898=ORIENTED_EDGE('',*,*,#1491,.T.);
#1899=ORIENTED_EDGE('',*,*,#1482,.F.);
#1900=ORIENTED_EDGE('',*,*,#1493,.F.);
#1901=ORIENTED_EDGE('',*,*,#1494,.F.);
#1902=ORIENTED_EDGE('',*,*,#1493,.T.);
#1903=ORIENTED_EDGE('',*,*,#1481,.F.);
#1904=ORIENTED_EDGE('',*,*,#1488,.F.);
#1905=ORIENTED_EDGE('',*,*,#1487,.T.);
#1906=ORIENTED_EDGE('',*,*,#1490,.T.);
#1907=ORIENTED_EDGE('',*,*,#1492,.T.);
#1908=ORIENTED_EDGE('',*,*,#1494,.T.);
#1909=ORIENTED_EDGE('',*,*,#1495,.F.);
#1910=ORIENTED_EDGE('',*,*,#1445,.T.);
#1911=ORIENTED_EDGE('',*,*,#1471,.F.);
#1912=ORIENTED_EDGE('',*,*,#1496,.F.);
#1913=ORIENTED_EDGE('',*,*,#1497,.F.);
#1914=ORIENTED_EDGE('',*,*,#1496,.T.);
#1915=ORIENTED_EDGE('',*,*,#1470,.F.);
#1916=ORIENTED_EDGE('',*,*,#1498,.F.);
#1917=ORIENTED_EDGE('',*,*,#1499,.F.);
#1918=ORIENTED_EDGE('',*,*,#1498,.T.);
#1919=ORIENTED_EDGE('',*,*,#1469,.F.);
#1920=ORIENTED_EDGE('',*,*,#1500,.F.);
#1921=ORIENTED_EDGE('',*,*,#1501,.F.);
#1922=ORIENTED_EDGE('',*,*,#1500,.T.);
#1923=ORIENTED_EDGE('',*,*,#1468,.F.);
#1924=ORIENTED_EDGE('',*,*,#1502,.F.);
#1925=ORIENTED_EDGE('',*,*,#1503,.F.);
#1926=ORIENTED_EDGE('',*,*,#1502,.T.);
#1927=ORIENTED_EDGE('',*,*,#1467,.F.);
#1928=ORIENTED_EDGE('',*,*,#1504,.F.);
#1929=ORIENTED_EDGE('',*,*,#1505,.F.);
#1930=ORIENTED_EDGE('',*,*,#1504,.T.);
#1931=ORIENTED_EDGE('',*,*,#1466,.F.);
#1932=ORIENTED_EDGE('',*,*,#1506,.F.);
#1933=ORIENTED_EDGE('',*,*,#1507,.F.);
#1934=ORIENTED_EDGE('',*,*,#1506,.T.);
#1935=ORIENTED_EDGE('',*,*,#1465,.F.);
#1936=ORIENTED_EDGE('',*,*,#1508,.F.);
#1937=ORIENTED_EDGE('',*,*,#1476,.F.);
#1938=ORIENTED_EDGE('',*,*,#1508,.T.);
#1939=ORIENTED_EDGE('',*,*,#1464,.F.);
#1940=ORIENTED_EDGE('',*,*,#1509,.T.);
#1941=ORIENTED_EDGE('',*,*,#1484,.F.);
#1942=ORIENTED_EDGE('',*,*,#1477,.F.);
#1943=ORIENTED_EDGE('',*,*,#1472,.F.);
#1944=ORIENTED_EDGE('',*,*,#1509,.F.);
#1945=ORIENTED_EDGE('',*,*,#1463,.F.);
#1946=ORIENTED_EDGE('',*,*,#1510,.T.);
#1947=ORIENTED_EDGE('',*,*,#1485,.F.);
#1948=ORIENTED_EDGE('',*,*,#1510,.F.);
#1949=ORIENTED_EDGE('',*,*,#1462,.F.);
#1950=ORIENTED_EDGE('',*,*,#1511,.F.);
#1951=ORIENTED_EDGE('',*,*,#1512,.F.);
#1952=ORIENTED_EDGE('',*,*,#1474,.F.);
#1953=ORIENTED_EDGE('',*,*,#1479,.T.);
#1954=ORIENTED_EDGE('',*,*,#1486,.F.);
#1955=ORIENTED_EDGE('',*,*,#1513,.F.);
#1956=ORIENTED_EDGE('',*,*,#1511,.T.);
#1957=ORIENTED_EDGE('',*,*,#1461,.F.);
#1958=ORIENTED_EDGE('',*,*,#1514,.F.);
#1959=ORIENTED_EDGE('',*,*,#1515,.F.);
#1960=ORIENTED_EDGE('',*,*,#1514,.T.);
#1961=ORIENTED_EDGE('',*,*,#1460,.F.);
#1962=ORIENTED_EDGE('',*,*,#1516,.F.);
#1963=ORIENTED_EDGE('',*,*,#1517,.F.);
#1964=ORIENTED_EDGE('',*,*,#1516,.T.);
#1965=ORIENTED_EDGE('',*,*,#1459,.F.);
#1966=ORIENTED_EDGE('',*,*,#1518,.F.);
#1967=ORIENTED_EDGE('',*,*,#1519,.F.);
#1968=ORIENTED_EDGE('',*,*,#1518,.T.);
#1969=ORIENTED_EDGE('',*,*,#1458,.F.);
#1970=ORIENTED_EDGE('',*,*,#1520,.F.);
#1971=ORIENTED_EDGE('',*,*,#1521,.F.);
#1972=ORIENTED_EDGE('',*,*,#1520,.T.);
#1973=ORIENTED_EDGE('',*,*,#1457,.F.);
#1974=ORIENTED_EDGE('',*,*,#1522,.F.);
#1975=ORIENTED_EDGE('',*,*,#1523,.F.);
#1976=ORIENTED_EDGE('',*,*,#1522,.T.);
#1977=ORIENTED_EDGE('',*,*,#1456,.F.);
#1978=ORIENTED_EDGE('',*,*,#1524,.F.);
#1979=ORIENTED_EDGE('',*,*,#1525,.F.);
#1980=ORIENTED_EDGE('',*,*,#1524,.T.);
#1981=ORIENTED_EDGE('',*,*,#1455,.F.);
#1982=ORIENTED_EDGE('',*,*,#1526,.F.);
#1983=ORIENTED_EDGE('',*,*,#1436,.T.);
#1984=ORIENTED_EDGE('',*,*,#1527,.F.);
#1985=ORIENTED_EDGE('',*,*,#1526,.T.);
#1986=ORIENTED_EDGE('',*,*,#1454,.F.);
#1987=ORIENTED_EDGE('',*,*,#1450,.F.);
#1988=ORIENTED_EDGE('',*,*,#1453,.T.);
#1989=ORIENTED_EDGE('',*,*,#1528,.F.);
#1990=ORIENTED_EDGE('',*,*,#1447,.F.);
#1991=ORIENTED_EDGE('',*,*,#1439,.F.);
#1992=ORIENTED_EDGE('',*,*,#1446,.T.);
#1993=ORIENTED_EDGE('',*,*,#1495,.T.);
#1994=ORIENTED_EDGE('',*,*,#1497,.T.);
#1995=ORIENTED_EDGE('',*,*,#1499,.T.);
#1996=ORIENTED_EDGE('',*,*,#1501,.T.);
#1997=ORIENTED_EDGE('',*,*,#1503,.T.);
#1998=ORIENTED_EDGE('',*,*,#1505,.T.);
#1999=ORIENTED_EDGE('',*,*,#1507,.T.);
#2000=ORIENTED_EDGE('',*,*,#1475,.F.);
#2001=ORIENTED_EDGE('',*,*,#1512,.T.);
#2002=ORIENTED_EDGE('',*,*,#1513,.T.);
#2003=ORIENTED_EDGE('',*,*,#1515,.T.);
#2004=ORIENTED_EDGE('',*,*,#1517,.T.);
#2005=ORIENTED_EDGE('',*,*,#1519,.T.);
#2006=ORIENTED_EDGE('',*,*,#1521,.T.);
#2007=ORIENTED_EDGE('',*,*,#1523,.T.);
#2008=ORIENTED_EDGE('',*,*,#1525,.T.);
#2009=ORIENTED_EDGE('',*,*,#1527,.T.);
#2010=ORIENTED_EDGE('',*,*,#1529,.F.);
#2011=ORIENTED_EDGE('',*,*,#1530,.T.);
#2012=ORIENTED_EDGE('',*,*,#1531,.F.);
#2013=ORIENTED_EDGE('',*,*,#1532,.T.);
#2014=ORIENTED_EDGE('',*,*,#1531,.T.);
#2015=ORIENTED_EDGE('',*,*,#1533,.T.);
#2016=ORIENTED_EDGE('',*,*,#1534,.F.);
#2017=ORIENTED_EDGE('',*,*,#1535,.F.);
#2018=ORIENTED_EDGE('',*,*,#1536,.F.);
#2019=ORIENTED_EDGE('',*,*,#1537,.F.);
#2020=ORIENTED_EDGE('',*,*,#1538,.F.);
#2021=ORIENTED_EDGE('',*,*,#1539,.F.);
#2022=ORIENTED_EDGE('',*,*,#1530,.F.);
#2023=ORIENTED_EDGE('',*,*,#1540,.T.);
#2024=ORIENTED_EDGE('',*,*,#1541,.F.);
#2025=ORIENTED_EDGE('',*,*,#1533,.F.);
#2026=ORIENTED_EDGE('',*,*,#1536,.T.);
#2027=ORIENTED_EDGE('',*,*,#1542,.T.);
#2028=ORIENTED_EDGE('',*,*,#1543,.T.);
#2029=ORIENTED_EDGE('',*,*,#1544,.T.);
#2030=ORIENTED_EDGE('',*,*,#1542,.F.);
#2031=ORIENTED_EDGE('',*,*,#1535,.T.);
#2032=ORIENTED_EDGE('',*,*,#1545,.F.);
#2033=ORIENTED_EDGE('',*,*,#1546,.F.);
#2034=ORIENTED_EDGE('',*,*,#1544,.F.);
#2035=ORIENTED_EDGE('',*,*,#1547,.T.);
#2036=ORIENTED_EDGE('',*,*,#1548,.T.);
#2037=ORIENTED_EDGE('',*,*,#1549,.T.);
#2038=ORIENTED_EDGE('',*,*,#1550,.T.);
#2039=ORIENTED_EDGE('',*,*,#1551,.T.);
#2040=ORIENTED_EDGE('',*,*,#1552,.T.);
#2041=ORIENTED_EDGE('',*,*,#1553,.T.);
#2042=ORIENTED_EDGE('',*,*,#1554,.T.);
#2043=ORIENTED_EDGE('',*,*,#1555,.T.);
#2044=ORIENTED_EDGE('',*,*,#1556,.T.);
#2045=ORIENTED_EDGE('',*,*,#1557,.T.);
#2046=ORIENTED_EDGE('',*,*,#1558,.T.);
#2047=ORIENTED_EDGE('',*,*,#1559,.T.);
#2048=ORIENTED_EDGE('',*,*,#1560,.T.);
#2049=ORIENTED_EDGE('',*,*,#1561,.T.);
#2050=ORIENTED_EDGE('',*,*,#1562,.T.);
#2051=ORIENTED_EDGE('',*,*,#1563,.T.);
#2052=ORIENTED_EDGE('',*,*,#1564,.T.);
#2053=ORIENTED_EDGE('',*,*,#1537,.T.);
#2054=ORIENTED_EDGE('',*,*,#1565,.T.);
#2055=ORIENTED_EDGE('',*,*,#1566,.T.);
#2056=ORIENTED_EDGE('',*,*,#1567,.T.);
#2057=ORIENTED_EDGE('',*,*,#1568,.T.);
#2058=ORIENTED_EDGE('',*,*,#1569,.T.);
#2059=ORIENTED_EDGE('',*,*,#1566,.F.);
#2060=ORIENTED_EDGE('',*,*,#1570,.T.);
#2061=ORIENTED_EDGE('',*,*,#1571,.F.);
#2062=ORIENTED_EDGE('',*,*,#1572,.F.);
#2063=ORIENTED_EDGE('',*,*,#1573,.T.);
#2064=ORIENTED_EDGE('',*,*,#1574,.T.);
#2065=ORIENTED_EDGE('',*,*,#1575,.T.);
#2066=ORIENTED_EDGE('',*,*,#1576,.T.);
#2067=ORIENTED_EDGE('',*,*,#1571,.T.);
#2068=ORIENTED_EDGE('',*,*,#1577,.T.);
#2069=ORIENTED_EDGE('',*,*,#1578,.T.);
#2070=ORIENTED_EDGE('',*,*,#1579,.T.);
#2071=ORIENTED_EDGE('',*,*,#1580,.F.);
#2072=ORIENTED_EDGE('',*,*,#1581,.T.);
#2073=ORIENTED_EDGE('',*,*,#1573,.F.);
#2074=ORIENTED_EDGE('',*,*,#1582,.F.);
#2075=ORIENTED_EDGE('',*,*,#1583,.F.);
#2076=ORIENTED_EDGE('',*,*,#1582,.T.);
#2077=ORIENTED_EDGE('',*,*,#1576,.F.);
#2078=ORIENTED_EDGE('',*,*,#1584,.F.);
#2079=ORIENTED_EDGE('',*,*,#1585,.F.);
#2080=ORIENTED_EDGE('',*,*,#1584,.T.);
#2081=ORIENTED_EDGE('',*,*,#1575,.F.);
#2082=ORIENTED_EDGE('',*,*,#1586,.F.);
#2083=ORIENTED_EDGE('',*,*,#1587,.F.);
#2084=ORIENTED_EDGE('',*,*,#1586,.T.);
#2085=ORIENTED_EDGE('',*,*,#1574,.F.);
#2086=ORIENTED_EDGE('',*,*,#1581,.F.);
#2087=ORIENTED_EDGE('',*,*,#1580,.T.);
#2088=ORIENTED_EDGE('',*,*,#1583,.T.);
#2089=ORIENTED_EDGE('',*,*,#1585,.T.);
#2090=ORIENTED_EDGE('',*,*,#1587,.T.);
#2091=ORIENTED_EDGE('',*,*,#1588,.F.);
#2092=ORIENTED_EDGE('',*,*,#1538,.T.);
#2093=ORIENTED_EDGE('',*,*,#1564,.F.);
#2094=ORIENTED_EDGE('',*,*,#1589,.F.);
#2095=ORIENTED_EDGE('',*,*,#1590,.F.);
#2096=ORIENTED_EDGE('',*,*,#1589,.T.);
#2097=ORIENTED_EDGE('',*,*,#1563,.F.);
#2098=ORIENTED_EDGE('',*,*,#1591,.F.);
#2099=ORIENTED_EDGE('',*,*,#1592,.F.);
#2100=ORIENTED_EDGE('',*,*,#1591,.T.);
#2101=ORIENTED_EDGE('',*,*,#1562,.F.);
#2102=ORIENTED_EDGE('',*,*,#1593,.F.);
#2103=ORIENTED_EDGE('',*,*,#1594,.F.);
#2104=ORIENTED_EDGE('',*,*,#1593,.T.);
#2105=ORIENTED_EDGE('',*,*,#1561,.F.);
#2106=ORIENTED_EDGE('',*,*,#1595,.F.);
#2107=ORIENTED_EDGE('',*,*,#1596,.F.);
#2108=ORIENTED_EDGE('',*,*,#1595,.T.);
#2109=ORIENTED_EDGE('',*,*,#1560,.F.);
#2110=ORIENTED_EDGE('',*,*,#1597,.F.);
#2111=ORIENTED_EDGE('',*,*,#1598,.F.);
#2112=ORIENTED_EDGE('',*,*,#1597,.T.);
#2113=ORIENTED_EDGE('',*,*,#1559,.F.);
#2114=ORIENTED_EDGE('',*,*,#1599,.F.);
#2115=ORIENTED_EDGE('',*,*,#1600,.F.);
#2116=ORIENTED_EDGE('',*,*,#1599,.T.);
#2117=ORIENTED_EDGE('',*,*,#1558,.F.);
#2118=ORIENTED_EDGE('',*,*,#1601,.F.);
#2119=ORIENTED_EDGE('',*,*,#1569,.F.);
#2120=ORIENTED_EDGE('',*,*,#1601,.T.);
#2121=ORIENTED_EDGE('',*,*,#1557,.F.);
#2122=ORIENTED_EDGE('',*,*,#1602,.T.);
#2123=ORIENTED_EDGE('',*,*,#1577,.F.);
#2124=ORIENTED_EDGE('',*,*,#1570,.F.);
#2125=ORIENTED_EDGE('',*,*,#1565,.F.);
#2126=ORIENTED_EDGE('',*,*,#1602,.F.);
#2127=ORIENTED_EDGE('',*,*,#1556,.F.);
#2128=ORIENTED_EDGE('',*,*,#1603,.T.);
#2129=ORIENTED_EDGE('',*,*,#1578,.F.);
#2130=ORIENTED_EDGE('',*,*,#1603,.F.);
#2131=ORIENTED_EDGE('',*,*,#1555,.F.);
#2132=ORIENTED_EDGE('',*,*,#1604,.F.);
#2133=ORIENTED_EDGE('',*,*,#1605,.F.);
#2134=ORIENTED_EDGE('',*,*,#1567,.F.);
#2135=ORIENTED_EDGE('',*,*,#1572,.T.);
#2136=ORIENTED_EDGE('',*,*,#1579,.F.);
#2137=ORIENTED_EDGE('',*,*,#1606,.F.);
#2138=ORIENTED_EDGE('',*,*,#1604,.T.);
#2139=ORIENTED_EDGE('',*,*,#1554,.F.);
#2140=ORIENTED_EDGE('',*,*,#1607,.F.);
#2141=ORIENTED_EDGE('',*,*,#1608,.F.);
#2142=ORIENTED_EDGE('',*,*,#1607,.T.);
#2143=ORIENTED_EDGE('',*,*,#1553,.F.);
#2144=ORIENTED_EDGE('',*,*,#1609,.F.);
#2145=ORIENTED_EDGE('',*,*,#1610,.F.);
#2146=ORIENTED_EDGE('',*,*,#1609,.T.);
#2147=ORIENTED_EDGE('',*,*,#1552,.F.);
#2148=ORIENTED_EDGE('',*,*,#1611,.F.);
#2149=ORIENTED_EDGE('',*,*,#1612,.F.);
#2150=ORIENTED_EDGE('',*,*,#1611,.T.);
#2151=ORIENTED_EDGE('',*,*,#1551,.F.);
#2152=ORIENTED_EDGE('',*,*,#1613,.F.);
#2153=ORIENTED_EDGE('',*,*,#1614,.F.);
#2154=ORIENTED_EDGE('',*,*,#1613,.T.);
#2155=ORIENTED_EDGE('',*,*,#1550,.F.);
#2156=ORIENTED_EDGE('',*,*,#1615,.F.);
#2157=ORIENTED_EDGE('',*,*,#1616,.F.);
#2158=ORIENTED_EDGE('',*,*,#1615,.T.);
#2159=ORIENTED_EDGE('',*,*,#1549,.F.);
#2160=ORIENTED_EDGE('',*,*,#1617,.F.);
#2161=ORIENTED_EDGE('',*,*,#1618,.F.);
#2162=ORIENTED_EDGE('',*,*,#1617,.T.);
#2163=ORIENTED_EDGE('',*,*,#1548,.F.);
#2164=ORIENTED_EDGE('',*,*,#1619,.F.);
#2165=ORIENTED_EDGE('',*,*,#1529,.T.);
#2166=ORIENTED_EDGE('',*,*,#1620,.F.);
#2167=ORIENTED_EDGE('',*,*,#1619,.T.);
#2168=ORIENTED_EDGE('',*,*,#1547,.F.);
#2169=ORIENTED_EDGE('',*,*,#1543,.F.);
#2170=ORIENTED_EDGE('',*,*,#1546,.T.);
#2171=ORIENTED_EDGE('',*,*,#1621,.F.);
#2172=ORIENTED_EDGE('',*,*,#1540,.F.);
#2173=ORIENTED_EDGE('',*,*,#1532,.F.);
#2174=ORIENTED_EDGE('',*,*,#1539,.T.);
#2175=ORIENTED_EDGE('',*,*,#1588,.T.);
#2176=ORIENTED_EDGE('',*,*,#1590,.T.);
#2177=ORIENTED_EDGE('',*,*,#1592,.T.);
#2178=ORIENTED_EDGE('',*,*,#1594,.T.);
#2179=ORIENTED_EDGE('',*,*,#1596,.T.);
#2180=ORIENTED_EDGE('',*,*,#1598,.T.);
#2181=ORIENTED_EDGE('',*,*,#1600,.T.);
#2182=ORIENTED_EDGE('',*,*,#1568,.F.);
#2183=ORIENTED_EDGE('',*,*,#1605,.T.);
#2184=ORIENTED_EDGE('',*,*,#1606,.T.);
#2185=ORIENTED_EDGE('',*,*,#1608,.T.);
#2186=ORIENTED_EDGE('',*,*,#1610,.T.);
#2187=ORIENTED_EDGE('',*,*,#1612,.T.);
#2188=ORIENTED_EDGE('',*,*,#1614,.T.);
#2189=ORIENTED_EDGE('',*,*,#1616,.T.);
#2190=ORIENTED_EDGE('',*,*,#1618,.T.);
#2191=ORIENTED_EDGE('',*,*,#1620,.T.);
#2192=ORIENTED_EDGE('',*,*,#1622,.F.);
#2193=ORIENTED_EDGE('',*,*,#1623,.T.);
#2194=ORIENTED_EDGE('',*,*,#1624,.F.);
#2195=ORIENTED_EDGE('',*,*,#1625,.T.);
#2196=ORIENTED_EDGE('',*,*,#1624,.T.);
#2197=ORIENTED_EDGE('',*,*,#1626,.T.);
#2198=ORIENTED_EDGE('',*,*,#1627,.F.);
#2199=ORIENTED_EDGE('',*,*,#1628,.F.);
#2200=ORIENTED_EDGE('',*,*,#1629,.F.);
#2201=ORIENTED_EDGE('',*,*,#1630,.F.);
#2202=ORIENTED_EDGE('',*,*,#1631,.F.);
#2203=ORIENTED_EDGE('',*,*,#1632,.F.);
#2204=ORIENTED_EDGE('',*,*,#1623,.F.);
#2205=ORIENTED_EDGE('',*,*,#1633,.T.);
#2206=ORIENTED_EDGE('',*,*,#1634,.F.);
#2207=ORIENTED_EDGE('',*,*,#1626,.F.);
#2208=ORIENTED_EDGE('',*,*,#1629,.T.);
#2209=ORIENTED_EDGE('',*,*,#1635,.T.);
#2210=ORIENTED_EDGE('',*,*,#1636,.T.);
#2211=ORIENTED_EDGE('',*,*,#1637,.T.);
#2212=ORIENTED_EDGE('',*,*,#1635,.F.);
#2213=ORIENTED_EDGE('',*,*,#1628,.T.);
#2214=ORIENTED_EDGE('',*,*,#1638,.F.);
#2215=ORIENTED_EDGE('',*,*,#1639,.F.);
#2216=ORIENTED_EDGE('',*,*,#1637,.F.);
#2217=ORIENTED_EDGE('',*,*,#1640,.T.);
#2218=ORIENTED_EDGE('',*,*,#1641,.T.);
#2219=ORIENTED_EDGE('',*,*,#1642,.T.);
#2220=ORIENTED_EDGE('',*,*,#1643,.T.);
#2221=ORIENTED_EDGE('',*,*,#1644,.T.);
#2222=ORIENTED_EDGE('',*,*,#1645,.T.);
#2223=ORIENTED_EDGE('',*,*,#1646,.T.);
#2224=ORIENTED_EDGE('',*,*,#1647,.T.);
#2225=ORIENTED_EDGE('',*,*,#1648,.T.);
#2226=ORIENTED_EDGE('',*,*,#1649,.T.);
#2227=ORIENTED_EDGE('',*,*,#1650,.T.);
#2228=ORIENTED_EDGE('',*,*,#1651,.T.);
#2229=ORIENTED_EDGE('',*,*,#1652,.T.);
#2230=ORIENTED_EDGE('',*,*,#1653,.T.);
#2231=ORIENTED_EDGE('',*,*,#1654,.T.);
#2232=ORIENTED_EDGE('',*,*,#1655,.T.);
#2233=ORIENTED_EDGE('',*,*,#1656,.T.);
#2234=ORIENTED_EDGE('',*,*,#1657,.T.);
#2235=ORIENTED_EDGE('',*,*,#1630,.T.);
#2236=ORIENTED_EDGE('',*,*,#1658,.T.);
#2237=ORIENTED_EDGE('',*,*,#1659,.T.);
#2238=ORIENTED_EDGE('',*,*,#1660,.T.);
#2239=ORIENTED_EDGE('',*,*,#1661,.T.);
#2240=ORIENTED_EDGE('',*,*,#1662,.T.);
#2241=ORIENTED_EDGE('',*,*,#1659,.F.);
#2242=ORIENTED_EDGE('',*,*,#1663,.T.);
#2243=ORIENTED_EDGE('',*,*,#1664,.F.);
#2244=ORIENTED_EDGE('',*,*,#1665,.F.);
#2245=ORIENTED_EDGE('',*,*,#1666,.T.);
#2246=ORIENTED_EDGE('',*,*,#1667,.T.);
#2247=ORIENTED_EDGE('',*,*,#1668,.T.);
#2248=ORIENTED_EDGE('',*,*,#1669,.T.);
#2249=ORIENTED_EDGE('',*,*,#1664,.T.);
#2250=ORIENTED_EDGE('',*,*,#1670,.T.);
#2251=ORIENTED_EDGE('',*,*,#1671,.T.);
#2252=ORIENTED_EDGE('',*,*,#1672,.T.);
#2253=ORIENTED_EDGE('',*,*,#1673,.F.);
#2254=ORIENTED_EDGE('',*,*,#1674,.T.);
#2255=ORIENTED_EDGE('',*,*,#1666,.F.);
#2256=ORIENTED_EDGE('',*,*,#1675,.F.);
#2257=ORIENTED_EDGE('',*,*,#1676,.F.);
#2258=ORIENTED_EDGE('',*,*,#1675,.T.);
#2259=ORIENTED_EDGE('',*,*,#1669,.F.);
#2260=ORIENTED_EDGE('',*,*,#1677,.F.);
#2261=ORIENTED_EDGE('',*,*,#1678,.F.);
#2262=ORIENTED_EDGE('',*,*,#1677,.T.);
#2263=ORIENTED_EDGE('',*,*,#1668,.F.);
#2264=ORIENTED_EDGE('',*,*,#1679,.F.);
#2265=ORIENTED_EDGE('',*,*,#1680,.F.);
#2266=ORIENTED_EDGE('',*,*,#1679,.T.);
#2267=ORIENTED_EDGE('',*,*,#1667,.F.);
#2268=ORIENTED_EDGE('',*,*,#1674,.F.);
#2269=ORIENTED_EDGE('',*,*,#1673,.T.);
#2270=ORIENTED_EDGE('',*,*,#1676,.T.);
#2271=ORIENTED_EDGE('',*,*,#1678,.T.);
#2272=ORIENTED_EDGE('',*,*,#1680,.T.);
#2273=ORIENTED_EDGE('',*,*,#1681,.F.);
#2274=ORIENTED_EDGE('',*,*,#1631,.T.);
#2275=ORIENTED_EDGE('',*,*,#1657,.F.);
#2276=ORIENTED_EDGE('',*,*,#1682,.F.);
#2277=ORIENTED_EDGE('',*,*,#1683,.F.);
#2278=ORIENTED_EDGE('',*,*,#1682,.T.);
#2279=ORIENTED_EDGE('',*,*,#1656,.F.);
#2280=ORIENTED_EDGE('',*,*,#1684,.F.);
#2281=ORIENTED_EDGE('',*,*,#1685,.F.);
#2282=ORIENTED_EDGE('',*,*,#1684,.T.);
#2283=ORIENTED_EDGE('',*,*,#1655,.F.);
#2284=ORIENTED_EDGE('',*,*,#1686,.F.);
#2285=ORIENTED_EDGE('',*,*,#1687,.F.);
#2286=ORIENTED_EDGE('',*,*,#1686,.T.);
#2287=ORIENTED_EDGE('',*,*,#1654,.F.);
#2288=ORIENTED_EDGE('',*,*,#1688,.F.);
#2289=ORIENTED_EDGE('',*,*,#1689,.F.);
#2290=ORIENTED_EDGE('',*,*,#1688,.T.);
#2291=ORIENTED_EDGE('',*,*,#1653,.F.);
#2292=ORIENTED_EDGE('',*,*,#1690,.F.);
#2293=ORIENTED_EDGE('',*,*,#1691,.F.);
#2294=ORIENTED_EDGE('',*,*,#1690,.T.);
#2295=ORIENTED_EDGE('',*,*,#1652,.F.);
#2296=ORIENTED_EDGE('',*,*,#1692,.F.);
#2297=ORIENTED_EDGE('',*,*,#1693,.F.);
#2298=ORIENTED_EDGE('',*,*,#1692,.T.);
#2299=ORIENTED_EDGE('',*,*,#1651,.F.);
#2300=ORIENTED_EDGE('',*,*,#1694,.F.);
#2301=ORIENTED_EDGE('',*,*,#1662,.F.);
#2302=ORIENTED_EDGE('',*,*,#1694,.T.);
#2303=ORIENTED_EDGE('',*,*,#1650,.F.);
#2304=ORIENTED_EDGE('',*,*,#1695,.T.);
#2305=ORIENTED_EDGE('',*,*,#1670,.F.);
#2306=ORIENTED_EDGE('',*,*,#1663,.F.);
#2307=ORIENTED_EDGE('',*,*,#1658,.F.);
#2308=ORIENTED_EDGE('',*,*,#1695,.F.);
#2309=ORIENTED_EDGE('',*,*,#1649,.F.);
#2310=ORIENTED_EDGE('',*,*,#1696,.T.);
#2311=ORIENTED_EDGE('',*,*,#1671,.F.);
#2312=ORIENTED_EDGE('',*,*,#1696,.F.);
#2313=ORIENTED_EDGE('',*,*,#1648,.F.);
#2314=ORIENTED_EDGE('',*,*,#1697,.F.);
#2315=ORIENTED_EDGE('',*,*,#1698,.F.);
#2316=ORIENTED_EDGE('',*,*,#1660,.F.);
#2317=ORIENTED_EDGE('',*,*,#1665,.T.);
#2318=ORIENTED_EDGE('',*,*,#1672,.F.);
#2319=ORIENTED_EDGE('',*,*,#1699,.F.);
#2320=ORIENTED_EDGE('',*,*,#1697,.T.);
#2321=ORIENTED_EDGE('',*,*,#1647,.F.);
#2322=ORIENTED_EDGE('',*,*,#1700,.F.);
#2323=ORIENTED_EDGE('',*,*,#1701,.F.);
#2324=ORIENTED_EDGE('',*,*,#1700,.T.);
#2325=ORIENTED_EDGE('',*,*,#1646,.F.);
#2326=ORIENTED_EDGE('',*,*,#1702,.F.);
#2327=ORIENTED_EDGE('',*,*,#1703,.F.);
#2328=ORIENTED_EDGE('',*,*,#1702,.T.);
#2329=ORIENTED_EDGE('',*,*,#1645,.F.);
#2330=ORIENTED_EDGE('',*,*,#1704,.F.);
#2331=ORIENTED_EDGE('',*,*,#1705,.F.);
#2332=ORIENTED_EDGE('',*,*,#1704,.T.);
#2333=ORIENTED_EDGE('',*,*,#1644,.F.);
#2334=ORIENTED_EDGE('',*,*,#1706,.F.);
#2335=ORIENTED_EDGE('',*,*,#1707,.F.);
#2336=ORIENTED_EDGE('',*,*,#1706,.T.);
#2337=ORIENTED_EDGE('',*,*,#1643,.F.);
#2338=ORIENTED_EDGE('',*,*,#1708,.F.);
#2339=ORIENTED_EDGE('',*,*,#1709,.F.);
#2340=ORIENTED_EDGE('',*,*,#1708,.T.);
#2341=ORIENTED_EDGE('',*,*,#1642,.F.);
#2342=ORIENTED_EDGE('',*,*,#1710,.F.);
#2343=ORIENTED_EDGE('',*,*,#1711,.F.);
#2344=ORIENTED_EDGE('',*,*,#1710,.T.);
#2345=ORIENTED_EDGE('',*,*,#1641,.F.);
#2346=ORIENTED_EDGE('',*,*,#1712,.F.);
#2347=ORIENTED_EDGE('',*,*,#1622,.T.);
#2348=ORIENTED_EDGE('',*,*,#1713,.F.);
#2349=ORIENTED_EDGE('',*,*,#1712,.T.);
#2350=ORIENTED_EDGE('',*,*,#1640,.F.);
#2351=ORIENTED_EDGE('',*,*,#1636,.F.);
#2352=ORIENTED_EDGE('',*,*,#1639,.T.);
#2353=ORIENTED_EDGE('',*,*,#1714,.F.);
#2354=ORIENTED_EDGE('',*,*,#1633,.F.);
#2355=ORIENTED_EDGE('',*,*,#1625,.F.);
#2356=ORIENTED_EDGE('',*,*,#1632,.T.);
#2357=ORIENTED_EDGE('',*,*,#1681,.T.);
#2358=ORIENTED_EDGE('',*,*,#1683,.T.);
#2359=ORIENTED_EDGE('',*,*,#1685,.T.);
#2360=ORIENTED_EDGE('',*,*,#1687,.T.);
#2361=ORIENTED_EDGE('',*,*,#1689,.T.);
#2362=ORIENTED_EDGE('',*,*,#1691,.T.);
#2363=ORIENTED_EDGE('',*,*,#1693,.T.);
#2364=ORIENTED_EDGE('',*,*,#1661,.F.);
#2365=ORIENTED_EDGE('',*,*,#1698,.T.);
#2366=ORIENTED_EDGE('',*,*,#1699,.T.);
#2367=ORIENTED_EDGE('',*,*,#1701,.T.);
#2368=ORIENTED_EDGE('',*,*,#1703,.T.);
#2369=ORIENTED_EDGE('',*,*,#1705,.T.);
#2370=ORIENTED_EDGE('',*,*,#1707,.T.);
#2371=ORIENTED_EDGE('',*,*,#1709,.T.);
#2372=ORIENTED_EDGE('',*,*,#1711,.T.);
#2373=ORIENTED_EDGE('',*,*,#1713,.T.);
#2374=ORIENTED_EDGE('',*,*,#1715,.F.);
#2375=ORIENTED_EDGE('',*,*,#1716,.T.);
#2376=ORIENTED_EDGE('',*,*,#1717,.F.);
#2377=ORIENTED_EDGE('',*,*,#1718,.T.);
#2378=ORIENTED_EDGE('',*,*,#1717,.T.);
#2379=ORIENTED_EDGE('',*,*,#1719,.T.);
#2380=ORIENTED_EDGE('',*,*,#1720,.F.);
#2381=ORIENTED_EDGE('',*,*,#1721,.F.);
#2382=ORIENTED_EDGE('',*,*,#1722,.F.);
#2383=ORIENTED_EDGE('',*,*,#1723,.F.);
#2384=ORIENTED_EDGE('',*,*,#1724,.F.);
#2385=ORIENTED_EDGE('',*,*,#1725,.F.);
#2386=ORIENTED_EDGE('',*,*,#1716,.F.);
#2387=ORIENTED_EDGE('',*,*,#1726,.T.);
#2388=ORIENTED_EDGE('',*,*,#1727,.F.);
#2389=ORIENTED_EDGE('',*,*,#1719,.F.);
#2390=ORIENTED_EDGE('',*,*,#1722,.T.);
#2391=ORIENTED_EDGE('',*,*,#1728,.T.);
#2392=ORIENTED_EDGE('',*,*,#1729,.T.);
#2393=ORIENTED_EDGE('',*,*,#1730,.T.);
#2394=ORIENTED_EDGE('',*,*,#1728,.F.);
#2395=ORIENTED_EDGE('',*,*,#1721,.T.);
#2396=ORIENTED_EDGE('',*,*,#1731,.F.);
#2397=ORIENTED_EDGE('',*,*,#1732,.F.);
#2398=ORIENTED_EDGE('',*,*,#1433,.F.);
#2399=ORIENTED_EDGE('',*,*,#1430,.F.);
#2400=ORIENTED_EDGE('',*,*,#1427,.F.);
#2401=ORIENTED_EDGE('',*,*,#1435,.F.);
#2402=ORIENTED_EDGE('',*,*,#1634,.T.);
#2403=ORIENTED_EDGE('',*,*,#1714,.T.);
#2404=ORIENTED_EDGE('',*,*,#1638,.T.);
#2405=ORIENTED_EDGE('',*,*,#1627,.T.);
#2406=ORIENTED_EDGE('',*,*,#1448,.T.);
#2407=ORIENTED_EDGE('',*,*,#1528,.T.);
#2408=ORIENTED_EDGE('',*,*,#1452,.T.);
#2409=ORIENTED_EDGE('',*,*,#1441,.T.);
#2410=ORIENTED_EDGE('',*,*,#1541,.T.);
#2411=ORIENTED_EDGE('',*,*,#1621,.T.);
#2412=ORIENTED_EDGE('',*,*,#1545,.T.);
#2413=ORIENTED_EDGE('',*,*,#1534,.T.);
#2414=ORIENTED_EDGE('',*,*,#1727,.T.);
#2415=ORIENTED_EDGE('',*,*,#1733,.T.);
#2416=ORIENTED_EDGE('',*,*,#1731,.T.);
#2417=ORIENTED_EDGE('',*,*,#1720,.T.);
#2418=ORIENTED_EDGE('',*,*,#1730,.F.);
#2419=ORIENTED_EDGE('',*,*,#1734,.T.);
#2420=ORIENTED_EDGE('',*,*,#1735,.T.);
#2421=ORIENTED_EDGE('',*,*,#1736,.T.);
#2422=ORIENTED_EDGE('',*,*,#1737,.T.);
#2423=ORIENTED_EDGE('',*,*,#1738,.T.);
#2424=ORIENTED_EDGE('',*,*,#1739,.T.);
#2425=ORIENTED_EDGE('',*,*,#1740,.T.);
#2426=ORIENTED_EDGE('',*,*,#1741,.T.);
#2427=ORIENTED_EDGE('',*,*,#1742,.T.);
#2428=ORIENTED_EDGE('',*,*,#1743,.T.);
#2429=ORIENTED_EDGE('',*,*,#1744,.T.);
#2430=ORIENTED_EDGE('',*,*,#1745,.T.);
#2431=ORIENTED_EDGE('',*,*,#1746,.T.);
#2432=ORIENTED_EDGE('',*,*,#1747,.T.);
#2433=ORIENTED_EDGE('',*,*,#1748,.T.);
#2434=ORIENTED_EDGE('',*,*,#1749,.T.);
#2435=ORIENTED_EDGE('',*,*,#1750,.T.);
#2436=ORIENTED_EDGE('',*,*,#1751,.T.);
#2437=ORIENTED_EDGE('',*,*,#1723,.T.);
#2438=ORIENTED_EDGE('',*,*,#1752,.T.);
#2439=ORIENTED_EDGE('',*,*,#1753,.T.);
#2440=ORIENTED_EDGE('',*,*,#1754,.T.);
#2441=ORIENTED_EDGE('',*,*,#1755,.T.);
#2442=ORIENTED_EDGE('',*,*,#1756,.T.);
#2443=ORIENTED_EDGE('',*,*,#1753,.F.);
#2444=ORIENTED_EDGE('',*,*,#1757,.T.);
#2445=ORIENTED_EDGE('',*,*,#1758,.F.);
#2446=ORIENTED_EDGE('',*,*,#1759,.F.);
#2447=ORIENTED_EDGE('',*,*,#1760,.T.);
#2448=ORIENTED_EDGE('',*,*,#1761,.T.);
#2449=ORIENTED_EDGE('',*,*,#1762,.T.);
#2450=ORIENTED_EDGE('',*,*,#1763,.T.);
#2451=ORIENTED_EDGE('',*,*,#1758,.T.);
#2452=ORIENTED_EDGE('',*,*,#1764,.T.);
#2453=ORIENTED_EDGE('',*,*,#1765,.T.);
#2454=ORIENTED_EDGE('',*,*,#1766,.T.);
#2455=ORIENTED_EDGE('',*,*,#1767,.F.);
#2456=ORIENTED_EDGE('',*,*,#1768,.T.);
#2457=ORIENTED_EDGE('',*,*,#1760,.F.);
#2458=ORIENTED_EDGE('',*,*,#1769,.F.);
#2459=ORIENTED_EDGE('',*,*,#1770,.F.);
#2460=ORIENTED_EDGE('',*,*,#1769,.T.);
#2461=ORIENTED_EDGE('',*,*,#1763,.F.);
#2462=ORIENTED_EDGE('',*,*,#1771,.F.);
#2463=ORIENTED_EDGE('',*,*,#1772,.F.);
#2464=ORIENTED_EDGE('',*,*,#1771,.T.);
#2465=ORIENTED_EDGE('',*,*,#1762,.F.);
#2466=ORIENTED_EDGE('',*,*,#1773,.F.);
#2467=ORIENTED_EDGE('',*,*,#1774,.F.);
#2468=ORIENTED_EDGE('',*,*,#1773,.T.);
#2469=ORIENTED_EDGE('',*,*,#1761,.F.);
#2470=ORIENTED_EDGE('',*,*,#1768,.F.);
#2471=ORIENTED_EDGE('',*,*,#1767,.T.);
#2472=ORIENTED_EDGE('',*,*,#1770,.T.);
#2473=ORIENTED_EDGE('',*,*,#1772,.T.);
#2474=ORIENTED_EDGE('',*,*,#1774,.T.);
#2475=ORIENTED_EDGE('',*,*,#1775,.F.);
#2476=ORIENTED_EDGE('',*,*,#1724,.T.);
#2477=ORIENTED_EDGE('',*,*,#1751,.F.);
#2478=ORIENTED_EDGE('',*,*,#1776,.F.);
#2479=ORIENTED_EDGE('',*,*,#1777,.F.);
#2480=ORIENTED_EDGE('',*,*,#1776,.T.);
#2481=ORIENTED_EDGE('',*,*,#1750,.F.);
#2482=ORIENTED_EDGE('',*,*,#1778,.F.);
#2483=ORIENTED_EDGE('',*,*,#1779,.F.);
#2484=ORIENTED_EDGE('',*,*,#1778,.T.);
#2485=ORIENTED_EDGE('',*,*,#1749,.F.);
#2486=ORIENTED_EDGE('',*,*,#1780,.F.);
#2487=ORIENTED_EDGE('',*,*,#1781,.F.);
#2488=ORIENTED_EDGE('',*,*,#1780,.T.);
#2489=ORIENTED_EDGE('',*,*,#1748,.F.);
#2490=ORIENTED_EDGE('',*,*,#1782,.F.);
#2491=ORIENTED_EDGE('',*,*,#1783,.F.);
#2492=ORIENTED_EDGE('',*,*,#1782,.T.);
#2493=ORIENTED_EDGE('',*,*,#1747,.F.);
#2494=ORIENTED_EDGE('',*,*,#1784,.F.);
#2495=ORIENTED_EDGE('',*,*,#1785,.F.);
#2496=ORIENTED_EDGE('',*,*,#1784,.T.);
#2497=ORIENTED_EDGE('',*,*,#1746,.F.);
#2498=ORIENTED_EDGE('',*,*,#1786,.F.);
#2499=ORIENTED_EDGE('',*,*,#1787,.F.);
#2500=ORIENTED_EDGE('',*,*,#1786,.T.);
#2501=ORIENTED_EDGE('',*,*,#1745,.F.);
#2502=ORIENTED_EDGE('',*,*,#1788,.F.);
#2503=ORIENTED_EDGE('',*,*,#1756,.F.);
#2504=ORIENTED_EDGE('',*,*,#1788,.T.);
#2505=ORIENTED_EDGE('',*,*,#1744,.F.);
#2506=ORIENTED_EDGE('',*,*,#1789,.T.);
#2507=ORIENTED_EDGE('',*,*,#1764,.F.);
#2508=ORIENTED_EDGE('',*,*,#1757,.F.);
#2509=ORIENTED_EDGE('',*,*,#1752,.F.);
#2510=ORIENTED_EDGE('',*,*,#1789,.F.);
#2511=ORIENTED_EDGE('',*,*,#1743,.F.);
#2512=ORIENTED_EDGE('',*,*,#1790,.T.);
#2513=ORIENTED_EDGE('',*,*,#1765,.F.);
#2514=ORIENTED_EDGE('',*,*,#1790,.F.);
#2515=ORIENTED_EDGE('',*,*,#1742,.F.);
#2516=ORIENTED_EDGE('',*,*,#1791,.F.);
#2517=ORIENTED_EDGE('',*,*,#1792,.F.);
#2518=ORIENTED_EDGE('',*,*,#1754,.F.);
#2519=ORIENTED_EDGE('',*,*,#1759,.T.);
#2520=ORIENTED_EDGE('',*,*,#1766,.F.);
#2521=ORIENTED_EDGE('',*,*,#1793,.F.);
#2522=ORIENTED_EDGE('',*,*,#1791,.T.);
#2523=ORIENTED_EDGE('',*,*,#1741,.F.);
#2524=ORIENTED_EDGE('',*,*,#1794,.F.);
#2525=ORIENTED_EDGE('',*,*,#1795,.F.);
#2526=ORIENTED_EDGE('',*,*,#1794,.T.);
#2527=ORIENTED_EDGE('',*,*,#1740,.F.);
#2528=ORIENTED_EDGE('',*,*,#1796,.F.);
#2529=ORIENTED_EDGE('',*,*,#1797,.F.);
#2530=ORIENTED_EDGE('',*,*,#1796,.T.);
#2531=ORIENTED_EDGE('',*,*,#1739,.F.);
#2532=ORIENTED_EDGE('',*,*,#1798,.F.);
#2533=ORIENTED_EDGE('',*,*,#1799,.F.);
#2534=ORIENTED_EDGE('',*,*,#1798,.T.);
#2535=ORIENTED_EDGE('',*,*,#1738,.F.);
#2536=ORIENTED_EDGE('',*,*,#1800,.F.);
#2537=ORIENTED_EDGE('',*,*,#1801,.F.);
#2538=ORIENTED_EDGE('',*,*,#1800,.T.);
#2539=ORIENTED_EDGE('',*,*,#1737,.F.);
#2540=ORIENTED_EDGE('',*,*,#1802,.F.);
#2541=ORIENTED_EDGE('',*,*,#1803,.F.);
#2542=ORIENTED_EDGE('',*,*,#1802,.T.);
#2543=ORIENTED_EDGE('',*,*,#1736,.F.);
#2544=ORIENTED_EDGE('',*,*,#1804,.F.);
#2545=ORIENTED_EDGE('',*,*,#1805,.F.);
#2546=ORIENTED_EDGE('',*,*,#1804,.T.);
#2547=ORIENTED_EDGE('',*,*,#1735,.F.);
#2548=ORIENTED_EDGE('',*,*,#1806,.F.);
#2549=ORIENTED_EDGE('',*,*,#1715,.T.);
#2550=ORIENTED_EDGE('',*,*,#1807,.F.);
#2551=ORIENTED_EDGE('',*,*,#1806,.T.);
#2552=ORIENTED_EDGE('',*,*,#1734,.F.);
#2553=ORIENTED_EDGE('',*,*,#1729,.F.);
#2554=ORIENTED_EDGE('',*,*,#1732,.T.);
#2555=ORIENTED_EDGE('',*,*,#1733,.F.);
#2556=ORIENTED_EDGE('',*,*,#1726,.F.);
#2557=ORIENTED_EDGE('',*,*,#1718,.F.);
#2558=ORIENTED_EDGE('',*,*,#1725,.T.);
#2559=ORIENTED_EDGE('',*,*,#1775,.T.);
#2560=ORIENTED_EDGE('',*,*,#1777,.T.);
#2561=ORIENTED_EDGE('',*,*,#1779,.T.);
#2562=ORIENTED_EDGE('',*,*,#1781,.T.);
#2563=ORIENTED_EDGE('',*,*,#1783,.T.);
#2564=ORIENTED_EDGE('',*,*,#1785,.T.);
#2565=ORIENTED_EDGE('',*,*,#1787,.T.);
#2566=ORIENTED_EDGE('',*,*,#1755,.F.);
#2567=ORIENTED_EDGE('',*,*,#1792,.T.);
#2568=ORIENTED_EDGE('',*,*,#1793,.T.);
#2569=ORIENTED_EDGE('',*,*,#1795,.T.);
#2570=ORIENTED_EDGE('',*,*,#1797,.T.);
#2571=ORIENTED_EDGE('',*,*,#1799,.T.);
#2572=ORIENTED_EDGE('',*,*,#1801,.T.);
#2573=ORIENTED_EDGE('',*,*,#1803,.T.);
#2574=ORIENTED_EDGE('',*,*,#1805,.T.);
#2575=ORIENTED_EDGE('',*,*,#1807,.T.);
#2576=PLANE('',#2873);
#2577=PLANE('',#2874);
#2578=PLANE('',#2875);
#2579=PLANE('',#2876);
#2580=PLANE('',#2877);
#2581=PLANE('',#2881);
#2582=PLANE('',#2883);
#2583=PLANE('',#2886);
#2584=PLANE('',#2887);
#2585=PLANE('',#2899);
#2586=PLANE('',#2900);
#2587=PLANE('',#2901);
#2588=PLANE('',#2902);
#2589=PLANE('',#2903);
#2590=PLANE('',#2904);
#2591=PLANE('',#2905);
#2592=PLANE('',#2908);
#2593=PLANE('',#2911);
#2594=PLANE('',#2914);
#2595=PLANE('',#2917);
#2596=PLANE('',#2918);
#2597=PLANE('',#2919);
#2598=PLANE('',#2922);
#2599=PLANE('',#2925);
#2600=PLANE('',#2928);
#2601=PLANE('',#2931);
#2602=PLANE('',#2932);
#2603=PLANE('',#2936);
#2604=PLANE('',#2938);
#2605=PLANE('',#2941);
#2606=PLANE('',#2942);
#2607=PLANE('',#2954);
#2608=PLANE('',#2955);
#2609=PLANE('',#2956);
#2610=PLANE('',#2957);
#2611=PLANE('',#2958);
#2612=PLANE('',#2959);
#2613=PLANE('',#2960);
#2614=PLANE('',#2963);
#2615=PLANE('',#2966);
#2616=PLANE('',#2969);
#2617=PLANE('',#2972);
#2618=PLANE('',#2973);
#2619=PLANE('',#2974);
#2620=PLANE('',#2977);
#2621=PLANE('',#2980);
#2622=PLANE('',#2983);
#2623=PLANE('',#2986);
#2624=PLANE('',#2987);
#2625=PLANE('',#2991);
#2626=PLANE('',#2993);
#2627=PLANE('',#2996);
#2628=PLANE('',#2997);
#2629=PLANE('',#3009);
#2630=PLANE('',#3010);
#2631=PLANE('',#3011);
#2632=PLANE('',#3012);
#2633=PLANE('',#3013);
#2634=PLANE('',#3014);
#2635=PLANE('',#3015);
#2636=PLANE('',#3018);
#2637=PLANE('',#3021);
#2638=PLANE('',#3024);
#2639=PLANE('',#3027);
#2640=PLANE('',#3028);
#2641=PLANE('',#3029);
#2642=PLANE('',#3032);
#2643=PLANE('',#3035);
#2644=PLANE('',#3038);
#2645=PLANE('',#3041);
#2646=PLANE('',#3042);
#2647=PLANE('',#3046);
#2648=PLANE('',#3048);
#2649=PLANE('',#3051);
#2650=PLANE('',#3052);
#2651=PLANE('',#3053);
#2652=PLANE('',#3065);
#2653=PLANE('',#3066);
#2654=PLANE('',#3067);
#2655=PLANE('',#3068);
#2656=PLANE('',#3069);
#2657=PLANE('',#3070);
#2658=PLANE('',#3071);
#2659=PLANE('',#3074);
#2660=PLANE('',#3077);
#2661=PLANE('',#3080);
#2662=PLANE('',#3083);
#2663=PLANE('',#3084);
#2664=PLANE('',#3085);
#2665=PLANE('',#3088);
#2666=PLANE('',#3091);
#2667=PLANE('',#3094);
#2668=PLANE('',#3097);
#2669=PLANE('',#3098);
#2670=ADVANCED_FACE('',(#300),#2576,.F.);
#2671=ADVANCED_FACE('',(#301),#2577,.F.);
#2672=ADVANCED_FACE('',(#302),#2578,.F.);
#2673=ADVANCED_FACE('',(#303),#2579,.F.);
#2674=ADVANCED_FACE('',(#304),#2580,.F.);
#2675=ADVANCED_FACE('',(#305),#122,.F.);
#2676=ADVANCED_FACE('',(#306),#2581,.T.);
#2677=ADVANCED_FACE('',(#307),#2582,.T.);
#2678=ADVANCED_FACE('',(#308),#123,.T.);
#2679=ADVANCED_FACE('',(#309),#2583,.T.);
#2680=ADVANCED_FACE('',(#310),#2584,.F.);
#2681=ADVANCED_FACE('',(#311),#124,.T.);
#2682=ADVANCED_FACE('',(#312),#2585,.F.);
#2683=ADVANCED_FACE('',(#313,#22),#2586,.F.);
#2684=ADVANCED_FACE('',(#314),#2587,.T.);
#2685=ADVANCED_FACE('',(#315),#2588,.T.);
#2686=ADVANCED_FACE('',(#316),#2589,.T.);
#2687=ADVANCED_FACE('',(#317),#2590,.T.);
#2688=ADVANCED_FACE('',(#318),#2591,.T.);
#2689=ADVANCED_FACE('',(#319),#125,.T.);
#2690=ADVANCED_FACE('',(#320),#2592,.T.);
#2691=ADVANCED_FACE('',(#321),#126,.T.);
#2692=ADVANCED_FACE('',(#322),#2593,.T.);
#2693=ADVANCED_FACE('',(#323),#127,.T.);
#2694=ADVANCED_FACE('',(#324),#2594,.T.);
#2695=ADVANCED_FACE('',(#325),#128,.T.);
#2696=ADVANCED_FACE('',(#326),#2595,.T.);
#2697=ADVANCED_FACE('',(#327),#2596,.T.);
#2698=ADVANCED_FACE('',(#328),#2597,.T.);
#2699=ADVANCED_FACE('',(#329),#129,.F.);
#2700=ADVANCED_FACE('',(#330),#2598,.T.);
#2701=ADVANCED_FACE('',(#331),#130,.F.);
#2702=ADVANCED_FACE('',(#332),#2599,.T.);
#2703=ADVANCED_FACE('',(#333),#131,.F.);
#2704=ADVANCED_FACE('',(#334),#2600,.T.);
#2705=ADVANCED_FACE('',(#335),#132,.F.);
#2706=ADVANCED_FACE('',(#336),#2601,.T.);
#2707=ADVANCED_FACE('',(#337),#2602,.T.);
#2708=ADVANCED_FACE('',(#338),#133,.F.);
#2709=ADVANCED_FACE('',(#339),#2603,.T.);
#2710=ADVANCED_FACE('',(#340),#2604,.T.);
#2711=ADVANCED_FACE('',(#341),#134,.T.);
#2712=ADVANCED_FACE('',(#342),#2605,.T.);
#2713=ADVANCED_FACE('',(#343),#2606,.F.);
#2714=ADVANCED_FACE('',(#344),#135,.T.);
#2715=ADVANCED_FACE('',(#345),#2607,.F.);
#2716=ADVANCED_FACE('',(#346,#23),#2608,.F.);
#2717=ADVANCED_FACE('',(#347),#2609,.T.);
#2718=ADVANCED_FACE('',(#348),#2610,.T.);
#2719=ADVANCED_FACE('',(#349),#2611,.T.);
#2720=ADVANCED_FACE('',(#350),#2612,.T.);
#2721=ADVANCED_FACE('',(#351),#2613,.T.);
#2722=ADVANCED_FACE('',(#352),#136,.T.);
#2723=ADVANCED_FACE('',(#353),#2614,.T.);
#2724=ADVANCED_FACE('',(#354),#137,.T.);
#2725=ADVANCED_FACE('',(#355),#2615,.T.);
#2726=ADVANCED_FACE('',(#356),#138,.T.);
#2727=ADVANCED_FACE('',(#357),#2616,.T.);
#2728=ADVANCED_FACE('',(#358),#139,.T.);
#2729=ADVANCED_FACE('',(#359),#2617,.T.);
#2730=ADVANCED_FACE('',(#360),#2618,.T.);
#2731=ADVANCED_FACE('',(#361),#2619,.T.);
#2732=ADVANCED_FACE('',(#362),#140,.F.);
#2733=ADVANCED_FACE('',(#363),#2620,.T.);
#2734=ADVANCED_FACE('',(#364),#141,.F.);
#2735=ADVANCED_FACE('',(#365),#2621,.T.);
#2736=ADVANCED_FACE('',(#366),#142,.F.);
#2737=ADVANCED_FACE('',(#367),#2622,.T.);
#2738=ADVANCED_FACE('',(#368),#143,.F.);
#2739=ADVANCED_FACE('',(#369),#2623,.T.);
#2740=ADVANCED_FACE('',(#370),#2624,.T.);
#2741=ADVANCED_FACE('',(#371),#144,.F.);
#2742=ADVANCED_FACE('',(#372),#2625,.T.);
#2743=ADVANCED_FACE('',(#373),#2626,.T.);
#2744=ADVANCED_FACE('',(#374),#145,.T.);
#2745=ADVANCED_FACE('',(#375),#2627,.T.);
#2746=ADVANCED_FACE('',(#376),#2628,.F.);
#2747=ADVANCED_FACE('',(#377),#146,.T.);
#2748=ADVANCED_FACE('',(#378),#2629,.F.);
#2749=ADVANCED_FACE('',(#379,#24),#2630,.F.);
#2750=ADVANCED_FACE('',(#380),#2631,.T.);
#2751=ADVANCED_FACE('',(#381),#2632,.T.);
#2752=ADVANCED_FACE('',(#382),#2633,.T.);
#2753=ADVANCED_FACE('',(#383),#2634,.T.);
#2754=ADVANCED_FACE('',(#384),#2635,.T.);
#2755=ADVANCED_FACE('',(#385),#147,.T.);
#2756=ADVANCED_FACE('',(#386),#2636,.T.);
#2757=ADVANCED_FACE('',(#387),#148,.T.);
#2758=ADVANCED_FACE('',(#388),#2637,.T.);
#2759=ADVANCED_FACE('',(#389),#149,.T.);
#2760=ADVANCED_FACE('',(#390),#2638,.T.);
#2761=ADVANCED_FACE('',(#391),#150,.T.);
#2762=ADVANCED_FACE('',(#392),#2639,.T.);
#2763=ADVANCED_FACE('',(#393),#2640,.T.);
#2764=ADVANCED_FACE('',(#394),#2641,.T.);
#2765=ADVANCED_FACE('',(#395),#151,.F.);
#2766=ADVANCED_FACE('',(#396),#2642,.T.);
#2767=ADVANCED_FACE('',(#397),#152,.F.);
#2768=ADVANCED_FACE('',(#398),#2643,.T.);
#2769=ADVANCED_FACE('',(#399),#153,.F.);
#2770=ADVANCED_FACE('',(#400),#2644,.T.);
#2771=ADVANCED_FACE('',(#401),#154,.F.);
#2772=ADVANCED_FACE('',(#402),#2645,.T.);
#2773=ADVANCED_FACE('',(#403),#2646,.T.);
#2774=ADVANCED_FACE('',(#404),#155,.F.);
#2775=ADVANCED_FACE('',(#405),#2647,.T.);
#2776=ADVANCED_FACE('',(#406),#2648,.T.);
#2777=ADVANCED_FACE('',(#407),#156,.T.);
#2778=ADVANCED_FACE('',(#408),#2649,.T.);
#2779=ADVANCED_FACE('',(#409,#25,#26,#27,#28),#2650,.T.);
#2780=ADVANCED_FACE('',(#410),#2651,.F.);
#2781=ADVANCED_FACE('',(#411),#157,.T.);
#2782=ADVANCED_FACE('',(#412),#2652,.F.);
#2783=ADVANCED_FACE('',(#413,#29),#2653,.F.);
#2784=ADVANCED_FACE('',(#414),#2654,.T.);
#2785=ADVANCED_FACE('',(#415),#2655,.T.);
#2786=ADVANCED_FACE('',(#416),#2656,.T.);
#2787=ADVANCED_FACE('',(#417),#2657,.T.);
#2788=ADVANCED_FACE('',(#418),#2658,.T.);
#2789=ADVANCED_FACE('',(#419),#158,.T.);
#2790=ADVANCED_FACE('',(#420),#2659,.T.);
#2791=ADVANCED_FACE('',(#421),#159,.T.);
#2792=ADVANCED_FACE('',(#422),#2660,.T.);
#2793=ADVANCED_FACE('',(#423),#160,.T.);
#2794=ADVANCED_FACE('',(#424),#2661,.T.);
#2795=ADVANCED_FACE('',(#425),#161,.T.);
#2796=ADVANCED_FACE('',(#426),#2662,.T.);
#2797=ADVANCED_FACE('',(#427),#2663,.T.);
#2798=ADVANCED_FACE('',(#428),#2664,.T.);
#2799=ADVANCED_FACE('',(#429),#162,.F.);
#2800=ADVANCED_FACE('',(#430),#2665,.T.);
#2801=ADVANCED_FACE('',(#431),#163,.F.);
#2802=ADVANCED_FACE('',(#432),#2666,.T.);
#2803=ADVANCED_FACE('',(#433),#164,.F.);
#2804=ADVANCED_FACE('',(#434),#2667,.T.);
#2805=ADVANCED_FACE('',(#435),#165,.F.);
#2806=ADVANCED_FACE('',(#436),#2668,.T.);
#2807=ADVANCED_FACE('',(#437),#2669,.T.);
#2808=CLOSED_SHELL('',(#2670,#2671,#2672,#2673,#2674,#2675,#2676,#2677,
#2678,#2679,#2680,#2681,#2682,#2683,#2684,#2685,#2686,#2687,#2688,#2689,
#2690,#2691,#2692,#2693,#2694,#2695,#2696,#2697,#2698,#2699,#2700,#2701,
#2702,#2703,#2704,#2705,#2706,#2707,#2708,#2709,#2710,#2711,#2712,#2713,
#2714,#2715,#2716,#2717,#2718,#2719,#2720,#2721,#2722,#2723,#2724,#2725,
#2726,#2727,#2728,#2729,#2730,#2731,#2732,#2733,#2734,#2735,#2736,#2737,
#2738,#2739,#2740,#2741,#2742,#2743,#2744,#2745,#2746,#2747,#2748,#2749,
#2750,#2751,#2752,#2753,#2754,#2755,#2756,#2757,#2758,#2759,#2760,#2761,
#2762,#2763,#2764,#2765,#2766,#2767,#2768,#2769,#2770,#2771,#2772,#2773,
#2774,#2775,#2776,#2777,#2778,#2779,#2780,#2781,#2782,#2783,#2784,#2785,
#2786,#2787,#2788,#2789,#2790,#2791,#2792,#2793,#2794,#2795,#2796,#2797,
#2798,#2799,#2800,#2801,#2802,#2803,#2804,#2805,#2806,#2807));
#2809=DERIVED_UNIT_ELEMENT(#2813,1.);
#2810=DERIVED_UNIT_ELEMENT(#4686,-3.);
#2811=DERIVED_UNIT_ELEMENT(#2813,1.);
#2812=DERIVED_UNIT_ELEMENT(#4686,-3.);
#2813=(
CONVERSION_BASED_UNIT('gram',#2815)
MASS_UNIT()
NAMED_UNIT(#4683)
);
#2814=(
MASS_UNIT()
NAMED_UNIT(*)
SI_UNIT(.KILO.,.GRAM.)
);
#2815=MASS_MEASURE_WITH_UNIT(MASS_MEASURE(0.001),#2814);
#2816=DERIVED_UNIT((#2809,#2810));
#2817=DERIVED_UNIT((#2811,#2812));
#2818=MEASURE_REPRESENTATION_ITEM('density measure',
POSITIVE_RATIO_MEASURE(1.),#2816);
#2819=MEASURE_REPRESENTATION_ITEM('density measure',
POSITIVE_RATIO_MEASURE(1.),#2817);
#2820=PROPERTY_DEFINITION_REPRESENTATION(#2830,#2824);
#2821=PROPERTY_DEFINITION_REPRESENTATION(#2831,#2825);
#2822=PROPERTY_DEFINITION_REPRESENTATION(#2832,#2826);
#2823=PROPERTY_DEFINITION_REPRESENTATION(#2833,#2827);
#2824=REPRESENTATION('material name',(#2828),#4679);
#2825=REPRESENTATION('density',(#2818),#4679);
#2826=REPRESENTATION('material name',(#2829),#4680);
#2827=REPRESENTATION('density',(#2819),#4680);
#2828=DESCRIPTIVE_REPRESENTATION_ITEM('Generic','Generic');
#2829=DESCRIPTIVE_REPRESENTATION_ITEM('Generic','Generic');
#2830=PROPERTY_DEFINITION('material property','material name',#4703);
#2831=PROPERTY_DEFINITION('material property','density of part',#4703);
#2832=PROPERTY_DEFINITION('material property','material name',#4704);
#2833=PROPERTY_DEFINITION('material property','density of part',#4704);
#2834=PRESENTATION_STYLE_ASSIGNMENT((#2836));
#2835=PRESENTATION_STYLE_ASSIGNMENT((#2837));
#2836=SURFACE_STYLE_USAGE(.BOTH.,#2842);
#2837=SURFACE_STYLE_USAGE(.BOTH.,#2843);
#2838=SURFACE_STYLE_RENDERING_WITH_PROPERTIES($,#2850,(#2840));
#2839=SURFACE_STYLE_RENDERING_WITH_PROPERTIES($,#2851,(#2841));
#2840=SURFACE_STYLE_TRANSPARENT(0.);
#2841=SURFACE_STYLE_TRANSPARENT(0.339999973773956);
#2842=SURFACE_SIDE_STYLE('',(#2844,#2838));
#2843=SURFACE_SIDE_STYLE('',(#2845,#2839));
#2844=SURFACE_STYLE_FILL_AREA(#2846);
#2845=SURFACE_STYLE_FILL_AREA(#2847);
#2846=FILL_AREA_STYLE('',(#2848));
#2847=FILL_AREA_STYLE('',(#2849));
#2848=FILL_AREA_STYLE_COLOUR('',#2850);
#2849=FILL_AREA_STYLE_COLOUR('',#2851);
#2850=COLOUR_RGB('',0.749019607843137,0.749019607843137,0.749019607843137);
#2851=COLOUR_RGB('',0.925490196078431,0.945098039215686,0.937254901960784);
#2852=DATE_TIME_ROLE('creation_date');
#2853=DATE_TIME_ROLE('creation_date');
#2854=DATE_TIME_ROLE('creation_date');
#2855=APPLIED_DATE_AND_TIME_ASSIGNMENT(#2858,#2852,(#4702));
#2856=APPLIED_DATE_AND_TIME_ASSIGNMENT(#2859,#2853,(#4703));
#2857=APPLIED_DATE_AND_TIME_ASSIGNMENT(#2860,#2854,(#4704));
#2858=DATE_AND_TIME(#2861,#2864);
#2859=DATE_AND_TIME(#2862,#2865);
#2860=DATE_AND_TIME(#2863,#2866);
#2861=CALENDAR_DATE(2026,4,6);
#2862=CALENDAR_DATE(2026,4,6);
#2863=CALENDAR_DATE(2026,4,6);
#2864=LOCAL_TIME(0,0,0.,#2867);
#2865=LOCAL_TIME(0,0,0.,#2868);
#2866=LOCAL_TIME(0,0,0.,#2869);
#2867=COORDINATED_UNIVERSAL_TIME_OFFSET(0,0,.BEHIND.);
#2868=COORDINATED_UNIVERSAL_TIME_OFFSET(0,0,.BEHIND.);
#2869=COORDINATED_UNIVERSAL_TIME_OFFSET(0,0,.BEHIND.);
#2870=AXIS2_PLACEMENT_3D('',#3855,#3101,#3102);
#2871=AXIS2_PLACEMENT_3D('',#3856,#3103,#3104);
#2872=AXIS2_PLACEMENT_3D('',#3857,#3105,#3106);
#2873=AXIS2_PLACEMENT_3D('',#3858,#3107,#3108);
#2874=AXIS2_PLACEMENT_3D('',#3867,#3113,#3114);
#2875=AXIS2_PLACEMENT_3D('',#3873,#3118,#3119);
#2876=AXIS2_PLACEMENT_3D('',#3879,#3123,#3124);
#2877=AXIS2_PLACEMENT_3D('',#3882,#3127,#3128);
#2878=AXIS2_PLACEMENT_3D('',#3883,#3129,#3130);
#2879=AXIS2_PLACEMENT_3D('',#3886,#3131,#3132);
#2880=AXIS2_PLACEMENT_3D('',#3890,#3134,#3135);
#2881=AXIS2_PLACEMENT_3D('',#3892,#3137,#3138);
#2882=AXIS2_PLACEMENT_3D('',#3900,#3142,#3143);
#2883=AXIS2_PLACEMENT_3D('',#3906,#3147,#3148);
#2884=AXIS2_PLACEMENT_3D('',#3910,#3151,#3152);
#2885=AXIS2_PLACEMENT_3D('',#3914,#3154,#3155);
#2886=AXIS2_PLACEMENT_3D('',#3916,#3157,#3158);
#2887=AXIS2_PLACEMENT_3D('',#3920,#3161,#3162);
#2888=AXIS2_PLACEMENT_3D('',#3924,#3164,#3165);
#2889=AXIS2_PLACEMENT_3D('',#3928,#3167,#3168);
#2890=AXIS2_PLACEMENT_3D('',#3932,#3170,#3171);
#2891=AXIS2_PLACEMENT_3D('',#3936,#3173,#3174);
#2892=AXIS2_PLACEMENT_3D('',#3944,#3178,#3179);
#2893=AXIS2_PLACEMENT_3D('',#3948,#3181,#3182);
#2894=AXIS2_PLACEMENT_3D('',#3952,#3184,#3185);
#2895=AXIS2_PLACEMENT_3D('',#3955,#3187,#3188);
#2896=AXIS2_PLACEMENT_3D('',#3956,#3189,#3190);
#2897=AXIS2_PLACEMENT_3D('',#3959,#3191,#3192);
#2898=AXIS2_PLACEMENT_3D('',#3963,#3194,#3195);
#2899=AXIS2_PLACEMENT_3D('',#3976,#3197,#3198);
#2900=AXIS2_PLACEMENT_3D('',#3982,#3202,#3203);
#2901=AXIS2_PLACEMENT_3D('',#3996,#3211,#3212);
#2902=AXIS2_PLACEMENT_3D('',#4002,#3216,#3217);
#2903=AXIS2_PLACEMENT_3D('',#4006,#3220,#3221);
#2904=AXIS2_PLACEMENT_3D('',#4010,#3224,#3225);
#2905=AXIS2_PLACEMENT_3D('',#4012,#3227,#3228);
#2906=AXIS2_PLACEMENT_3D('',#4013,#3229,#3230);
#2907=AXIS2_PLACEMENT_3D('',#4015,#3231,#3232);
#2908=AXIS2_PLACEMENT_3D('',#4017,#3234,#3235);
#2909=AXIS2_PLACEMENT_3D('',#4021,#3238,#3239);
#2910=AXIS2_PLACEMENT_3D('',#4023,#3240,#3241);
#2911=AXIS2_PLACEMENT_3D('',#4025,#3243,#3244);
#2912=AXIS2_PLACEMENT_3D('',#4029,#3247,#3248);
#2913=AXIS2_PLACEMENT_3D('',#4031,#3249,#3250);
#2914=AXIS2_PLACEMENT_3D('',#4033,#3252,#3253);
#2915=AXIS2_PLACEMENT_3D('',#4037,#3256,#3257);
#2916=AXIS2_PLACEMENT_3D('',#4038,#3258,#3259);
#2917=AXIS2_PLACEMENT_3D('',#4040,#3261,#3262);
#2918=AXIS2_PLACEMENT_3D('',#4042,#3264,#3265);
#2919=AXIS2_PLACEMENT_3D('',#4044,#3267,#3268);
#2920=AXIS2_PLACEMENT_3D('',#4048,#3271,#3272);
#2921=AXIS2_PLACEMENT_3D('',#4050,#3273,#3274);
#2922=AXIS2_PLACEMENT_3D('',#4052,#3276,#3277);
#2923=AXIS2_PLACEMENT_3D('',#4056,#3280,#3281);
#2924=AXIS2_PLACEMENT_3D('',#4058,#3282,#3283);
#2925=AXIS2_PLACEMENT_3D('',#4060,#3285,#3286);
#2926=AXIS2_PLACEMENT_3D('',#4064,#3289,#3290);
#2927=AXIS2_PLACEMENT_3D('',#4066,#3291,#3292);
#2928=AXIS2_PLACEMENT_3D('',#4068,#3294,#3295);
#2929=AXIS2_PLACEMENT_3D('',#4072,#3298,#3299);
#2930=AXIS2_PLACEMENT_3D('',#4074,#3300,#3301);
#2931=AXIS2_PLACEMENT_3D('',#4076,#3303,#3304);
#2932=AXIS2_PLACEMENT_3D('',#4079,#3307,#3308);
#2933=AXIS2_PLACEMENT_3D('',#4080,#3309,#3310);
#2934=AXIS2_PLACEMENT_3D('',#4083,#3311,#3312);
#2935=AXIS2_PLACEMENT_3D('',#4087,#3314,#3315);
#2936=AXIS2_PLACEMENT_3D('',#4089,#3317,#3318);
#2937=AXIS2_PLACEMENT_3D('',#4097,#3322,#3323);
#2938=AXIS2_PLACEMENT_3D('',#4103,#3327,#3328);
#2939=AXIS2_PLACEMENT_3D('',#4107,#3331,#3332);
#2940=AXIS2_PLACEMENT_3D('',#4111,#3334,#3335);
#2941=AXIS2_PLACEMENT_3D('',#4113,#3337,#3338);
#2942=AXIS2_PLACEMENT_3D('',#4117,#3341,#3342);
#2943=AXIS2_PLACEMENT_3D('',#4121,#3344,#3345);
#2944=AXIS2_PLACEMENT_3D('',#4125,#3347,#3348);
#2945=AXIS2_PLACEMENT_3D('',#4129,#3350,#3351);
#2946=AXIS2_PLACEMENT_3D('',#4133,#3353,#3354);
#2947=AXIS2_PLACEMENT_3D('',#4141,#3358,#3359);
#2948=AXIS2_PLACEMENT_3D('',#4145,#3361,#3362);
#2949=AXIS2_PLACEMENT_3D('',#4149,#3364,#3365);
#2950=AXIS2_PLACEMENT_3D('',#4152,#3367,#3368);
#2951=AXIS2_PLACEMENT_3D('',#4153,#3369,#3370);
#2952=AXIS2_PLACEMENT_3D('',#4156,#3371,#3372);
#2953=AXIS2_PLACEMENT_3D('',#4160,#3374,#3375);
#2954=AXIS2_PLACEMENT_3D('',#4173,#3377,#3378);
#2955=AXIS2_PLACEMENT_3D('',#4179,#3382,#3383);
#2956=AXIS2_PLACEMENT_3D('',#4193,#3391,#3392);
#2957=AXIS2_PLACEMENT_3D('',#4199,#3396,#3397);
#2958=AXIS2_PLACEMENT_3D('',#4203,#3400,#3401);
#2959=AXIS2_PLACEMENT_3D('',#4207,#3404,#3405);
#2960=AXIS2_PLACEMENT_3D('',#4209,#3407,#3408);
#2961=AXIS2_PLACEMENT_3D('',#4210,#3409,#3410);
#2962=AXIS2_PLACEMENT_3D('',#4212,#3411,#3412);
#2963=AXIS2_PLACEMENT_3D('',#4214,#3414,#3415);
#2964=AXIS2_PLACEMENT_3D('',#4218,#3418,#3419);
#2965=AXIS2_PLACEMENT_3D('',#4220,#3420,#3421);
#2966=AXIS2_PLACEMENT_3D('',#4222,#3423,#3424);
#2967=AXIS2_PLACEMENT_3D('',#4226,#3427,#3428);
#2968=AXIS2_PLACEMENT_3D('',#4228,#3429,#3430);
#2969=AXIS2_PLACEMENT_3D('',#4230,#3432,#3433);
#2970=AXIS2_PLACEMENT_3D('',#4234,#3436,#3437);
#2971=AXIS2_PLACEMENT_3D('',#4235,#3438,#3439);
#2972=AXIS2_PLACEMENT_3D('',#4237,#3441,#3442);
#2973=AXIS2_PLACEMENT_3D('',#4239,#3444,#3445);
#2974=AXIS2_PLACEMENT_3D('',#4241,#3447,#3448);
#2975=AXIS2_PLACEMENT_3D('',#4245,#3451,#3452);
#2976=AXIS2_PLACEMENT_3D('',#4247,#3453,#3454);
#2977=AXIS2_PLACEMENT_3D('',#4249,#3456,#3457);
#2978=AXIS2_PLACEMENT_3D('',#4253,#3460,#3461);
#2979=AXIS2_PLACEMENT_3D('',#4255,#3462,#3463);
#2980=AXIS2_PLACEMENT_3D('',#4257,#3465,#3466);
#2981=AXIS2_PLACEMENT_3D('',#4261,#3469,#3470);
#2982=AXIS2_PLACEMENT_3D('',#4263,#3471,#3472);
#2983=AXIS2_PLACEMENT_3D('',#4265,#3474,#3475);
#2984=AXIS2_PLACEMENT_3D('',#4269,#3478,#3479);
#2985=AXIS2_PLACEMENT_3D('',#4271,#3480,#3481);
#2986=AXIS2_PLACEMENT_3D('',#4273,#3483,#3484);
#2987=AXIS2_PLACEMENT_3D('',#4276,#3487,#3488);
#2988=AXIS2_PLACEMENT_3D('',#4277,#3489,#3490);
#2989=AXIS2_PLACEMENT_3D('',#4280,#3491,#3492);
#2990=AXIS2_PLACEMENT_3D('',#4284,#3494,#3495);
#2991=AXIS2_PLACEMENT_3D('',#4286,#3497,#3498);
#2992=AXIS2_PLACEMENT_3D('',#4294,#3502,#3503);
#2993=AXIS2_PLACEMENT_3D('',#4300,#3507,#3508);
#2994=AXIS2_PLACEMENT_3D('',#4304,#3511,#3512);
#2995=AXIS2_PLACEMENT_3D('',#4308,#3514,#3515);
#2996=AXIS2_PLACEMENT_3D('',#4310,#3517,#3518);
#2997=AXIS2_PLACEMENT_3D('',#4314,#3521,#3522);
#2998=AXIS2_PLACEMENT_3D('',#4318,#3524,#3525);
#2999=AXIS2_PLACEMENT_3D('',#4322,#3527,#3528);
#3000=AXIS2_PLACEMENT_3D('',#4326,#3530,#3531);
#3001=AXIS2_PLACEMENT_3D('',#4330,#3533,#3534);
#3002=AXIS2_PLACEMENT_3D('',#4338,#3538,#3539);
#3003=AXIS2_PLACEMENT_3D('',#4342,#3541,#3542);
#3004=AXIS2_PLACEMENT_3D('',#4346,#3544,#3545);
#3005=AXIS2_PLACEMENT_3D('',#4349,#3547,#3548);
#3006=AXIS2_PLACEMENT_3D('',#4350,#3549,#3550);
#3007=AXIS2_PLACEMENT_3D('',#4353,#3551,#3552);
#3008=AXIS2_PLACEMENT_3D('',#4357,#3554,#3555);
#3009=AXIS2_PLACEMENT_3D('',#4370,#3557,#3558);
#3010=AXIS2_PLACEMENT_3D('',#4376,#3562,#3563);
#3011=AXIS2_PLACEMENT_3D('',#4390,#3571,#3572);
#3012=AXIS2_PLACEMENT_3D('',#4396,#3576,#3577);
#3013=AXIS2_PLACEMENT_3D('',#4400,#3580,#3581);
#3014=AXIS2_PLACEMENT_3D('',#4404,#3584,#3585);
#3015=AXIS2_PLACEMENT_3D('',#4406,#3587,#3588);
#3016=AXIS2_PLACEMENT_3D('',#4407,#3589,#3590);
#3017=AXIS2_PLACEMENT_3D('',#4409,#3591,#3592);
#3018=AXIS2_PLACEMENT_3D('',#4411,#3594,#3595);
#3019=AXIS2_PLACEMENT_3D('',#4415,#3598,#3599);
#3020=AXIS2_PLACEMENT_3D('',#4417,#3600,#3601);
#3021=AXIS2_PLACEMENT_3D('',#4419,#3603,#3604);
#3022=AXIS2_PLACEMENT_3D('',#4423,#3607,#3608);
#3023=AXIS2_PLACEMENT_3D('',#4425,#3609,#3610);
#3024=AXIS2_PLACEMENT_3D('',#4427,#3612,#3613);
#3025=AXIS2_PLACEMENT_3D('',#4431,#3616,#3617);
#3026=AXIS2_PLACEMENT_3D('',#4432,#3618,#3619);
#3027=AXIS2_PLACEMENT_3D('',#4434,#3621,#3622);
#3028=AXIS2_PLACEMENT_3D('',#4436,#3624,#3625);
#3029=AXIS2_PLACEMENT_3D('',#4438,#3627,#3628);
#3030=AXIS2_PLACEMENT_3D('',#4442,#3631,#3632);
#3031=AXIS2_PLACEMENT_3D('',#4444,#3633,#3634);
#3032=AXIS2_PLACEMENT_3D('',#4446,#3636,#3637);
#3033=AXIS2_PLACEMENT_3D('',#4450,#3640,#3641);
#3034=AXIS2_PLACEMENT_3D('',#4452,#3642,#3643);
#3035=AXIS2_PLACEMENT_3D('',#4454,#3645,#3646);
#3036=AXIS2_PLACEMENT_3D('',#4458,#3649,#3650);
#3037=AXIS2_PLACEMENT_3D('',#4460,#3651,#3652);
#3038=AXIS2_PLACEMENT_3D('',#4462,#3654,#3655);
#3039=AXIS2_PLACEMENT_3D('',#4466,#3658,#3659);
#3040=AXIS2_PLACEMENT_3D('',#4468,#3660,#3661);
#3041=AXIS2_PLACEMENT_3D('',#4470,#3663,#3664);
#3042=AXIS2_PLACEMENT_3D('',#4473,#3667,#3668);
#3043=AXIS2_PLACEMENT_3D('',#4474,#3669,#3670);
#3044=AXIS2_PLACEMENT_3D('',#4477,#3671,#3672);
#3045=AXIS2_PLACEMENT_3D('',#4481,#3674,#3675);
#3046=AXIS2_PLACEMENT_3D('',#4483,#3677,#3678);
#3047=AXIS2_PLACEMENT_3D('',#4491,#3682,#3683);
#3048=AXIS2_PLACEMENT_3D('',#4497,#3687,#3688);
#3049=AXIS2_PLACEMENT_3D('',#4501,#3691,#3692);
#3050=AXIS2_PLACEMENT_3D('',#4505,#3694,#3695);
#3051=AXIS2_PLACEMENT_3D('',#4507,#3697,#3698);
#3052=AXIS2_PLACEMENT_3D('',#4511,#3701,#3702);
#3053=AXIS2_PLACEMENT_3D('',#4513,#3704,#3705);
#3054=AXIS2_PLACEMENT_3D('',#4517,#3707,#3708);
#3055=AXIS2_PLACEMENT_3D('',#4521,#3710,#3711);
#3056=AXIS2_PLACEMENT_3D('',#4525,#3713,#3714);
#3057=AXIS2_PLACEMENT_3D('',#4529,#3716,#3717);
#3058=AXIS2_PLACEMENT_3D('',#4537,#3721,#3722);
#3059=AXIS2_PLACEMENT_3D('',#4541,#3724,#3725);
#3060=AXIS2_PLACEMENT_3D('',#4545,#3727,#3728);
#3061=AXIS2_PLACEMENT_3D('',#4548,#3730,#3731);
#3062=AXIS2_PLACEMENT_3D('',#4549,#3732,#3733);
#3063=AXIS2_PLACEMENT_3D('',#4552,#3734,#3735);
#3064=AXIS2_PLACEMENT_3D('',#4556,#3737,#3738);
#3065=AXIS2_PLACEMENT_3D('',#4569,#3740,#3741);
#3066=AXIS2_PLACEMENT_3D('',#4575,#3745,#3746);
#3067=AXIS2_PLACEMENT_3D('',#4589,#3754,#3755);
#3068=AXIS2_PLACEMENT_3D('',#4595,#3759,#3760);
#3069=AXIS2_PLACEMENT_3D('',#4599,#3763,#3764);
#3070=AXIS2_PLACEMENT_3D('',#4603,#3767,#3768);
#3071=AXIS2_PLACEMENT_3D('',#4605,#3770,#3771);
#3072=AXIS2_PLACEMENT_3D('',#4606,#3772,#3773);
#3073=AXIS2_PLACEMENT_3D('',#4608,#3774,#3775);
#3074=AXIS2_PLACEMENT_3D('',#4610,#3777,#3778);
#3075=AXIS2_PLACEMENT_3D('',#4614,#3781,#3782);
#3076=AXIS2_PLACEMENT_3D('',#4616,#3783,#3784);
#3077=AXIS2_PLACEMENT_3D('',#4618,#3786,#3787);
#3078=AXIS2_PLACEMENT_3D('',#4622,#3790,#3791);
#3079=AXIS2_PLACEMENT_3D('',#4624,#3792,#3793);
#3080=AXIS2_PLACEMENT_3D('',#4626,#3795,#3796);
#3081=AXIS2_PLACEMENT_3D('',#4630,#3799,#3800);
#3082=AXIS2_PLACEMENT_3D('',#4631,#3801,#3802);
#3083=AXIS2_PLACEMENT_3D('',#4633,#3804,#3805);
#3084=AXIS2_PLACEMENT_3D('',#4635,#3807,#3808);
#3085=AXIS2_PLACEMENT_3D('',#4637,#3810,#3811);
#3086=AXIS2_PLACEMENT_3D('',#4641,#3814,#3815);
#3087=AXIS2_PLACEMENT_3D('',#4643,#3816,#3817);
#3088=AXIS2_PLACEMENT_3D('',#4645,#3819,#3820);
#3089=AXIS2_PLACEMENT_3D('',#4649,#3823,#3824);
#3090=AXIS2_PLACEMENT_3D('',#4651,#3825,#3826);
#3091=AXIS2_PLACEMENT_3D('',#4653,#3828,#3829);
#3092=AXIS2_PLACEMENT_3D('',#4657,#3832,#3833);
#3093=AXIS2_PLACEMENT_3D('',#4659,#3834,#3835);
#3094=AXIS2_PLACEMENT_3D('',#4661,#3837,#3838);
#3095=AXIS2_PLACEMENT_3D('',#4665,#3841,#3842);
#3096=AXIS2_PLACEMENT_3D('',#4667,#3843,#3844);
#3097=AXIS2_PLACEMENT_3D('',#4669,#3846,#3847);
#3098=AXIS2_PLACEMENT_3D('',#4671,#3849,#3850);
#3099=AXIS2_PLACEMENT_3D('',#4672,#3851,#3852);
#3100=AXIS2_PLACEMENT_3D('',#4673,#3853,#3854);
#3101=DIRECTION('axis',(0.,0.,1.));
#3102=DIRECTION('refdir',(1.,0.,0.));
#3103=DIRECTION('axis',(0.,0.,1.));
#3104=DIRECTION('refdir',(1.,0.,0.));
#3105=DIRECTION('axis',(0.,0.,1.));
#3106=DIRECTION('refdir',(1.,0.,0.));
#3107=DIRECTION('center_axis',(1.09651656753102E-16,0.,1.));
#3108=DIRECTION('ref_axis',(-1.,0.,1.09651656753102E-16));
#3109=DIRECTION('',(0.,-1.,0.));
#3110=DIRECTION('',(-1.,0.,1.09651656753102E-16));
#3111=DIRECTION('',(0.,-1.,0.));
#3112=DIRECTION('',(1.,0.,0.));
#3113=DIRECTION('center_axis',(-1.,0.,4.38606627012407E-16));
#3114=DIRECTION('ref_axis',(-4.38606627012407E-16,0.,-1.));
#3115=DIRECTION('',(0.,-1.,0.));
#3116=DIRECTION('',(-4.38606627012407E-16,0.,-1.));
#3117=DIRECTION('',(0.,0.,1.));
#3118=DIRECTION('center_axis',(-2.46716227694479E-16,0.,-1.));
#3119=DIRECTION('ref_axis',(1.,0.,-2.46716227694479E-16));
#3120=DIRECTION('',(0.,-1.,0.));
#3121=DIRECTION('',(1.,0.,-2.46716227694479E-16));
#3122=DIRECTION('',(-1.,0.,0.));
#3123=DIRECTION('center_axis',(1.,0.,-3.28954970259306E-16));
#3124=DIRECTION('ref_axis',(3.28954970259306E-16,0.,1.));
#3125=DIRECTION('',(3.28954970259306E-16,0.,1.));
#3126=DIRECTION('',(0.,0.,-1.));
#3127=DIRECTION('center_axis',(0.,1.,0.));
#3128=DIRECTION('ref_axis',(0.,0.,1.));
#3129=DIRECTION('center_axis',(-1.,0.,-4.44089209850062E-15));
#3130=DIRECTION('ref_axis',(6.28036983473508E-15,-0.707106781186546,-0.707106781186549));
#3131=DIRECTION('center_axis',(-1.,0.,0.));
#3132=DIRECTION('ref_axis',(6.28036983473508E-15,-0.707106781186546,-0.707106781186549));
#3133=DIRECTION('',(-1.,0.,-4.44089209850062E-15));
#3134=DIRECTION('center_axis',(1.,0.,-1.5419764230905E-15));
#3135=DIRECTION('ref_axis',(6.28036983473508E-15,-0.707106781186546,-0.707106781186549));
#3136=DIRECTION('',(1.,0.,4.44089209850062E-15));
#3137=DIRECTION('center_axis',(1.,0.,-1.5419764230905E-15));
#3138=DIRECTION('ref_axis',(-1.5419764230905E-15,0.,-1.));
#3139=DIRECTION('',(0.,1.,0.));
#3140=DIRECTION('',(0.,0.,-1.));
#3141=DIRECTION('',(0.,1.,0.));
#3142=DIRECTION('center_axis',(-1.,0.,1.5419764230905E-15));
#3143=DIRECTION('ref_axis',(0.,-0.707106781186546,-0.707106781186549));
#3144=DIRECTION('',(-1.5419764230905E-15,0.,-1.));
#3145=DIRECTION('',(0.,1.,0.));
#3146=DIRECTION('',(1.5419764230905E-15,0.,1.));
#3147=DIRECTION('center_axis',(-4.44089209850062E-15,0.,1.));
#3148=DIRECTION('ref_axis',(1.,0.,4.44089209850062E-15));
#3149=DIRECTION('',(0.,1.,0.));
#3150=DIRECTION('',(1.,0.,0.));
#3151=DIRECTION('center_axis',(-1.,0.,0.));
#3152=DIRECTION('ref_axis',(0.,-0.707106781186546,-0.707106781186549));
#3153=DIRECTION('',(1.,0.,0.));
#3154=DIRECTION('center_axis',(1.,0.,0.));
#3155=DIRECTION('ref_axis',(0.,-0.707106781186546,-0.707106781186549));
#3156=DIRECTION('',(-1.,0.,0.));
#3157=DIRECTION('center_axis',(0.,0.,-1.));
#3158=DIRECTION('ref_axis',(-1.,0.,0.));
#3159=DIRECTION('',(-1.,0.,0.));
#3160=DIRECTION('',(0.,1.,0.));
#3161=DIRECTION('center_axis',(0.,1.,0.));
#3162=DIRECTION('ref_axis',(0.,0.,1.));
#3163=DIRECTION('',(0.,0.,1.));
#3164=DIRECTION('center_axis',(0.,-1.,0.));
#3165=DIRECTION('ref_axis',(-8.8817841970012E-15,0.,-1.));
#3166=DIRECTION('',(-1.,0.,3.41607084500048E-16));
#3167=DIRECTION('center_axis',(0.,-1.,0.));
#3168=DIRECTION('ref_axis',(1.,0.,-8.88178419700113E-15));
#3169=DIRECTION('',(0.,0.,-1.));
#3170=DIRECTION('center_axis',(0.,-1.,0.));
#3171=DIRECTION('ref_axis',(8.8817841970012E-15,0.,1.));
#3172=DIRECTION('',(1.,0.,1.11022302462516E-15));
#3173=DIRECTION('center_axis',(0.,-1.,0.));
#3174=DIRECTION('ref_axis',(-1.,0.,-2.22044604925031E-15));
#3175=DIRECTION('',(0.,0.,1.));
#3176=DIRECTION('',(-1.,0.,-7.40148683083438E-16));
#3177=DIRECTION('',(0.,0.,-1.));
#3178=DIRECTION('center_axis',(0.,1.,0.));
#3179=DIRECTION('ref_axis',(1.,0.,-4.44089209850059E-15));
#3180=DIRECTION('',(-1.,0.,-8.88178419700124E-16));
#3181=DIRECTION('center_axis',(0.,1.,0.));
#3182=DIRECTION('ref_axis',(4.44089209850066E-15,0.,-1.));
#3183=DIRECTION('',(0.,0.,1.));
#3184=DIRECTION('center_axis',(0.,1.,0.));
#3185=DIRECTION('ref_axis',(-1.,0.,8.88178419700117E-15));
#3186=DIRECTION('',(1.,0.,0.));
#3187=DIRECTION('center_axis',(0.,1.,0.));
#3188=DIRECTION('ref_axis',(0.,0.,1.));
#3189=DIRECTION('center_axis',(1.,0.,0.));
#3190=DIRECTION('ref_axis',(0.,0.707106781186549,0.707106781186546));
#3191=DIRECTION('center_axis',(-1.,0.,0.));
#3192=DIRECTION('ref_axis',(0.,0.707106781186549,0.707106781186546));
#3193=DIRECTION('',(1.,0.,0.));
#3194=DIRECTION('center_axis',(1.,0.,0.));
#3195=DIRECTION('ref_axis',(0.,0.707106781186549,0.707106781186546));
#3196=DIRECTION('',(-1.,0.,0.));
#3197=DIRECTION('center_axis',(0.,0.,-1.));
#3198=DIRECTION('ref_axis',(1.,0.,0.));
#3199=DIRECTION('',(0.,-1.,0.));
#3200=DIRECTION('',(-1.,0.,0.));
#3201=DIRECTION('',(0.,-1.,0.));
#3202=DIRECTION('center_axis',(0.,1.,0.));
#3203=DIRECTION('ref_axis',(0.,0.,1.));
#3204=DIRECTION('',(-1.,0.,1.77635683940025E-16));
#3205=DIRECTION('',(0.,0.,-1.));
#3206=DIRECTION('',(1.,0.,1.52964061170577E-16));
#3207=DIRECTION('',(2.22044604925031E-17,0.,1.));
#3208=DIRECTION('',(0.,0.,1.));
#3209=DIRECTION('',(1.,0.,0.));
#3210=DIRECTION('',(0.,0.,-1.));
#3211=DIRECTION('center_axis',(-1.77635683940025E-16,0.,-1.));
#3212=DIRECTION('ref_axis',(-1.,0.,1.77635683940025E-16));
#3213=DIRECTION('',(1.,0.,-1.77635683940025E-16));
#3214=DIRECTION('',(0.,1.,0.));
#3215=DIRECTION('',(0.,1.,0.));
#3216=DIRECTION('center_axis',(-1.,0.,2.22044604925031E-17));
#3217=DIRECTION('ref_axis',(2.22044604925031E-17,0.,1.));
#3218=DIRECTION('',(-2.22044604925031E-17,0.,-1.));
#3219=DIRECTION('',(0.,1.,0.));
#3220=DIRECTION('center_axis',(-1.52964061170577E-16,0.,1.));
#3221=DIRECTION('ref_axis',(1.,0.,1.52964061170577E-16));
#3222=DIRECTION('',(-1.,0.,-1.52964061170577E-16));
#3223=DIRECTION('',(0.,1.,0.));
#3224=DIRECTION('center_axis',(1.,0.,0.));
#3225=DIRECTION('ref_axis',(0.,0.,-1.));
#3226=DIRECTION('',(0.,0.,1.));
#3227=DIRECTION('center_axis',(0.,1.,0.));
#3228=DIRECTION('ref_axis',(0.,0.,1.));
#3229=DIRECTION('center_axis',(0.,1.,0.));
#3230=DIRECTION('ref_axis',(0.,0.,1.));
#3231=DIRECTION('center_axis',(0.,-1.,0.));
#3232=DIRECTION('ref_axis',(0.,0.,1.));
#3233=DIRECTION('',(0.,1.,0.));
#3234=DIRECTION('center_axis',(0.,0.,1.));
#3235=DIRECTION('ref_axis',(1.,0.,0.));
#3236=DIRECTION('',(-1.,0.,0.));
#3237=DIRECTION('',(0.,1.,0.));
#3238=DIRECTION('center_axis',(0.,1.,0.));
#3239=DIRECTION('ref_axis',(-1.,0.,8.88178419700117E-15));
#3240=DIRECTION('center_axis',(0.,-1.,0.));
#3241=DIRECTION('ref_axis',(-1.,0.,8.88178419700117E-15));
#3242=DIRECTION('',(0.,1.,0.));
#3243=DIRECTION('center_axis',(-1.,0.,0.));
#3244=DIRECTION('ref_axis',(0.,0.,1.));
#3245=DIRECTION('',(0.,0.,-1.));
#3246=DIRECTION('',(0.,1.,0.));
#3247=DIRECTION('center_axis',(0.,1.,0.));
#3248=DIRECTION('ref_axis',(4.44089209850066E-15,0.,-1.));
#3249=DIRECTION('center_axis',(0.,-1.,0.));
#3250=DIRECTION('ref_axis',(4.44089209850066E-15,0.,-1.));
#3251=DIRECTION('',(0.,1.,0.));
#3252=DIRECTION('center_axis',(8.88178419700124E-16,0.,-1.));
#3253=DIRECTION('ref_axis',(-1.,0.,-8.88178419700124E-16));
#3254=DIRECTION('',(1.,0.,8.88178419700124E-16));
#3255=DIRECTION('',(0.,1.,0.));
#3256=DIRECTION('center_axis',(0.,1.,0.));
#3257=DIRECTION('ref_axis',(1.,0.,-4.44089209850059E-15));
#3258=DIRECTION('center_axis',(0.,-1.,0.));
#3259=DIRECTION('ref_axis',(1.,0.,-4.44089209850059E-15));
#3260=DIRECTION('',(0.,1.,0.));
#3261=DIRECTION('center_axis',(1.,0.,0.));
#3262=DIRECTION('ref_axis',(0.,0.,-1.));
#3263=DIRECTION('',(0.,-1.,0.));
#3264=DIRECTION('center_axis',(7.40148683083438E-16,0.,-1.));
#3265=DIRECTION('ref_axis',(-1.,0.,-7.40148683083438E-16));
#3266=DIRECTION('',(0.,-1.,0.));
#3267=DIRECTION('center_axis',(-1.,0.,0.));
#3268=DIRECTION('ref_axis',(0.,0.,1.));
#3269=DIRECTION('',(0.,1.,0.));
#3270=DIRECTION('',(0.,0.,-1.));
#3271=DIRECTION('center_axis',(0.,1.,0.));
#3272=DIRECTION('ref_axis',(-1.,0.,-2.22044604925031E-15));
#3273=DIRECTION('center_axis',(0.,1.,0.));
#3274=DIRECTION('ref_axis',(-1.,0.,-2.22044604925031E-15));
#3275=DIRECTION('',(0.,1.,0.));
#3276=DIRECTION('center_axis',(-1.11022302462516E-15,0.,1.));
#3277=DIRECTION('ref_axis',(1.,0.,1.11022302462516E-15));
#3278=DIRECTION('',(-1.,0.,-1.11022302462516E-15));
#3279=DIRECTION('',(0.,1.,0.));
#3280=DIRECTION('center_axis',(0.,1.,0.));
#3281=DIRECTION('ref_axis',(8.8817841970012E-15,0.,1.));
#3282=DIRECTION('center_axis',(0.,1.,0.));
#3283=DIRECTION('ref_axis',(8.8817841970012E-15,0.,1.));
#3284=DIRECTION('',(0.,1.,0.));
#3285=DIRECTION('center_axis',(1.,0.,0.));
#3286=DIRECTION('ref_axis',(0.,0.,-1.));
#3287=DIRECTION('',(0.,0.,1.));
#3288=DIRECTION('',(0.,1.,0.));
#3289=DIRECTION('center_axis',(0.,1.,0.));
#3290=DIRECTION('ref_axis',(1.,0.,-8.88178419700113E-15));
#3291=DIRECTION('center_axis',(0.,1.,0.));
#3292=DIRECTION('ref_axis',(1.,0.,-8.88178419700113E-15));
#3293=DIRECTION('',(0.,1.,0.));
#3294=DIRECTION('center_axis',(-3.41607084500048E-16,0.,-1.));
#3295=DIRECTION('ref_axis',(-1.,0.,3.41607084500048E-16));
#3296=DIRECTION('',(1.,0.,-3.41607084500048E-16));
#3297=DIRECTION('',(0.,1.,0.));
#3298=DIRECTION('center_axis',(0.,1.,0.));
#3299=DIRECTION('ref_axis',(-8.8817841970012E-15,0.,-1.));
#3300=DIRECTION('center_axis',(0.,1.,0.));
#3301=DIRECTION('ref_axis',(-8.8817841970012E-15,0.,-1.));
#3302=DIRECTION('',(0.,1.,0.));
#3303=DIRECTION('center_axis',(-1.,0.,0.));
#3304=DIRECTION('ref_axis',(0.,0.,1.));
#3305=DIRECTION('',(0.,0.,-1.));
#3306=DIRECTION('',(-3.44789759200359E-16,0.,1.));
#3307=DIRECTION('center_axis',(0.,1.,0.));
#3308=DIRECTION('ref_axis',(0.,0.,1.));
#3309=DIRECTION('center_axis',(-1.,0.,-4.44089209850062E-15));
#3310=DIRECTION('ref_axis',(6.28036983473508E-15,-0.707106781186546,-0.707106781186549));
#3311=DIRECTION('center_axis',(-1.,0.,0.));
#3312=DIRECTION('ref_axis',(6.28036983473508E-15,-0.707106781186546,-0.707106781186549));
#3313=DIRECTION('',(-1.,0.,-4.44089209850062E-15));
#3314=DIRECTION('center_axis',(1.,0.,-1.5419764230905E-15));
#3315=DIRECTION('ref_axis',(6.28036983473508E-15,-0.707106781186546,-0.707106781186549));
#3316=DIRECTION('',(1.,0.,4.44089209850062E-15));
#3317=DIRECTION('center_axis',(1.,0.,-1.5419764230905E-15));
#3318=DIRECTION('ref_axis',(-1.5419764230905E-15,0.,-1.));
#3319=DIRECTION('',(0.,1.,0.));
#3320=DIRECTION('',(0.,0.,-1.));
#3321=DIRECTION('',(0.,1.,0.));
#3322=DIRECTION('center_axis',(-1.,0.,1.5419764230905E-15));
#3323=DIRECTION('ref_axis',(0.,-0.707106781186546,-0.707106781186549));
#3324=DIRECTION('',(-1.5419764230905E-15,0.,-1.));
#3325=DIRECTION('',(0.,1.,0.));
#3326=DIRECTION('',(1.5419764230905E-15,0.,1.));
#3327=DIRECTION('center_axis',(-4.44089209850062E-15,0.,1.));
#3328=DIRECTION('ref_axis',(1.,0.,4.44089209850062E-15));
#3329=DIRECTION('',(0.,1.,0.));
#3330=DIRECTION('',(1.,0.,0.));
#3331=DIRECTION('center_axis',(-1.,0.,0.));
#3332=DIRECTION('ref_axis',(0.,-0.707106781186546,-0.707106781186549));
#3333=DIRECTION('',(1.,0.,0.));
#3334=DIRECTION('center_axis',(1.,0.,0.));
#3335=DIRECTION('ref_axis',(0.,-0.707106781186546,-0.707106781186549));
#3336=DIRECTION('',(-1.,0.,0.));
#3337=DIRECTION('center_axis',(0.,0.,-1.));
#3338=DIRECTION('ref_axis',(-1.,0.,0.));
#3339=DIRECTION('',(-1.,0.,0.));
#3340=DIRECTION('',(0.,1.,0.));
#3341=DIRECTION('center_axis',(0.,1.,0.));
#3342=DIRECTION('ref_axis',(0.,0.,1.));
#3343=DIRECTION('',(0.,0.,1.));
#3344=DIRECTION('center_axis',(0.,-1.,0.));
#3345=DIRECTION('ref_axis',(-8.8817841970012E-15,0.,-1.));
#3346=DIRECTION('',(-1.,0.,3.41607084500048E-16));
#3347=DIRECTION('center_axis',(0.,-1.,0.));
#3348=DIRECTION('ref_axis',(1.,0.,-8.88178419700113E-15));
#3349=DIRECTION('',(0.,0.,-1.));
#3350=DIRECTION('center_axis',(0.,-1.,0.));
#3351=DIRECTION('ref_axis',(8.8817841970012E-15,0.,1.));
#3352=DIRECTION('',(1.,0.,1.11022302462516E-15));
#3353=DIRECTION('center_axis',(0.,-1.,0.));
#3354=DIRECTION('ref_axis',(-1.,0.,-2.22044604925031E-15));
#3355=DIRECTION('',(0.,0.,1.));
#3356=DIRECTION('',(-1.,0.,-7.40148683083438E-16));
#3357=DIRECTION('',(0.,0.,-1.));
#3358=DIRECTION('center_axis',(0.,1.,0.));
#3359=DIRECTION('ref_axis',(1.,0.,-4.44089209850059E-15));
#3360=DIRECTION('',(-1.,0.,-8.88178419700124E-16));
#3361=DIRECTION('center_axis',(0.,1.,0.));
#3362=DIRECTION('ref_axis',(4.44089209850066E-15,0.,-1.));
#3363=DIRECTION('',(0.,0.,1.));
#3364=DIRECTION('center_axis',(0.,1.,0.));
#3365=DIRECTION('ref_axis',(-1.,0.,8.88178419700117E-15));
#3366=DIRECTION('',(1.,0.,0.));
#3367=DIRECTION('center_axis',(0.,1.,0.));
#3368=DIRECTION('ref_axis',(0.,0.,1.));
#3369=DIRECTION('center_axis',(1.,0.,0.));
#3370=DIRECTION('ref_axis',(0.,0.707106781186549,0.707106781186546));
#3371=DIRECTION('center_axis',(-1.,0.,0.));
#3372=DIRECTION('ref_axis',(0.,0.707106781186549,0.707106781186546));
#3373=DIRECTION('',(1.,0.,0.));
#3374=DIRECTION('center_axis',(1.,0.,0.));
#3375=DIRECTION('ref_axis',(0.,0.707106781186549,0.707106781186546));
#3376=DIRECTION('',(-1.,0.,0.));
#3377=DIRECTION('center_axis',(0.,0.,-1.));
#3378=DIRECTION('ref_axis',(1.,0.,0.));
#3379=DIRECTION('',(0.,-1.,0.));
#3380=DIRECTION('',(-1.,0.,0.));
#3381=DIRECTION('',(0.,-1.,0.));
#3382=DIRECTION('center_axis',(0.,1.,0.));
#3383=DIRECTION('ref_axis',(0.,0.,1.));
#3384=DIRECTION('',(-1.,0.,1.77635683940025E-16));
#3385=DIRECTION('',(0.,0.,-1.));
#3386=DIRECTION('',(1.,0.,1.52964061170577E-16));
#3387=DIRECTION('',(2.22044604925031E-17,0.,1.));
#3388=DIRECTION('',(0.,0.,1.));
#3389=DIRECTION('',(1.,0.,0.));
#3390=DIRECTION('',(0.,0.,-1.));
#3391=DIRECTION('center_axis',(-1.77635683940025E-16,0.,-1.));
#3392=DIRECTION('ref_axis',(-1.,0.,1.77635683940025E-16));
#3393=DIRECTION('',(1.,0.,-1.77635683940025E-16));
#3394=DIRECTION('',(0.,1.,0.));
#3395=DIRECTION('',(0.,1.,0.));
#3396=DIRECTION('center_axis',(-1.,0.,2.22044604925031E-17));
#3397=DIRECTION('ref_axis',(2.22044604925031E-17,0.,1.));
#3398=DIRECTION('',(-2.22044604925031E-17,0.,-1.));
#3399=DIRECTION('',(0.,1.,0.));
#3400=DIRECTION('center_axis',(-1.52964061170577E-16,0.,1.));
#3401=DIRECTION('ref_axis',(1.,0.,1.52964061170577E-16));
#3402=DIRECTION('',(-1.,0.,-1.52964061170577E-16));
#3403=DIRECTION('',(0.,1.,0.));
#3404=DIRECTION('center_axis',(1.,0.,0.));
#3405=DIRECTION('ref_axis',(0.,0.,-1.));
#3406=DIRECTION('',(0.,0.,1.));
#3407=DIRECTION('center_axis',(0.,1.,0.));
#3408=DIRECTION('ref_axis',(0.,0.,1.));
#3409=DIRECTION('center_axis',(0.,1.,0.));
#3410=DIRECTION('ref_axis',(0.,0.,1.));
#3411=DIRECTION('center_axis',(0.,-1.,0.));
#3412=DIRECTION('ref_axis',(0.,0.,1.));
#3413=DIRECTION('',(0.,1.,0.));
#3414=DIRECTION('center_axis',(0.,0.,1.));
#3415=DIRECTION('ref_axis',(1.,0.,0.));
#3416=DIRECTION('',(-1.,0.,0.));
#3417=DIRECTION('',(0.,1.,0.));
#3418=DIRECTION('center_axis',(0.,1.,0.));
#3419=DIRECTION('ref_axis',(-1.,0.,8.88178419700117E-15));
#3420=DIRECTION('center_axis',(0.,-1.,0.));
#3421=DIRECTION('ref_axis',(-1.,0.,8.88178419700117E-15));
#3422=DIRECTION('',(0.,1.,0.));
#3423=DIRECTION('center_axis',(-1.,0.,0.));
#3424=DIRECTION('ref_axis',(0.,0.,1.));
#3425=DIRECTION('',(0.,0.,-1.));
#3426=DIRECTION('',(0.,1.,0.));
#3427=DIRECTION('center_axis',(0.,1.,0.));
#3428=DIRECTION('ref_axis',(4.44089209850066E-15,0.,-1.));
#3429=DIRECTION('center_axis',(0.,-1.,0.));
#3430=DIRECTION('ref_axis',(4.44089209850066E-15,0.,-1.));
#3431=DIRECTION('',(0.,1.,0.));
#3432=DIRECTION('center_axis',(8.88178419700124E-16,0.,-1.));
#3433=DIRECTION('ref_axis',(-1.,0.,-8.88178419700124E-16));
#3434=DIRECTION('',(1.,0.,8.88178419700124E-16));
#3435=DIRECTION('',(0.,1.,0.));
#3436=DIRECTION('center_axis',(0.,1.,0.));
#3437=DIRECTION('ref_axis',(1.,0.,-4.44089209850059E-15));
#3438=DIRECTION('center_axis',(0.,-1.,0.));
#3439=DIRECTION('ref_axis',(1.,0.,-4.44089209850059E-15));
#3440=DIRECTION('',(0.,1.,0.));
#3441=DIRECTION('center_axis',(1.,0.,0.));
#3442=DIRECTION('ref_axis',(0.,0.,-1.));
#3443=DIRECTION('',(0.,-1.,0.));
#3444=DIRECTION('center_axis',(7.40148683083438E-16,0.,-1.));
#3445=DIRECTION('ref_axis',(-1.,0.,-7.40148683083438E-16));
#3446=DIRECTION('',(0.,-1.,0.));
#3447=DIRECTION('center_axis',(-1.,0.,0.));
#3448=DIRECTION('ref_axis',(0.,0.,1.));
#3449=DIRECTION('',(0.,1.,0.));
#3450=DIRECTION('',(0.,0.,-1.));
#3451=DIRECTION('center_axis',(0.,1.,0.));
#3452=DIRECTION('ref_axis',(-1.,0.,-2.22044604925031E-15));
#3453=DIRECTION('center_axis',(0.,1.,0.));
#3454=DIRECTION('ref_axis',(-1.,0.,-2.22044604925031E-15));
#3455=DIRECTION('',(0.,1.,0.));
#3456=DIRECTION('center_axis',(-1.11022302462516E-15,0.,1.));
#3457=DIRECTION('ref_axis',(1.,0.,1.11022302462516E-15));
#3458=DIRECTION('',(-1.,0.,-1.11022302462516E-15));
#3459=DIRECTION('',(0.,1.,0.));
#3460=DIRECTION('center_axis',(0.,1.,0.));
#3461=DIRECTION('ref_axis',(8.8817841970012E-15,0.,1.));
#3462=DIRECTION('center_axis',(0.,1.,0.));
#3463=DIRECTION('ref_axis',(8.8817841970012E-15,0.,1.));
#3464=DIRECTION('',(0.,1.,0.));
#3465=DIRECTION('center_axis',(1.,0.,0.));
#3466=DIRECTION('ref_axis',(0.,0.,-1.));
#3467=DIRECTION('',(0.,0.,1.));
#3468=DIRECTION('',(0.,1.,0.));
#3469=DIRECTION('center_axis',(0.,1.,0.));
#3470=DIRECTION('ref_axis',(1.,0.,-8.88178419700113E-15));
#3471=DIRECTION('center_axis',(0.,1.,0.));
#3472=DIRECTION('ref_axis',(1.,0.,-8.88178419700113E-15));
#3473=DIRECTION('',(0.,1.,0.));
#3474=DIRECTION('center_axis',(-3.41607084500048E-16,0.,-1.));
#3475=DIRECTION('ref_axis',(-1.,0.,3.41607084500048E-16));
#3476=DIRECTION('',(1.,0.,-3.41607084500048E-16));
#3477=DIRECTION('',(0.,1.,0.));
#3478=DIRECTION('center_axis',(0.,1.,0.));
#3479=DIRECTION('ref_axis',(-8.8817841970012E-15,0.,-1.));
#3480=DIRECTION('center_axis',(0.,1.,0.));
#3481=DIRECTION('ref_axis',(-8.8817841970012E-15,0.,-1.));
#3482=DIRECTION('',(0.,1.,0.));
#3483=DIRECTION('center_axis',(-1.,0.,0.));
#3484=DIRECTION('ref_axis',(0.,0.,1.));
#3485=DIRECTION('',(0.,0.,-1.));
#3486=DIRECTION('',(-3.44789759200359E-16,0.,1.));
#3487=DIRECTION('center_axis',(0.,1.,0.));
#3488=DIRECTION('ref_axis',(0.,0.,1.));
#3489=DIRECTION('center_axis',(-1.,0.,-4.44089209850062E-15));
#3490=DIRECTION('ref_axis',(6.28036983473508E-15,-0.707106781186546,-0.707106781186549));
#3491=DIRECTION('center_axis',(-1.,0.,0.));
#3492=DIRECTION('ref_axis',(6.28036983473508E-15,-0.707106781186546,-0.707106781186549));
#3493=DIRECTION('',(-1.,0.,-4.44089209850062E-15));
#3494=DIRECTION('center_axis',(1.,0.,-1.5419764230905E-15));
#3495=DIRECTION('ref_axis',(6.28036983473508E-15,-0.707106781186546,-0.707106781186549));
#3496=DIRECTION('',(1.,0.,4.44089209850062E-15));
#3497=DIRECTION('center_axis',(1.,0.,-1.5419764230905E-15));
#3498=DIRECTION('ref_axis',(-1.5419764230905E-15,0.,-1.));
#3499=DIRECTION('',(0.,1.,0.));
#3500=DIRECTION('',(0.,0.,-1.));
#3501=DIRECTION('',(0.,1.,0.));
#3502=DIRECTION('center_axis',(-1.,0.,1.5419764230905E-15));
#3503=DIRECTION('ref_axis',(0.,-0.707106781186546,-0.707106781186549));
#3504=DIRECTION('',(-1.5419764230905E-15,0.,-1.));
#3505=DIRECTION('',(0.,1.,0.));
#3506=DIRECTION('',(1.5419764230905E-15,0.,1.));
#3507=DIRECTION('center_axis',(-4.44089209850062E-15,0.,1.));
#3508=DIRECTION('ref_axis',(1.,0.,4.44089209850062E-15));
#3509=DIRECTION('',(0.,1.,0.));
#3510=DIRECTION('',(1.,0.,0.));
#3511=DIRECTION('center_axis',(-1.,0.,0.));
#3512=DIRECTION('ref_axis',(0.,-0.707106781186546,-0.707106781186549));
#3513=DIRECTION('',(1.,0.,0.));
#3514=DIRECTION('center_axis',(1.,0.,0.));
#3515=DIRECTION('ref_axis',(0.,-0.707106781186546,-0.707106781186549));
#3516=DIRECTION('',(-1.,0.,0.));
#3517=DIRECTION('center_axis',(0.,0.,-1.));
#3518=DIRECTION('ref_axis',(-1.,0.,0.));
#3519=DIRECTION('',(-1.,0.,0.));
#3520=DIRECTION('',(0.,1.,0.));
#3521=DIRECTION('center_axis',(0.,1.,0.));
#3522=DIRECTION('ref_axis',(0.,0.,1.));
#3523=DIRECTION('',(0.,0.,1.));
#3524=DIRECTION('center_axis',(0.,-1.,0.));
#3525=DIRECTION('ref_axis',(-8.8817841970012E-15,0.,-1.));
#3526=DIRECTION('',(-1.,0.,3.41607084500048E-16));
#3527=DIRECTION('center_axis',(0.,-1.,0.));
#3528=DIRECTION('ref_axis',(1.,0.,-8.88178419700113E-15));
#3529=DIRECTION('',(0.,0.,-1.));
#3530=DIRECTION('center_axis',(0.,-1.,0.));
#3531=DIRECTION('ref_axis',(8.8817841970012E-15,0.,1.));
#3532=DIRECTION('',(1.,0.,1.11022302462516E-15));
#3533=DIRECTION('center_axis',(0.,-1.,0.));
#3534=DIRECTION('ref_axis',(-1.,0.,-2.22044604925031E-15));
#3535=DIRECTION('',(0.,0.,1.));
#3536=DIRECTION('',(-1.,0.,-7.40148683083438E-16));
#3537=DIRECTION('',(0.,0.,-1.));
#3538=DIRECTION('center_axis',(0.,1.,0.));
#3539=DIRECTION('ref_axis',(1.,0.,-4.44089209850059E-15));
#3540=DIRECTION('',(-1.,0.,-8.88178419700124E-16));
#3541=DIRECTION('center_axis',(0.,1.,0.));
#3542=DIRECTION('ref_axis',(4.44089209850066E-15,0.,-1.));
#3543=DIRECTION('',(0.,0.,1.));
#3544=DIRECTION('center_axis',(0.,1.,0.));
#3545=DIRECTION('ref_axis',(-1.,0.,8.88178419700117E-15));
#3546=DIRECTION('',(1.,0.,0.));
#3547=DIRECTION('center_axis',(0.,1.,0.));
#3548=DIRECTION('ref_axis',(0.,0.,1.));
#3549=DIRECTION('center_axis',(1.,0.,0.));
#3550=DIRECTION('ref_axis',(0.,0.707106781186549,0.707106781186546));
#3551=DIRECTION('center_axis',(-1.,0.,0.));
#3552=DIRECTION('ref_axis',(0.,0.707106781186549,0.707106781186546));
#3553=DIRECTION('',(1.,0.,0.));
#3554=DIRECTION('center_axis',(1.,0.,0.));
#3555=DIRECTION('ref_axis',(0.,0.707106781186549,0.707106781186546));
#3556=DIRECTION('',(-1.,0.,0.));
#3557=DIRECTION('center_axis',(0.,0.,-1.));
#3558=DIRECTION('ref_axis',(1.,0.,0.));
#3559=DIRECTION('',(0.,-1.,0.));
#3560=DIRECTION('',(-1.,0.,0.));
#3561=DIRECTION('',(0.,-1.,0.));
#3562=DIRECTION('center_axis',(0.,1.,0.));
#3563=DIRECTION('ref_axis',(0.,0.,1.));
#3564=DIRECTION('',(-1.,0.,1.77635683940025E-16));
#3565=DIRECTION('',(0.,0.,-1.));
#3566=DIRECTION('',(1.,0.,1.52964061170577E-16));
#3567=DIRECTION('',(2.22044604925031E-17,0.,1.));
#3568=DIRECTION('',(0.,0.,1.));
#3569=DIRECTION('',(1.,0.,0.));
#3570=DIRECTION('',(0.,0.,-1.));
#3571=DIRECTION('center_axis',(-1.77635683940025E-16,0.,-1.));
#3572=DIRECTION('ref_axis',(-1.,0.,1.77635683940025E-16));
#3573=DIRECTION('',(1.,0.,-1.77635683940025E-16));
#3574=DIRECTION('',(0.,1.,0.));
#3575=DIRECTION('',(0.,1.,0.));
#3576=DIRECTION('center_axis',(-1.,0.,2.22044604925031E-17));
#3577=DIRECTION('ref_axis',(2.22044604925031E-17,0.,1.));
#3578=DIRECTION('',(-2.22044604925031E-17,0.,-1.));
#3579=DIRECTION('',(0.,1.,0.));
#3580=DIRECTION('center_axis',(-1.52964061170577E-16,0.,1.));
#3581=DIRECTION('ref_axis',(1.,0.,1.52964061170577E-16));
#3582=DIRECTION('',(-1.,0.,-1.52964061170577E-16));
#3583=DIRECTION('',(0.,1.,0.));
#3584=DIRECTION('center_axis',(1.,0.,0.));
#3585=DIRECTION('ref_axis',(0.,0.,-1.));
#3586=DIRECTION('',(0.,0.,1.));
#3587=DIRECTION('center_axis',(0.,1.,0.));
#3588=DIRECTION('ref_axis',(0.,0.,1.));
#3589=DIRECTION('center_axis',(0.,1.,0.));
#3590=DIRECTION('ref_axis',(0.,0.,1.));
#3591=DIRECTION('center_axis',(0.,-1.,0.));
#3592=DIRECTION('ref_axis',(0.,0.,1.));
#3593=DIRECTION('',(0.,1.,0.));
#3594=DIRECTION('center_axis',(0.,0.,1.));
#3595=DIRECTION('ref_axis',(1.,0.,0.));
#3596=DIRECTION('',(-1.,0.,0.));
#3597=DIRECTION('',(0.,1.,0.));
#3598=DIRECTION('center_axis',(0.,1.,0.));
#3599=DIRECTION('ref_axis',(-1.,0.,8.88178419700117E-15));
#3600=DIRECTION('center_axis',(0.,-1.,0.));
#3601=DIRECTION('ref_axis',(-1.,0.,8.88178419700117E-15));
#3602=DIRECTION('',(0.,1.,0.));
#3603=DIRECTION('center_axis',(-1.,0.,0.));
#3604=DIRECTION('ref_axis',(0.,0.,1.));
#3605=DIRECTION('',(0.,0.,-1.));
#3606=DIRECTION('',(0.,1.,0.));
#3607=DIRECTION('center_axis',(0.,1.,0.));
#3608=DIRECTION('ref_axis',(4.44089209850066E-15,0.,-1.));
#3609=DIRECTION('center_axis',(0.,-1.,0.));
#3610=DIRECTION('ref_axis',(4.44089209850066E-15,0.,-1.));
#3611=DIRECTION('',(0.,1.,0.));
#3612=DIRECTION('center_axis',(8.88178419700124E-16,0.,-1.));
#3613=DIRECTION('ref_axis',(-1.,0.,-8.88178419700124E-16));
#3614=DIRECTION('',(1.,0.,8.88178419700124E-16));
#3615=DIRECTION('',(0.,1.,0.));
#3616=DIRECTION('center_axis',(0.,1.,0.));
#3617=DIRECTION('ref_axis',(1.,0.,-4.44089209850059E-15));
#3618=DIRECTION('center_axis',(0.,-1.,0.));
#3619=DIRECTION('ref_axis',(1.,0.,-4.44089209850059E-15));
#3620=DIRECTION('',(0.,1.,0.));
#3621=DIRECTION('center_axis',(1.,0.,0.));
#3622=DIRECTION('ref_axis',(0.,0.,-1.));
#3623=DIRECTION('',(0.,-1.,0.));
#3624=DIRECTION('center_axis',(7.40148683083438E-16,0.,-1.));
#3625=DIRECTION('ref_axis',(-1.,0.,-7.40148683083438E-16));
#3626=DIRECTION('',(0.,-1.,0.));
#3627=DIRECTION('center_axis',(-1.,0.,0.));
#3628=DIRECTION('ref_axis',(0.,0.,1.));
#3629=DIRECTION('',(0.,1.,0.));
#3630=DIRECTION('',(0.,0.,-1.));
#3631=DIRECTION('center_axis',(0.,1.,0.));
#3632=DIRECTION('ref_axis',(-1.,0.,-2.22044604925031E-15));
#3633=DIRECTION('center_axis',(0.,1.,0.));
#3634=DIRECTION('ref_axis',(-1.,0.,-2.22044604925031E-15));
#3635=DIRECTION('',(0.,1.,0.));
#3636=DIRECTION('center_axis',(-1.11022302462516E-15,0.,1.));
#3637=DIRECTION('ref_axis',(1.,0.,1.11022302462516E-15));
#3638=DIRECTION('',(-1.,0.,-1.11022302462516E-15));
#3639=DIRECTION('',(0.,1.,0.));
#3640=DIRECTION('center_axis',(0.,1.,0.));
#3641=DIRECTION('ref_axis',(8.8817841970012E-15,0.,1.));
#3642=DIRECTION('center_axis',(0.,1.,0.));
#3643=DIRECTION('ref_axis',(8.8817841970012E-15,0.,1.));
#3644=DIRECTION('',(0.,1.,0.));
#3645=DIRECTION('center_axis',(1.,0.,0.));
#3646=DIRECTION('ref_axis',(0.,0.,-1.));
#3647=DIRECTION('',(0.,0.,1.));
#3648=DIRECTION('',(0.,1.,0.));
#3649=DIRECTION('center_axis',(0.,1.,0.));
#3650=DIRECTION('ref_axis',(1.,0.,-8.88178419700113E-15));
#3651=DIRECTION('center_axis',(0.,1.,0.));
#3652=DIRECTION('ref_axis',(1.,0.,-8.88178419700113E-15));
#3653=DIRECTION('',(0.,1.,0.));
#3654=DIRECTION('center_axis',(-3.41607084500048E-16,0.,-1.));
#3655=DIRECTION('ref_axis',(-1.,0.,3.41607084500048E-16));
#3656=DIRECTION('',(1.,0.,-3.41607084500048E-16));
#3657=DIRECTION('',(0.,1.,0.));
#3658=DIRECTION('center_axis',(0.,1.,0.));
#3659=DIRECTION('ref_axis',(-8.8817841970012E-15,0.,-1.));
#3660=DIRECTION('center_axis',(0.,1.,0.));
#3661=DIRECTION('ref_axis',(-8.8817841970012E-15,0.,-1.));
#3662=DIRECTION('',(0.,1.,0.));
#3663=DIRECTION('center_axis',(-1.,0.,0.));
#3664=DIRECTION('ref_axis',(0.,0.,1.));
#3665=DIRECTION('',(0.,0.,-1.));
#3666=DIRECTION('',(-3.44789759200359E-16,0.,1.));
#3667=DIRECTION('center_axis',(0.,1.,0.));
#3668=DIRECTION('ref_axis',(0.,0.,1.));
#3669=DIRECTION('center_axis',(-1.,0.,-4.44089209850062E-15));
#3670=DIRECTION('ref_axis',(6.28036983473508E-15,-0.707106781186546,-0.707106781186549));
#3671=DIRECTION('center_axis',(-1.,0.,0.));
#3672=DIRECTION('ref_axis',(6.28036983473508E-15,-0.707106781186546,-0.707106781186549));
#3673=DIRECTION('',(-1.,0.,-4.44089209850062E-15));
#3674=DIRECTION('center_axis',(1.,0.,-1.5419764230905E-15));
#3675=DIRECTION('ref_axis',(6.28036983473508E-15,-0.707106781186546,-0.707106781186549));
#3676=DIRECTION('',(1.,0.,4.44089209850062E-15));
#3677=DIRECTION('center_axis',(1.,0.,-1.5419764230905E-15));
#3678=DIRECTION('ref_axis',(-1.5419764230905E-15,0.,-1.));
#3679=DIRECTION('',(0.,1.,0.));
#3680=DIRECTION('',(0.,0.,-1.));
#3681=DIRECTION('',(0.,1.,0.));
#3682=DIRECTION('center_axis',(-1.,0.,1.5419764230905E-15));
#3683=DIRECTION('ref_axis',(0.,-0.707106781186546,-0.707106781186549));
#3684=DIRECTION('',(-1.5419764230905E-15,0.,-1.));
#3685=DIRECTION('',(0.,1.,0.));
#3686=DIRECTION('',(1.5419764230905E-15,0.,1.));
#3687=DIRECTION('center_axis',(-4.44089209850062E-15,0.,1.));
#3688=DIRECTION('ref_axis',(1.,0.,4.44089209850062E-15));
#3689=DIRECTION('',(0.,1.,0.));
#3690=DIRECTION('',(1.,0.,0.));
#3691=DIRECTION('center_axis',(-1.,0.,0.));
#3692=DIRECTION('ref_axis',(0.,-0.707106781186546,-0.707106781186549));
#3693=DIRECTION('',(1.,0.,0.));
#3694=DIRECTION('center_axis',(1.,0.,0.));
#3695=DIRECTION('ref_axis',(0.,-0.707106781186546,-0.707106781186549));
#3696=DIRECTION('',(-1.,0.,0.));
#3697=DIRECTION('center_axis',(0.,0.,-1.));
#3698=DIRECTION('ref_axis',(-1.,0.,0.));
#3699=DIRECTION('',(-1.,0.,0.));
#3700=DIRECTION('',(0.,1.,0.));
#3701=DIRECTION('center_axis',(0.,1.,0.));
#3702=DIRECTION('ref_axis',(0.,0.,1.));
#3703=DIRECTION('',(-3.44789759200359E-16,0.,1.));
#3704=DIRECTION('center_axis',(0.,1.,0.));
#3705=DIRECTION('ref_axis',(0.,0.,1.));
#3706=DIRECTION('',(0.,0.,1.));
#3707=DIRECTION('center_axis',(0.,-1.,0.));
#3708=DIRECTION('ref_axis',(-8.8817841970012E-15,0.,-1.));
#3709=DIRECTION('',(-1.,0.,3.41607084500048E-16));
#3710=DIRECTION('center_axis',(0.,-1.,0.));
#3711=DIRECTION('ref_axis',(1.,0.,-8.88178419700113E-15));
#3712=DIRECTION('',(0.,0.,-1.));
#3713=DIRECTION('center_axis',(0.,-1.,0.));
#3714=DIRECTION('ref_axis',(8.8817841970012E-15,0.,1.));
#3715=DIRECTION('',(1.,0.,1.11022302462516E-15));
#3716=DIRECTION('center_axis',(0.,-1.,0.));
#3717=DIRECTION('ref_axis',(-1.,0.,-2.22044604925031E-15));
#3718=DIRECTION('',(0.,0.,1.));
#3719=DIRECTION('',(-1.,0.,-7.40148683083438E-16));
#3720=DIRECTION('',(0.,0.,-1.));
#3721=DIRECTION('center_axis',(0.,1.,0.));
#3722=DIRECTION('ref_axis',(1.,0.,-4.44089209850059E-15));
#3723=DIRECTION('',(-1.,0.,-8.88178419700124E-16));
#3724=DIRECTION('center_axis',(0.,1.,0.));
#3725=DIRECTION('ref_axis',(4.44089209850066E-15,0.,-1.));
#3726=DIRECTION('',(0.,0.,1.));
#3727=DIRECTION('center_axis',(0.,1.,0.));
#3728=DIRECTION('ref_axis',(-1.,0.,8.88178419700117E-15));
#3729=DIRECTION('',(1.,0.,0.));
#3730=DIRECTION('center_axis',(0.,1.,0.));
#3731=DIRECTION('ref_axis',(0.,0.,1.));
#3732=DIRECTION('center_axis',(1.,0.,0.));
#3733=DIRECTION('ref_axis',(0.,0.707106781186549,0.707106781186546));
#3734=DIRECTION('center_axis',(-1.,0.,0.));
#3735=DIRECTION('ref_axis',(0.,0.707106781186549,0.707106781186546));
#3736=DIRECTION('',(1.,0.,0.));
#3737=DIRECTION('center_axis',(1.,0.,0.));
#3738=DIRECTION('ref_axis',(0.,0.707106781186549,0.707106781186546));
#3739=DIRECTION('',(-1.,0.,0.));
#3740=DIRECTION('center_axis',(0.,0.,-1.));
#3741=DIRECTION('ref_axis',(1.,0.,0.));
#3742=DIRECTION('',(0.,-1.,0.));
#3743=DIRECTION('',(-1.,0.,0.));
#3744=DIRECTION('',(0.,-1.,0.));
#3745=DIRECTION('center_axis',(0.,1.,0.));
#3746=DIRECTION('ref_axis',(0.,0.,1.));
#3747=DIRECTION('',(-1.,0.,1.77635683940025E-16));
#3748=DIRECTION('',(0.,0.,-1.));
#3749=DIRECTION('',(1.,0.,1.52964061170577E-16));
#3750=DIRECTION('',(2.22044604925031E-17,0.,1.));
#3751=DIRECTION('',(0.,0.,1.));
#3752=DIRECTION('',(1.,0.,0.));
#3753=DIRECTION('',(0.,0.,-1.));
#3754=DIRECTION('center_axis',(-1.77635683940025E-16,0.,-1.));
#3755=DIRECTION('ref_axis',(-1.,0.,1.77635683940025E-16));
#3756=DIRECTION('',(1.,0.,-1.77635683940025E-16));
#3757=DIRECTION('',(0.,1.,0.));
#3758=DIRECTION('',(0.,1.,0.));
#3759=DIRECTION('center_axis',(-1.,0.,2.22044604925031E-17));
#3760=DIRECTION('ref_axis',(2.22044604925031E-17,0.,1.));
#3761=DIRECTION('',(-2.22044604925031E-17,0.,-1.));
#3762=DIRECTION('',(0.,1.,0.));
#3763=DIRECTION('center_axis',(-1.52964061170577E-16,0.,1.));
#3764=DIRECTION('ref_axis',(1.,0.,1.52964061170577E-16));
#3765=DIRECTION('',(-1.,0.,-1.52964061170577E-16));
#3766=DIRECTION('',(0.,1.,0.));
#3767=DIRECTION('center_axis',(1.,0.,0.));
#3768=DIRECTION('ref_axis',(0.,0.,-1.));
#3769=DIRECTION('',(0.,0.,1.));
#3770=DIRECTION('center_axis',(0.,1.,0.));
#3771=DIRECTION('ref_axis',(0.,0.,1.));
#3772=DIRECTION('center_axis',(0.,1.,0.));
#3773=DIRECTION('ref_axis',(0.,0.,1.));
#3774=DIRECTION('center_axis',(0.,-1.,0.));
#3775=DIRECTION('ref_axis',(0.,0.,1.));
#3776=DIRECTION('',(0.,1.,0.));
#3777=DIRECTION('center_axis',(0.,0.,1.));
#3778=DIRECTION('ref_axis',(1.,0.,0.));
#3779=DIRECTION('',(-1.,0.,0.));
#3780=DIRECTION('',(0.,1.,0.));
#3781=DIRECTION('center_axis',(0.,1.,0.));
#3782=DIRECTION('ref_axis',(-1.,0.,8.88178419700117E-15));
#3783=DIRECTION('center_axis',(0.,-1.,0.));
#3784=DIRECTION('ref_axis',(-1.,0.,8.88178419700117E-15));
#3785=DIRECTION('',(0.,1.,0.));
#3786=DIRECTION('center_axis',(-1.,0.,0.));
#3787=DIRECTION('ref_axis',(0.,0.,1.));
#3788=DIRECTION('',(0.,0.,-1.));
#3789=DIRECTION('',(0.,1.,0.));
#3790=DIRECTION('center_axis',(0.,1.,0.));
#3791=DIRECTION('ref_axis',(4.44089209850066E-15,0.,-1.));
#3792=DIRECTION('center_axis',(0.,-1.,0.));
#3793=DIRECTION('ref_axis',(4.44089209850066E-15,0.,-1.));
#3794=DIRECTION('',(0.,1.,0.));
#3795=DIRECTION('center_axis',(8.88178419700124E-16,0.,-1.));
#3796=DIRECTION('ref_axis',(-1.,0.,-8.88178419700124E-16));
#3797=DIRECTION('',(1.,0.,8.88178419700124E-16));
#3798=DIRECTION('',(0.,1.,0.));
#3799=DIRECTION('center_axis',(0.,1.,0.));
#3800=DIRECTION('ref_axis',(1.,0.,-4.44089209850059E-15));
#3801=DIRECTION('center_axis',(0.,-1.,0.));
#3802=DIRECTION('ref_axis',(1.,0.,-4.44089209850059E-15));
#3803=DIRECTION('',(0.,1.,0.));
#3804=DIRECTION('center_axis',(1.,0.,0.));
#3805=DIRECTION('ref_axis',(0.,0.,-1.));
#3806=DIRECTION('',(0.,-1.,0.));
#3807=DIRECTION('center_axis',(7.40148683083438E-16,0.,-1.));
#3808=DIRECTION('ref_axis',(-1.,0.,-7.40148683083438E-16));
#3809=DIRECTION('',(0.,-1.,0.));
#3810=DIRECTION('center_axis',(-1.,0.,0.));
#3811=DIRECTION('ref_axis',(0.,0.,1.));
#3812=DIRECTION('',(0.,1.,0.));
#3813=DIRECTION('',(0.,0.,-1.));
#3814=DIRECTION('center_axis',(0.,1.,0.));
#3815=DIRECTION('ref_axis',(-1.,0.,-2.22044604925031E-15));
#3816=DIRECTION('center_axis',(0.,1.,0.));
#3817=DIRECTION('ref_axis',(-1.,0.,-2.22044604925031E-15));
#3818=DIRECTION('',(0.,1.,0.));
#3819=DIRECTION('center_axis',(-1.11022302462516E-15,0.,1.));
#3820=DIRECTION('ref_axis',(1.,0.,1.11022302462516E-15));
#3821=DIRECTION('',(-1.,0.,-1.11022302462516E-15));
#3822=DIRECTION('',(0.,1.,0.));
#3823=DIRECTION('center_axis',(0.,1.,0.));
#3824=DIRECTION('ref_axis',(8.8817841970012E-15,0.,1.));
#3825=DIRECTION('center_axis',(0.,1.,0.));
#3826=DIRECTION('ref_axis',(8.8817841970012E-15,0.,1.));
#3827=DIRECTION('',(0.,1.,0.));
#3828=DIRECTION('center_axis',(1.,0.,0.));
#3829=DIRECTION('ref_axis',(0.,0.,-1.));
#3830=DIRECTION('',(0.,0.,1.));
#3831=DIRECTION('',(0.,1.,0.));
#3832=DIRECTION('center_axis',(0.,1.,0.));
#3833=DIRECTION('ref_axis',(1.,0.,-8.88178419700113E-15));
#3834=DIRECTION('center_axis',(0.,1.,0.));
#3835=DIRECTION('ref_axis',(1.,0.,-8.88178419700113E-15));
#3836=DIRECTION('',(0.,1.,0.));
#3837=DIRECTION('center_axis',(-3.41607084500048E-16,0.,-1.));
#3838=DIRECTION('ref_axis',(-1.,0.,3.41607084500048E-16));
#3839=DIRECTION('',(1.,0.,-3.41607084500048E-16));
#3840=DIRECTION('',(0.,1.,0.));
#3841=DIRECTION('center_axis',(0.,1.,0.));
#3842=DIRECTION('ref_axis',(-8.8817841970012E-15,0.,-1.));
#3843=DIRECTION('center_axis',(0.,1.,0.));
#3844=DIRECTION('ref_axis',(-8.8817841970012E-15,0.,-1.));
#3845=DIRECTION('',(0.,1.,0.));
#3846=DIRECTION('center_axis',(-1.,0.,0.));
#3847=DIRECTION('ref_axis',(0.,0.,1.));
#3848=DIRECTION('',(0.,0.,-1.));
#3849=DIRECTION('center_axis',(0.,1.,0.));
#3850=DIRECTION('ref_axis',(0.,0.,1.));
#3851=DIRECTION('',(0.,0.,1.));
#3852=DIRECTION('',(1.,0.,0.));
#3853=DIRECTION('',(0.,0.,1.));
#3854=DIRECTION('',(1.,0.,0.));
#3855=CARTESIAN_POINT('',(0.,0.,0.));
#3856=CARTESIAN_POINT('',(0.,0.,0.));
#3857=CARTESIAN_POINT('',(0.,0.,0.));
#3858=CARTESIAN_POINT('Origin',(3.30708661417323,1.74838271594513E-16,-1.10236220472441));
#3859=CARTESIAN_POINT('',(3.30708661417323,0.826771653543307,-1.10236220472441));
#3860=CARTESIAN_POINT('',(3.30708661417323,-7.8740157480315,-1.10236220472441));
#3861=CARTESIAN_POINT('',(3.30708661417323,0.826771653543307,-1.10236220472441));
#3862=CARTESIAN_POINT('',(-3.07086614173228,-7.8740157480315,-1.10236220472441));
#3863=CARTESIAN_POINT('',(3.30708661417323,-7.8740157480315,-1.10236220472441));
#3864=CARTESIAN_POINT('',(-3.07086614173228,0.826771653543307,-1.10236220472441));
#3865=CARTESIAN_POINT('',(-3.07086614173228,1.74838271594513E-16,-1.10236220472441));
#3866=CARTESIAN_POINT('',(-3.07086614173228,0.826771653543307,-1.10236220472441));
#3867=CARTESIAN_POINT('Origin',(3.30708661417323,1.74838271594513E-16,5.2755905511811));
#3868=CARTESIAN_POINT('',(3.30708661417323,0.826771653543307,5.2755905511811));
#3869=CARTESIAN_POINT('',(3.30708661417323,-7.8740157480315,5.2755905511811));
#3870=CARTESIAN_POINT('',(3.30708661417323,0.826771653543307,5.2755905511811));
#3871=CARTESIAN_POINT('',(3.30708661417323,-7.8740157480315,5.2755905511811));
#3872=CARTESIAN_POINT('',(3.30708661417323,0.826771653543307,-1.10236220472441));
#3873=CARTESIAN_POINT('Origin',(-3.07086614173228,1.74838271594513E-16,
5.2755905511811));
#3874=CARTESIAN_POINT('',(-3.07086614173228,0.826771653543307,5.2755905511811));
#3875=CARTESIAN_POINT('',(-3.07086614173228,-7.8740157480315,5.2755905511811));
#3876=CARTESIAN_POINT('',(-3.07086614173228,0.826771653543307,5.2755905511811));
#3877=CARTESIAN_POINT('',(-3.07086614173228,-7.8740157480315,5.2755905511811));
#3878=CARTESIAN_POINT('',(3.30708661417322,0.826771653543307,5.2755905511811));
#3879=CARTESIAN_POINT('Origin',(-3.07086614173228,1.74838271594513E-16,
-1.10236220472441));
#3880=CARTESIAN_POINT('',(-3.07086614173228,-7.8740157480315,-1.10236220472441));
#3881=CARTESIAN_POINT('',(-3.07086614173228,0.826771653543307,5.2755905511811));
#3882=CARTESIAN_POINT('Origin',(0.118110236220472,-7.8740157480315,2.08661417322835));
#3883=CARTESIAN_POINT('Origin',(1.16141732283465,0.590551181102362,3.15479049676293));
#3884=CARTESIAN_POINT('',(1.33858267716535,0.590551181102362,3.11542041802278));
#3885=CARTESIAN_POINT('',(1.33858267716535,0.551181102362205,3.15479049676293));
#3886=CARTESIAN_POINT('Origin',(1.33858267716535,0.590551181102362,3.15479049676293));
#3887=CARTESIAN_POINT('',(1.10236220472441,0.590551181102362,3.11542041802278));
#3888=CARTESIAN_POINT('',(1.16141732283465,0.590551181102362,3.11542041802278));
#3889=CARTESIAN_POINT('',(1.10236220472441,0.551181102362205,3.15479049676293));
#3890=CARTESIAN_POINT('Origin',(1.10236220472441,0.590551181102362,3.15479049676293));
#3891=CARTESIAN_POINT('',(1.16141732283465,0.551181102362205,3.15479049676293));
#3892=CARTESIAN_POINT('Origin',(1.10236220472441,0.551181102362205,3.38628655975506));
#3893=CARTESIAN_POINT('',(1.10236220472441,0.826771653543307,3.11542041802278));
#3894=CARTESIAN_POINT('',(1.10236220472441,0.551181102362205,3.11542041802278));
#3895=CARTESIAN_POINT('',(1.10236220472441,0.826771653543307,3.27290073298341));
#3896=CARTESIAN_POINT('',(1.10236220472441,0.826771653543307,3.27290073298341));
#3897=CARTESIAN_POINT('',(1.10236220472441,0.748031496062992,3.27290073298341));
#3898=CARTESIAN_POINT('',(1.10236220472441,0.708661417322835,3.27290073298341));
#3899=CARTESIAN_POINT('',(1.10236220472441,0.708661417322835,3.31227081172356));
#3900=CARTESIAN_POINT('Origin',(1.10236220472441,0.748031496062992,3.31227081172356));
#3901=CARTESIAN_POINT('',(1.10236220472441,0.708661417322835,3.38628655975506));
#3902=CARTESIAN_POINT('',(1.10236220472441,0.708661417322835,3.38628655975506));
#3903=CARTESIAN_POINT('',(1.10236220472441,0.551181102362205,3.38628655975506));
#3904=CARTESIAN_POINT('',(1.10236220472441,0.551181102362205,3.38628655975506));
#3905=CARTESIAN_POINT('',(1.10236220472441,0.551181102362205,3.28763146885391));
#3906=CARTESIAN_POINT('Origin',(1.10236220472441,0.551181102362205,3.11542041802278));
#3907=CARTESIAN_POINT('',(1.33858267716535,0.826771653543307,3.11542041802278));
#3908=CARTESIAN_POINT('',(1.33858267716535,0.551181102362205,3.11542041802278));
#3909=CARTESIAN_POINT('',(1.10236220472441,0.826771653543307,3.11542041802278));
#3910=CARTESIAN_POINT('Origin',(1.27952755905512,0.748031496062992,3.31227081172356));
#3911=CARTESIAN_POINT('',(1.33858267716535,0.748031496062992,3.27290073298341));
#3912=CARTESIAN_POINT('',(1.27952755905512,0.748031496062992,3.27290073298341));
#3913=CARTESIAN_POINT('',(1.33858267716535,0.708661417322835,3.31227081172356));
#3914=CARTESIAN_POINT('Origin',(1.33858267716535,0.748031496062992,3.31227081172356));
#3915=CARTESIAN_POINT('',(1.27952755905512,0.708661417322835,3.31227081172356));
#3916=CARTESIAN_POINT('Origin',(1.33858267716535,0.708661417322835,3.27290073298341));
#3917=CARTESIAN_POINT('',(1.33858267716535,0.826771653543307,3.27290073298341));
#3918=CARTESIAN_POINT('',(1.33858267716535,0.826771653543307,3.27290073298341));
#3919=CARTESIAN_POINT('',(1.33858267716535,0.708661417322835,3.27290073298341));
#3920=CARTESIAN_POINT('Origin',(1.22047244094488,0.708661417322835,3.18897637795276));
#3921=CARTESIAN_POINT('',(1.33858267716535,0.708661417322835,3.622507032196));
#3922=CARTESIAN_POINT('',(1.33858267716535,0.708661417322835,3.11542041802278));
#3923=CARTESIAN_POINT('',(1.2992125984252,0.708661417322835,3.66187711093616));
#3924=CARTESIAN_POINT('Origin',(1.2992125984252,0.708661417322835,3.622507032196));
#3925=CARTESIAN_POINT('',(0.78740157480315,0.708661417322835,3.66187711093616));
#3926=CARTESIAN_POINT('',(1.2992125984252,0.708661417322835,3.66187711093616));
#3927=CARTESIAN_POINT('',(0.748031496062993,0.708661417322835,3.622507032196));
#3928=CARTESIAN_POINT('Origin',(0.787401574803151,0.708661417322835,3.622507032196));
#3929=CARTESIAN_POINT('',(0.748031496062993,0.708661417322835,2.86581411881018));
#3930=CARTESIAN_POINT('',(0.748031496062993,0.708661417322835,3.622507032196));
#3931=CARTESIAN_POINT('',(0.78740157480315,0.708661417322835,2.82644404007002));
#3932=CARTESIAN_POINT('Origin',(0.78740157480315,0.708661417322835,2.86581411881018));
#3933=CARTESIAN_POINT('',(1.65354330708661,0.708661417322835,2.82644404007002));
#3934=CARTESIAN_POINT('',(0.78740157480315,0.708661417322835,2.82644404007002));
#3935=CARTESIAN_POINT('',(1.69291338582677,0.708661417322835,2.86581411881018));
#3936=CARTESIAN_POINT('Origin',(1.65354330708661,0.708661417322835,2.86581411881018));
#3937=CARTESIAN_POINT('',(1.69291338582677,0.708661417322835,3.27290073298341));
#3938=CARTESIAN_POINT('',(1.69291338582677,0.708661417322835,2.86581411881018));
#3939=CARTESIAN_POINT('',(1.45669291338583,0.708661417322835,3.27290073298341));
#3940=CARTESIAN_POINT('',(1.69291338582677,0.708661417322835,3.27290073298341));
#3941=CARTESIAN_POINT('',(1.45669291338583,0.708661417322835,3.10203459125112));
#3942=CARTESIAN_POINT('',(1.45669291338583,0.708661417322835,3.27290073298341));
#3943=CARTESIAN_POINT('',(1.41732283464567,0.708661417322835,3.06266451251096));
#3944=CARTESIAN_POINT('Origin',(1.41732283464567,0.708661417322835,3.10203459125112));
#3945=CARTESIAN_POINT('',(1.02362204724409,0.708661417322835,3.06266451251096));
#3946=CARTESIAN_POINT('',(1.41732283464567,0.708661417322835,3.06266451251096));
#3947=CARTESIAN_POINT('',(0.984251968503937,0.708661417322835,3.10203459125112));
#3948=CARTESIAN_POINT('Origin',(1.02362204724409,0.708661417322835,3.10203459125112));
#3949=CARTESIAN_POINT('',(0.984251968503937,0.708661417322835,3.38628655975506));
#3950=CARTESIAN_POINT('',(0.984251968503937,0.708661417322835,3.10203459125112));
#3951=CARTESIAN_POINT('',(1.02362204724409,0.708661417322835,3.42565663849522));
#3952=CARTESIAN_POINT('Origin',(1.0236220472441,0.708661417322835,3.38628655975506));
#3953=CARTESIAN_POINT('',(1.06299212598425,0.708661417322835,3.42565663849522));
#3954=CARTESIAN_POINT('',(1.02362204724409,0.708661417322835,3.42565663849522));
#3955=CARTESIAN_POINT('Origin',(1.06299212598425,0.708661417322835,3.38628655975506));
#3956=CARTESIAN_POINT('Origin',(1.33858267716535,0.511811023622047,3.07605033928262));
#3957=CARTESIAN_POINT('',(1.45669291338583,0.541388409403138,3.10203459125112));
#3958=CARTESIAN_POINT('',(1.45669291338583,0.511811023622047,3.11542041802278));
#3959=CARTESIAN_POINT('Origin',(1.45669291338583,0.511811023622047,3.07605033928262));
#3960=CARTESIAN_POINT('',(1.69291338582677,0.511811023622047,3.11542041802278));
#3961=CARTESIAN_POINT('',(1.33858267716535,0.511811023622047,3.11542041802278));
#3962=CARTESIAN_POINT('',(1.69291338582677,0.551181102362205,3.07605033928262));
#3963=CARTESIAN_POINT('Origin',(1.69291338582677,0.511811023622047,3.07605033928262));
#3964=CARTESIAN_POINT('',(1.44690022042676,0.551181102362205,3.07605033928262));
#3965=CARTESIAN_POINT('',(1.33858267716535,0.551181102362205,3.07605033928262));
#3966=CARTESIAN_POINT('Ctrl Pts',(1.45669291338583,0.54138840940314,3.10203459125112));
#3967=CARTESIAN_POINT('Ctrl Pts',(1.45669291338583,0.542337627138706,3.10095411453818));
#3968=CARTESIAN_POINT('Ctrl Pts',(1.45664828174287,0.543222012297147,3.09982773933672));
#3969=CARTESIAN_POINT('Ctrl Pts',(1.45633464832606,0.545785662810611,3.09617482698679));
#3970=CARTESIAN_POINT('Ctrl Pts',(1.45582933360271,0.547351975453303,3.09327705732242));
#3971=CARTESIAN_POINT('Ctrl Pts',(1.45400431715517,0.549638320305386,3.08740880114299));
#3972=CARTESIAN_POINT('Ctrl Pts',(1.45267459067457,0.550365523889148,3.08444423432895));
#3973=CARTESIAN_POINT('Ctrl Pts',(1.44990539726789,0.551055421287439,3.07980825547661));
#3974=CARTESIAN_POINT('Ctrl Pts',(1.44849080918331,0.551181102362205,3.07786087657762));
#3975=CARTESIAN_POINT('Ctrl Pts',(1.44690022042676,0.551181102362205,3.07605033928262));
#3976=CARTESIAN_POINT('Origin',(1.45669291338583,0.551181102362205,3.11542041802278));
#3977=CARTESIAN_POINT('',(1.45669291338583,0.433070866141732,3.11542041802278));
#3978=CARTESIAN_POINT('',(1.45669291338583,0.551181102362205,3.11542041802278));
#3979=CARTESIAN_POINT('',(1.69291338582677,0.433070866141732,3.11542041802278));
#3980=CARTESIAN_POINT('',(1.33858267716535,0.433070866141732,3.11542041802278));
#3981=CARTESIAN_POINT('',(1.69291338582677,0.551181102362205,3.11542041802278));
#3982=CARTESIAN_POINT('Origin',(1.22047244094488,0.433070866141732,3.18897637795275));
#3983=CARTESIAN_POINT('',(2.20472440944882,0.433070866141732,4.17322834645669));
#3984=CARTESIAN_POINT('',(0.236220472440946,0.433070866141732,4.17322834645669));
#3985=CARTESIAN_POINT('',(2.20472440944882,0.433070866141732,4.17322834645669));
#3986=CARTESIAN_POINT('',(0.236220472440946,0.433070866141732,2.20472440944882));
#3987=CARTESIAN_POINT('',(0.236220472440946,0.433070866141732,4.17322834645669));
#3988=CARTESIAN_POINT('',(2.20472440944882,0.433070866141732,2.20472440944882));
#3989=CARTESIAN_POINT('',(0.236220472440946,0.433070866141732,2.20472440944882));
#3990=CARTESIAN_POINT('',(2.20472440944882,0.433070866141732,2.20472440944882));
#3991=CARTESIAN_POINT('',(1.45669291338583,0.433070866141732,3.27290073298341));
#3992=CARTESIAN_POINT('',(1.45669291338583,0.433070866141732,3.23093855546808));
#3993=CARTESIAN_POINT('',(1.69291338582677,0.433070866141732,3.27290073298341));
#3994=CARTESIAN_POINT('',(1.45669291338583,0.433070866141732,3.27290073298341));
#3995=CARTESIAN_POINT('',(1.69291338582677,0.433070866141732,3.15219839798777));
#3996=CARTESIAN_POINT('Origin',(2.20472440944882,0.118110236220472,4.17322834645669));
#3997=CARTESIAN_POINT('',(0.236220472440946,0.118110236220472,4.17322834645669));
#3998=CARTESIAN_POINT('',(2.20472440944882,0.118110236220472,4.17322834645669));
#3999=CARTESIAN_POINT('',(1.71259842519685,0.118110236220472,4.17322834645669));
#4000=CARTESIAN_POINT('',(0.236220472440946,0.118110236220472,4.17322834645669));
#4001=CARTESIAN_POINT('',(2.20472440944882,0.118110236220472,4.17322834645669));
#4002=CARTESIAN_POINT('Origin',(2.20472440944882,0.118110236220472,2.20472440944882));
#4003=CARTESIAN_POINT('',(2.20472440944882,0.118110236220472,2.20472440944882));
#4004=CARTESIAN_POINT('',(2.20472440944882,0.118110236220472,2.69685039370079));
#4005=CARTESIAN_POINT('',(2.20472440944882,0.118110236220472,2.20472440944882));
#4006=CARTESIAN_POINT('Origin',(0.236220472440946,0.118110236220472,2.20472440944882));
#4007=CARTESIAN_POINT('',(0.236220472440946,0.118110236220472,2.20472440944882));
#4008=CARTESIAN_POINT('',(0.728346456692914,0.118110236220472,2.20472440944882));
#4009=CARTESIAN_POINT('',(0.236220472440946,0.118110236220472,2.20472440944882));
#4010=CARTESIAN_POINT('Origin',(0.236220472440946,0.118110236220472,4.17322834645669));
#4011=CARTESIAN_POINT('',(0.236220472440946,0.118110236220472,3.68110236220472));
#4012=CARTESIAN_POINT('Origin',(1.22047244094488,0.118110236220472,3.18897637795276));
#4013=CARTESIAN_POINT('Origin',(1.06299212598425,0.551181102362205,3.38628655975506));
#4014=CARTESIAN_POINT('',(1.06299212598425,0.551181102362205,3.42565663849522));
#4015=CARTESIAN_POINT('Origin',(1.06299212598425,0.551181102362205,3.38628655975506));
#4016=CARTESIAN_POINT('',(1.06299212598425,0.551181102362205,3.42565663849522));
#4017=CARTESIAN_POINT('Origin',(1.02362204724409,0.551181102362205,3.42565663849522));
#4018=CARTESIAN_POINT('',(1.02362204724409,0.551181102362205,3.42565663849522));
#4019=CARTESIAN_POINT('',(1.12204724409449,0.551181102362205,3.42565663849522));
#4020=CARTESIAN_POINT('',(1.02362204724409,0.551181102362205,3.42565663849522));
#4021=CARTESIAN_POINT('Origin',(1.0236220472441,0.551181102362205,3.38628655975506));
#4022=CARTESIAN_POINT('',(0.984251968503937,0.551181102362205,3.38628655975506));
#4023=CARTESIAN_POINT('Origin',(1.0236220472441,0.551181102362205,3.38628655975506));
#4024=CARTESIAN_POINT('',(0.984251968503937,0.551181102362205,3.38628655975506));
#4025=CARTESIAN_POINT('Origin',(0.984251968503937,0.551181102362205,3.10203459125112));
#4026=CARTESIAN_POINT('',(0.984251968503937,0.551181102362205,3.10203459125112));
#4027=CARTESIAN_POINT('',(0.984251968503937,0.551181102362205,3.14550548460194));
#4028=CARTESIAN_POINT('',(0.984251968503937,0.551181102362205,3.10203459125112));
#4029=CARTESIAN_POINT('Origin',(1.02362204724409,0.551181102362205,3.10203459125112));
#4030=CARTESIAN_POINT('',(1.02362204724409,0.551181102362205,3.06266451251096));
#4031=CARTESIAN_POINT('Origin',(1.02362204724409,0.551181102362205,3.10203459125112));
#4032=CARTESIAN_POINT('',(1.02362204724409,0.551181102362205,3.06266451251096));
#4033=CARTESIAN_POINT('Origin',(1.41732283464567,0.551181102362205,3.06266451251096));
#4034=CARTESIAN_POINT('',(1.41732283464567,0.551181102362205,3.06266451251096));
#4035=CARTESIAN_POINT('',(1.31889763779528,0.551181102362205,3.06266451251096));
#4036=CARTESIAN_POINT('',(1.41732283464567,0.551181102362205,3.06266451251096));
#4037=CARTESIAN_POINT('Origin',(1.41732283464567,0.551181102362205,3.10203459125112));
#4038=CARTESIAN_POINT('Origin',(1.41732283464567,0.551181102362205,3.10203459125112));
#4039=CARTESIAN_POINT('',(1.45669291338583,0.551181102362205,3.10203459125112));
#4040=CARTESIAN_POINT('Origin',(1.45669291338583,0.551181102362205,3.27290073298341));
#4041=CARTESIAN_POINT('',(1.45669291338583,0.551181102362205,3.27290073298341));
#4042=CARTESIAN_POINT('Origin',(1.69291338582677,0.551181102362205,3.27290073298341));
#4043=CARTESIAN_POINT('',(1.69291338582677,0.551181102362205,3.27290073298341));
#4044=CARTESIAN_POINT('Origin',(1.69291338582677,0.551181102362205,2.86581411881018));
#4045=CARTESIAN_POINT('',(1.69291338582677,0.551181102362205,2.86581411881018));
#4046=CARTESIAN_POINT('',(1.69291338582677,0.551181102362205,2.86581411881018));
#4047=CARTESIAN_POINT('',(1.69291338582677,0.551181102362205,3.02739524838147));
#4048=CARTESIAN_POINT('Origin',(1.65354330708661,0.551181102362205,2.86581411881018));
#4049=CARTESIAN_POINT('',(1.65354330708661,0.551181102362205,2.82644404007002));
#4050=CARTESIAN_POINT('Origin',(1.65354330708661,0.551181102362205,2.86581411881018));
#4051=CARTESIAN_POINT('',(1.65354330708661,0.551181102362205,2.82644404007002));
#4052=CARTESIAN_POINT('Origin',(0.78740157480315,0.551181102362205,2.82644404007002));
#4053=CARTESIAN_POINT('',(0.78740157480315,0.551181102362205,2.82644404007002));
#4054=CARTESIAN_POINT('',(1.00393700787402,0.551181102362205,2.82644404007002));
#4055=CARTESIAN_POINT('',(0.78740157480315,0.551181102362205,2.82644404007002));
#4056=CARTESIAN_POINT('Origin',(0.78740157480315,0.551181102362205,2.86581411881018));
#4057=CARTESIAN_POINT('',(0.748031496062993,0.551181102362205,2.86581411881018));
#4058=CARTESIAN_POINT('Origin',(0.78740157480315,0.551181102362205,2.86581411881018));
#4059=CARTESIAN_POINT('',(0.748031496062993,0.551181102362205,2.86581411881018));
#4060=CARTESIAN_POINT('Origin',(0.748031496062993,0.551181102362205,3.622507032196));
#4061=CARTESIAN_POINT('',(0.748031496062993,0.551181102362205,3.622507032196));
#4062=CARTESIAN_POINT('',(0.748031496062993,0.551181102362205,3.40574170507438));
#4063=CARTESIAN_POINT('',(0.748031496062993,0.551181102362205,3.622507032196));
#4064=CARTESIAN_POINT('Origin',(0.787401574803151,0.551181102362205,3.622507032196));
#4065=CARTESIAN_POINT('',(0.78740157480315,0.551181102362205,3.66187711093616));
#4066=CARTESIAN_POINT('Origin',(0.787401574803151,0.551181102362205,3.622507032196));
#4067=CARTESIAN_POINT('',(0.78740157480315,0.551181102362205,3.66187711093616));
#4068=CARTESIAN_POINT('Origin',(1.2992125984252,0.551181102362205,3.66187711093616));
#4069=CARTESIAN_POINT('',(1.2992125984252,0.551181102362205,3.66187711093616));
#4070=CARTESIAN_POINT('',(1.25984251968504,0.551181102362205,3.66187711093616));
#4071=CARTESIAN_POINT('',(1.2992125984252,0.551181102362205,3.66187711093616));
#4072=CARTESIAN_POINT('Origin',(1.2992125984252,0.551181102362205,3.622507032196));
#4073=CARTESIAN_POINT('',(1.33858267716535,0.551181102362205,3.622507032196));
#4074=CARTESIAN_POINT('Origin',(1.2992125984252,0.551181102362205,3.622507032196));
#4075=CARTESIAN_POINT('',(1.33858267716535,0.551181102362205,3.622507032196));
#4076=CARTESIAN_POINT('Origin',(1.33858267716535,0.551181102362205,3.11542041802278));
#4077=CARTESIAN_POINT('',(1.33858267716535,0.551181102362205,3.15219839798777));
#4078=CARTESIAN_POINT('',(1.33858267716535,0.826771653543307,3.11542041802278));
#4079=CARTESIAN_POINT('Origin',(1.22047244094488,0.551181102362205,3.18897637795275));
#4080=CARTESIAN_POINT('Origin',(-1.04330708661417,0.590551181102362,3.15479049676293));
#4081=CARTESIAN_POINT('',(-0.866141732283464,0.590551181102362,3.11542041802278));
#4082=CARTESIAN_POINT('',(-0.866141732283464,0.551181102362205,3.15479049676293));
#4083=CARTESIAN_POINT('Origin',(-0.866141732283464,0.590551181102362,3.15479049676293));
#4084=CARTESIAN_POINT('',(-1.10236220472441,0.590551181102362,3.11542041802278));
#4085=CARTESIAN_POINT('',(-1.04330708661417,0.590551181102362,3.11542041802278));
#4086=CARTESIAN_POINT('',(-1.10236220472441,0.551181102362205,3.15479049676293));
#4087=CARTESIAN_POINT('Origin',(-1.10236220472441,0.590551181102362,3.15479049676293));
#4088=CARTESIAN_POINT('',(-1.04330708661417,0.551181102362205,3.15479049676293));
#4089=CARTESIAN_POINT('Origin',(-1.10236220472441,0.551181102362205,3.38628655975506));
#4090=CARTESIAN_POINT('',(-1.10236220472441,0.826771653543307,3.11542041802278));
#4091=CARTESIAN_POINT('',(-1.10236220472441,0.551181102362205,3.11542041802278));
#4092=CARTESIAN_POINT('',(-1.10236220472441,0.826771653543307,3.27290073298341));
#4093=CARTESIAN_POINT('',(-1.10236220472441,0.826771653543307,3.27290073298341));
#4094=CARTESIAN_POINT('',(-1.10236220472441,0.748031496062992,3.27290073298341));
#4095=CARTESIAN_POINT('',(-1.10236220472441,0.708661417322835,3.27290073298341));
#4096=CARTESIAN_POINT('',(-1.10236220472441,0.708661417322835,3.31227081172356));
#4097=CARTESIAN_POINT('Origin',(-1.10236220472441,0.748031496062992,3.31227081172356));
#4098=CARTESIAN_POINT('',(-1.10236220472441,0.708661417322835,3.38628655975506));
#4099=CARTESIAN_POINT('',(-1.10236220472441,0.708661417322835,3.38628655975506));
#4100=CARTESIAN_POINT('',(-1.10236220472441,0.551181102362205,3.38628655975506));
#4101=CARTESIAN_POINT('',(-1.10236220472441,0.551181102362205,3.38628655975506));
#4102=CARTESIAN_POINT('',(-1.10236220472441,0.551181102362205,3.28763146885391));
#4103=CARTESIAN_POINT('Origin',(-1.10236220472441,0.551181102362205,3.11542041802278));
#4104=CARTESIAN_POINT('',(-0.866141732283464,0.826771653543307,3.11542041802278));
#4105=CARTESIAN_POINT('',(-0.866141732283464,0.551181102362205,3.11542041802278));
#4106=CARTESIAN_POINT('',(-1.10236220472441,0.826771653543307,3.11542041802278));
#4107=CARTESIAN_POINT('Origin',(-0.925196850393701,0.748031496062992,3.31227081172356));
#4108=CARTESIAN_POINT('',(-0.866141732283464,0.748031496062992,3.27290073298341));
#4109=CARTESIAN_POINT('',(-0.925196850393701,0.748031496062992,3.27290073298341));
#4110=CARTESIAN_POINT('',(-0.866141732283464,0.708661417322835,3.31227081172356));
#4111=CARTESIAN_POINT('Origin',(-0.866141732283464,0.748031496062992,3.31227081172356));
#4112=CARTESIAN_POINT('',(-0.925196850393701,0.708661417322835,3.31227081172356));
#4113=CARTESIAN_POINT('Origin',(-0.866141732283464,0.708661417322835,3.27290073298341));
#4114=CARTESIAN_POINT('',(-0.866141732283464,0.826771653543307,3.27290073298341));
#4115=CARTESIAN_POINT('',(-0.866141732283464,0.826771653543307,3.27290073298341));
#4116=CARTESIAN_POINT('',(-0.866141732283464,0.708661417322835,3.27290073298341));
#4117=CARTESIAN_POINT('Origin',(-0.984251968503937,0.708661417322835,3.18897637795276));
#4118=CARTESIAN_POINT('',(-0.866141732283464,0.708661417322835,3.622507032196));
#4119=CARTESIAN_POINT('',(-0.866141732283464,0.708661417322835,3.11542041802278));
#4120=CARTESIAN_POINT('',(-0.905511811023622,0.708661417322835,3.66187711093616));
#4121=CARTESIAN_POINT('Origin',(-0.905511811023622,0.708661417322835,3.622507032196));
#4122=CARTESIAN_POINT('',(-1.41732283464567,0.708661417322835,3.66187711093616));
#4123=CARTESIAN_POINT('',(-0.905511811023622,0.708661417322835,3.66187711093616));
#4124=CARTESIAN_POINT('',(-1.45669291338583,0.708661417322835,3.622507032196));
#4125=CARTESIAN_POINT('Origin',(-1.41732283464567,0.708661417322835,3.622507032196));
#4126=CARTESIAN_POINT('',(-1.45669291338583,0.708661417322835,2.86581411881018));
#4127=CARTESIAN_POINT('',(-1.45669291338583,0.708661417322835,3.622507032196));
#4128=CARTESIAN_POINT('',(-1.41732283464567,0.708661417322835,2.82644404007002));
#4129=CARTESIAN_POINT('Origin',(-1.41732283464567,0.708661417322835,2.86581411881018));
#4130=CARTESIAN_POINT('',(-0.551181102362205,0.708661417322835,2.82644404007002));
#4131=CARTESIAN_POINT('',(-1.41732283464567,0.708661417322835,2.82644404007002));
#4132=CARTESIAN_POINT('',(-0.511811023622047,0.708661417322835,2.86581411881018));
#4133=CARTESIAN_POINT('Origin',(-0.551181102362205,0.708661417322835,2.86581411881018));
#4134=CARTESIAN_POINT('',(-0.511811023622047,0.708661417322835,3.27290073298341));
#4135=CARTESIAN_POINT('',(-0.511811023622047,0.708661417322835,2.86581411881018));
#4136=CARTESIAN_POINT('',(-0.748031496062992,0.708661417322835,3.27290073298341));
#4137=CARTESIAN_POINT('',(-0.511811023622047,0.708661417322835,3.27290073298341));
#4138=CARTESIAN_POINT('',(-0.748031496062992,0.708661417322835,3.10203459125112));
#4139=CARTESIAN_POINT('',(-0.748031496062992,0.708661417322835,3.27290073298341));
#4140=CARTESIAN_POINT('',(-0.787401574803149,0.708661417322835,3.06266451251096));
#4141=CARTESIAN_POINT('Origin',(-0.78740157480315,0.708661417322835,3.10203459125112));
#4142=CARTESIAN_POINT('',(-1.18110236220472,0.708661417322835,3.06266451251096));
#4143=CARTESIAN_POINT('',(-0.787401574803149,0.708661417322835,3.06266451251096));
#4144=CARTESIAN_POINT('',(-1.22047244094488,0.708661417322835,3.10203459125112));
#4145=CARTESIAN_POINT('Origin',(-1.18110236220472,0.708661417322835,3.10203459125112));
#4146=CARTESIAN_POINT('',(-1.22047244094488,0.708661417322835,3.38628655975506));
#4147=CARTESIAN_POINT('',(-1.22047244094488,0.708661417322835,3.10203459125112));
#4148=CARTESIAN_POINT('',(-1.18110236220472,0.708661417322835,3.42565663849522));
#4149=CARTESIAN_POINT('Origin',(-1.18110236220472,0.708661417322835,3.38628655975506));
#4150=CARTESIAN_POINT('',(-1.14173228346457,0.708661417322835,3.42565663849522));
#4151=CARTESIAN_POINT('',(-1.18110236220472,0.708661417322835,3.42565663849522));
#4152=CARTESIAN_POINT('Origin',(-1.14173228346457,0.708661417322835,3.38628655975506));
#4153=CARTESIAN_POINT('Origin',(-0.866141732283464,0.511811023622047,3.07605033928262));
#4154=CARTESIAN_POINT('',(-0.748031496062991,0.541388409403138,3.10203459125112));
#4155=CARTESIAN_POINT('',(-0.748031496062992,0.511811023622047,3.11542041802278));
#4156=CARTESIAN_POINT('Origin',(-0.748031496062992,0.511811023622047,3.07605033928262));
#4157=CARTESIAN_POINT('',(-0.511811023622047,0.511811023622047,3.11542041802278));
#4158=CARTESIAN_POINT('',(-0.866141732283464,0.511811023622047,3.11542041802278));
#4159=CARTESIAN_POINT('',(-0.511811023622047,0.551181102362205,3.07605033928262));
#4160=CARTESIAN_POINT('Origin',(-0.511811023622047,0.511811023622047,3.07605033928262));
#4161=CARTESIAN_POINT('',(-0.757824189022058,0.551181102362205,3.07605033928262));
#4162=CARTESIAN_POINT('',(-0.866141732283464,0.551181102362205,3.07605033928262));
#4163=CARTESIAN_POINT('Ctrl Pts',(-0.748031496062992,0.54138840940314,3.10203459125112));
#4164=CARTESIAN_POINT('Ctrl Pts',(-0.748031496062992,0.542337627138706,
3.10095411453818));
#4165=CARTESIAN_POINT('Ctrl Pts',(-0.74807612770595,0.543222012297147,3.09982773933672));
#4166=CARTESIAN_POINT('Ctrl Pts',(-0.748389761122759,0.545785662810611,
3.09617482698679));
#4167=CARTESIAN_POINT('Ctrl Pts',(-0.748895075846108,0.547351975453303,
3.09327705732242));
#4168=CARTESIAN_POINT('Ctrl Pts',(-0.750720092293646,0.549638320305386,
3.08740880114299));
#4169=CARTESIAN_POINT('Ctrl Pts',(-0.752049818774248,0.550365523889148,
3.08444423432895));
#4170=CARTESIAN_POINT('Ctrl Pts',(-0.75481901218093,0.551055421287439,3.07980825547661));
#4171=CARTESIAN_POINT('Ctrl Pts',(-0.756233600265505,0.551181102362205,
3.07786087657762));
#4172=CARTESIAN_POINT('Ctrl Pts',(-0.757824189022059,0.551181102362205,
3.07605033928262));
#4173=CARTESIAN_POINT('Origin',(-0.748031496062992,0.551181102362205,3.11542041802278));
#4174=CARTESIAN_POINT('',(-0.748031496062992,0.433070866141732,3.11542041802278));
#4175=CARTESIAN_POINT('',(-0.748031496062992,0.551181102362205,3.11542041802278));
#4176=CARTESIAN_POINT('',(-0.511811023622047,0.433070866141732,3.11542041802278));
#4177=CARTESIAN_POINT('',(-0.866141732283464,0.433070866141732,3.11542041802278));
#4178=CARTESIAN_POINT('',(-0.511811023622047,0.551181102362205,3.11542041802278));
#4179=CARTESIAN_POINT('Origin',(-0.984251968503937,0.433070866141732,3.18897637795275));
#4180=CARTESIAN_POINT('',(6.99353086378051E-16,0.433070866141732,4.17322834645669));
#4181=CARTESIAN_POINT('',(-1.96850393700787,0.433070866141732,4.17322834645669));
#4182=CARTESIAN_POINT('',(6.99353086378051E-16,0.433070866141732,4.17322834645669));
#4183=CARTESIAN_POINT('',(-1.96850393700787,0.433070866141732,2.20472440944882));
#4184=CARTESIAN_POINT('',(-1.96850393700787,0.433070866141732,4.17322834645669));
#4185=CARTESIAN_POINT('',(6.99353086378051E-16,0.433070866141732,2.20472440944882));
#4186=CARTESIAN_POINT('',(-1.96850393700787,0.433070866141732,2.20472440944882));
#4187=CARTESIAN_POINT('',(6.99353086378051E-16,0.433070866141732,2.20472440944882));
#4188=CARTESIAN_POINT('',(-0.748031496062992,0.433070866141732,3.27290073298341));
#4189=CARTESIAN_POINT('',(-0.748031496062992,0.433070866141732,3.23093855546808));
#4190=CARTESIAN_POINT('',(-0.511811023622047,0.433070866141732,3.27290073298341));
#4191=CARTESIAN_POINT('',(-0.748031496062991,0.433070866141732,3.27290073298341));
#4192=CARTESIAN_POINT('',(-0.511811023622047,0.433070866141732,3.15219839798777));
#4193=CARTESIAN_POINT('Origin',(6.99353086378051E-16,0.118110236220472,
4.17322834645669));
#4194=CARTESIAN_POINT('',(-1.96850393700787,0.118110236220472,4.17322834645669));
#4195=CARTESIAN_POINT('',(6.99353086378051E-16,0.118110236220472,4.17322834645669));
#4196=CARTESIAN_POINT('',(-0.492125984251968,0.118110236220472,4.17322834645669));
#4197=CARTESIAN_POINT('',(-1.96850393700787,0.118110236220472,4.17322834645669));
#4198=CARTESIAN_POINT('',(6.99353086378051E-16,0.118110236220472,4.17322834645669));
#4199=CARTESIAN_POINT('Origin',(6.99353086378051E-16,0.118110236220472,
2.20472440944882));
#4200=CARTESIAN_POINT('',(6.99353086378051E-16,0.118110236220472,2.20472440944882));
#4201=CARTESIAN_POINT('',(6.99353086378051E-16,0.118110236220472,2.69685039370079));
#4202=CARTESIAN_POINT('',(6.99353086378051E-16,0.118110236220472,2.20472440944882));
#4203=CARTESIAN_POINT('Origin',(-1.96850393700787,0.118110236220472,2.20472440944882));
#4204=CARTESIAN_POINT('',(-1.96850393700787,0.118110236220472,2.20472440944882));
#4205=CARTESIAN_POINT('',(-1.47637795275591,0.118110236220472,2.20472440944882));
#4206=CARTESIAN_POINT('',(-1.96850393700787,0.118110236220472,2.20472440944882));
#4207=CARTESIAN_POINT('Origin',(-1.96850393700787,0.118110236220472,4.17322834645669));
#4208=CARTESIAN_POINT('',(-1.96850393700787,0.118110236220472,3.68110236220472));
#4209=CARTESIAN_POINT('Origin',(-0.984251968503937,0.118110236220472,3.18897637795276));
#4210=CARTESIAN_POINT('Origin',(-1.14173228346457,0.551181102362205,3.38628655975506));
#4211=CARTESIAN_POINT('',(-1.14173228346457,0.551181102362205,3.42565663849522));
#4212=CARTESIAN_POINT('Origin',(-1.14173228346457,0.551181102362205,3.38628655975506));
#4213=CARTESIAN_POINT('',(-1.14173228346457,0.551181102362205,3.42565663849522));
#4214=CARTESIAN_POINT('Origin',(-1.18110236220472,0.551181102362205,3.42565663849522));
#4215=CARTESIAN_POINT('',(-1.18110236220472,0.551181102362205,3.42565663849522));
#4216=CARTESIAN_POINT('',(-1.08267716535433,0.551181102362205,3.42565663849522));
#4217=CARTESIAN_POINT('',(-1.18110236220472,0.551181102362205,3.42565663849522));
#4218=CARTESIAN_POINT('Origin',(-1.18110236220472,0.551181102362205,3.38628655975506));
#4219=CARTESIAN_POINT('',(-1.22047244094488,0.551181102362205,3.38628655975506));
#4220=CARTESIAN_POINT('Origin',(-1.18110236220472,0.551181102362205,3.38628655975506));
#4221=CARTESIAN_POINT('',(-1.22047244094488,0.551181102362205,3.38628655975506));
#4222=CARTESIAN_POINT('Origin',(-1.22047244094488,0.551181102362205,3.10203459125112));
#4223=CARTESIAN_POINT('',(-1.22047244094488,0.551181102362205,3.10203459125112));
#4224=CARTESIAN_POINT('',(-1.22047244094488,0.551181102362205,3.14550548460194));
#4225=CARTESIAN_POINT('',(-1.22047244094488,0.551181102362205,3.10203459125112));
#4226=CARTESIAN_POINT('Origin',(-1.18110236220472,0.551181102362205,3.10203459125112));
#4227=CARTESIAN_POINT('',(-1.18110236220472,0.551181102362205,3.06266451251096));
#4228=CARTESIAN_POINT('Origin',(-1.18110236220472,0.551181102362205,3.10203459125112));
#4229=CARTESIAN_POINT('',(-1.18110236220472,0.551181102362205,3.06266451251096));
#4230=CARTESIAN_POINT('Origin',(-0.787401574803149,0.551181102362205,3.06266451251096));
#4231=CARTESIAN_POINT('',(-0.787401574803149,0.551181102362205,3.06266451251096));
#4232=CARTESIAN_POINT('',(-0.885826771653543,0.551181102362205,3.06266451251096));
#4233=CARTESIAN_POINT('',(-0.787401574803149,0.551181102362205,3.06266451251096));
#4234=CARTESIAN_POINT('Origin',(-0.78740157480315,0.551181102362205,3.10203459125112));
#4235=CARTESIAN_POINT('Origin',(-0.78740157480315,0.551181102362205,3.10203459125112));
#4236=CARTESIAN_POINT('',(-0.748031496062992,0.551181102362205,3.10203459125112));
#4237=CARTESIAN_POINT('Origin',(-0.748031496062992,0.551181102362205,3.27290073298341));
#4238=CARTESIAN_POINT('',(-0.748031496062992,0.551181102362205,3.27290073298341));
#4239=CARTESIAN_POINT('Origin',(-0.511811023622047,0.551181102362205,3.27290073298341));
#4240=CARTESIAN_POINT('',(-0.511811023622047,0.551181102362205,3.27290073298341));
#4241=CARTESIAN_POINT('Origin',(-0.511811023622047,0.551181102362205,2.86581411881018));
#4242=CARTESIAN_POINT('',(-0.511811023622047,0.551181102362205,2.86581411881018));
#4243=CARTESIAN_POINT('',(-0.511811023622047,0.551181102362205,2.86581411881018));
#4244=CARTESIAN_POINT('',(-0.511811023622047,0.551181102362205,3.02739524838147));
#4245=CARTESIAN_POINT('Origin',(-0.551181102362205,0.551181102362205,2.86581411881018));
#4246=CARTESIAN_POINT('',(-0.551181102362205,0.551181102362205,2.82644404007002));
#4247=CARTESIAN_POINT('Origin',(-0.551181102362205,0.551181102362205,2.86581411881018));
#4248=CARTESIAN_POINT('',(-0.551181102362205,0.551181102362205,2.82644404007002));
#4249=CARTESIAN_POINT('Origin',(-1.41732283464567,0.551181102362205,2.82644404007002));
#4250=CARTESIAN_POINT('',(-1.41732283464567,0.551181102362205,2.82644404007002));
#4251=CARTESIAN_POINT('',(-1.2007874015748,0.551181102362205,2.82644404007002));
#4252=CARTESIAN_POINT('',(-1.41732283464567,0.551181102362205,2.82644404007002));
#4253=CARTESIAN_POINT('Origin',(-1.41732283464567,0.551181102362205,2.86581411881018));
#4254=CARTESIAN_POINT('',(-1.45669291338583,0.551181102362205,2.86581411881018));
#4255=CARTESIAN_POINT('Origin',(-1.41732283464567,0.551181102362205,2.86581411881018));
#4256=CARTESIAN_POINT('',(-1.45669291338583,0.551181102362205,2.86581411881018));
#4257=CARTESIAN_POINT('Origin',(-1.45669291338583,0.551181102362205,3.622507032196));
#4258=CARTESIAN_POINT('',(-1.45669291338583,0.551181102362205,3.622507032196));
#4259=CARTESIAN_POINT('',(-1.45669291338583,0.551181102362205,3.40574170507438));
#4260=CARTESIAN_POINT('',(-1.45669291338583,0.551181102362205,3.622507032196));
#4261=CARTESIAN_POINT('Origin',(-1.41732283464567,0.551181102362205,3.622507032196));
#4262=CARTESIAN_POINT('',(-1.41732283464567,0.551181102362205,3.66187711093616));
#4263=CARTESIAN_POINT('Origin',(-1.41732283464567,0.551181102362205,3.622507032196));
#4264=CARTESIAN_POINT('',(-1.41732283464567,0.551181102362205,3.66187711093616));
#4265=CARTESIAN_POINT('Origin',(-0.905511811023622,0.551181102362205,3.66187711093616));
#4266=CARTESIAN_POINT('',(-0.905511811023622,0.551181102362205,3.66187711093616));
#4267=CARTESIAN_POINT('',(-0.944881889763779,0.551181102362205,3.66187711093616));
#4268=CARTESIAN_POINT('',(-0.905511811023622,0.551181102362205,3.66187711093616));
#4269=CARTESIAN_POINT('Origin',(-0.905511811023622,0.551181102362205,3.622507032196));
#4270=CARTESIAN_POINT('',(-0.866141732283464,0.551181102362205,3.622507032196));
#4271=CARTESIAN_POINT('Origin',(-0.905511811023622,0.551181102362205,3.622507032196));
#4272=CARTESIAN_POINT('',(-0.866141732283464,0.551181102362205,3.622507032196));
#4273=CARTESIAN_POINT('Origin',(-0.866141732283464,0.551181102362205,3.11542041802278));
#4274=CARTESIAN_POINT('',(-0.866141732283464,0.551181102362205,3.15219839798777));
#4275=CARTESIAN_POINT('',(-0.866141732283464,0.826771653543307,3.11542041802278));
#4276=CARTESIAN_POINT('Origin',(-0.984251968503937,0.551181102362205,3.18897637795275));
#4277=CARTESIAN_POINT('Origin',(1.16141732283465,0.590551181102362,0.950066087314115));
#4278=CARTESIAN_POINT('',(1.33858267716535,0.590551181102362,0.910696008573957));
#4279=CARTESIAN_POINT('',(1.33858267716535,0.551181102362205,0.950066087314115));
#4280=CARTESIAN_POINT('Origin',(1.33858267716535,0.590551181102362,0.950066087314115));
#4281=CARTESIAN_POINT('',(1.10236220472441,0.590551181102362,0.910696008573957));
#4282=CARTESIAN_POINT('',(1.16141732283465,0.590551181102362,0.910696008573957));
#4283=CARTESIAN_POINT('',(1.10236220472441,0.551181102362205,0.950066087314114));
#4284=CARTESIAN_POINT('Origin',(1.10236220472441,0.590551181102362,0.950066087314114));
#4285=CARTESIAN_POINT('',(1.16141732283465,0.551181102362205,0.950066087314115));
#4286=CARTESIAN_POINT('Origin',(1.10236220472441,0.551181102362205,1.18156215030624));
#4287=CARTESIAN_POINT('',(1.10236220472441,0.826771653543307,0.910696008573957));
#4288=CARTESIAN_POINT('',(1.10236220472441,0.551181102362205,0.910696008573957));
#4289=CARTESIAN_POINT('',(1.10236220472441,0.826771653543307,1.06817632353459));
#4290=CARTESIAN_POINT('',(1.10236220472441,0.826771653543307,1.06817632353459));
#4291=CARTESIAN_POINT('',(1.10236220472441,0.748031496062992,1.06817632353459));
#4292=CARTESIAN_POINT('',(1.10236220472441,0.708661417322835,1.06817632353459));
#4293=CARTESIAN_POINT('',(1.10236220472441,0.708661417322835,1.10754640227474));
#4294=CARTESIAN_POINT('Origin',(1.10236220472441,0.748031496062992,1.10754640227474));
#4295=CARTESIAN_POINT('',(1.10236220472441,0.708661417322835,1.18156215030624));
#4296=CARTESIAN_POINT('',(1.10236220472441,0.708661417322835,1.18156215030624));
#4297=CARTESIAN_POINT('',(1.10236220472441,0.551181102362205,1.18156215030624));
#4298=CARTESIAN_POINT('',(1.10236220472441,0.551181102362205,1.18156215030624));
#4299=CARTESIAN_POINT('',(1.10236220472441,0.551181102362205,1.08290705940509));
#4300=CARTESIAN_POINT('Origin',(1.10236220472441,0.551181102362205,0.910696008573957));
#4301=CARTESIAN_POINT('',(1.33858267716535,0.826771653543307,0.910696008573957));
#4302=CARTESIAN_POINT('',(1.33858267716535,0.551181102362205,0.910696008573957));
#4303=CARTESIAN_POINT('',(1.10236220472441,0.826771653543307,0.910696008573957));
#4304=CARTESIAN_POINT('Origin',(1.27952755905512,0.748031496062992,1.10754640227474));
#4305=CARTESIAN_POINT('',(1.33858267716535,0.748031496062992,1.06817632353459));
#4306=CARTESIAN_POINT('',(1.27952755905512,0.748031496062992,1.06817632353459));
#4307=CARTESIAN_POINT('',(1.33858267716535,0.708661417322835,1.10754640227474));
#4308=CARTESIAN_POINT('Origin',(1.33858267716535,0.748031496062992,1.10754640227474));
#4309=CARTESIAN_POINT('',(1.27952755905512,0.708661417322835,1.10754640227474));
#4310=CARTESIAN_POINT('Origin',(1.33858267716535,0.708661417322835,1.06817632353459));
#4311=CARTESIAN_POINT('',(1.33858267716535,0.826771653543307,1.06817632353459));
#4312=CARTESIAN_POINT('',(1.33858267716535,0.826771653543307,1.06817632353459));
#4313=CARTESIAN_POINT('',(1.33858267716535,0.708661417322835,1.06817632353459));
#4314=CARTESIAN_POINT('Origin',(1.22047244094488,0.708661417322835,0.984251968503937));
#4315=CARTESIAN_POINT('',(1.33858267716535,0.708661417322835,1.41778262274719));
#4316=CARTESIAN_POINT('',(1.33858267716535,0.708661417322835,0.910696008573957));
#4317=CARTESIAN_POINT('',(1.2992125984252,0.708661417322835,1.45715270148734));
#4318=CARTESIAN_POINT('Origin',(1.2992125984252,0.708661417322835,1.41778262274719));
#4319=CARTESIAN_POINT('',(0.78740157480315,0.708661417322835,1.45715270148734));
#4320=CARTESIAN_POINT('',(1.2992125984252,0.708661417322835,1.45715270148734));
#4321=CARTESIAN_POINT('',(0.748031496062993,0.708661417322835,1.41778262274719));
#4322=CARTESIAN_POINT('Origin',(0.787401574803151,0.708661417322835,1.41778262274718));
#4323=CARTESIAN_POINT('',(0.748031496062993,0.708661417322835,0.661089709361358));
#4324=CARTESIAN_POINT('',(0.748031496062993,0.708661417322835,1.41778262274719));
#4325=CARTESIAN_POINT('',(0.78740157480315,0.708661417322835,0.621719630621201));
#4326=CARTESIAN_POINT('Origin',(0.78740157480315,0.708661417322835,0.661089709361358));
#4327=CARTESIAN_POINT('',(1.65354330708661,0.708661417322835,0.621719630621201));
#4328=CARTESIAN_POINT('',(0.78740157480315,0.708661417322835,0.621719630621201));
#4329=CARTESIAN_POINT('',(1.69291338582677,0.708661417322835,0.661089709361358));
#4330=CARTESIAN_POINT('Origin',(1.65354330708661,0.708661417322835,0.661089709361358));
#4331=CARTESIAN_POINT('',(1.69291338582677,0.708661417322835,1.06817632353459));
#4332=CARTESIAN_POINT('',(1.69291338582677,0.708661417322835,0.661089709361358));
#4333=CARTESIAN_POINT('',(1.45669291338583,0.708661417322835,1.06817632353459));
#4334=CARTESIAN_POINT('',(1.69291338582677,0.708661417322835,1.06817632353459));
#4335=CARTESIAN_POINT('',(1.45669291338583,0.708661417322835,0.897310181802303));
#4336=CARTESIAN_POINT('',(1.45669291338583,0.708661417322835,1.06817632353459));
#4337=CARTESIAN_POINT('',(1.41732283464567,0.708661417322835,0.857940103062146));
#4338=CARTESIAN_POINT('Origin',(1.41732283464567,0.708661417322835,0.897310181802303));
#4339=CARTESIAN_POINT('',(1.02362204724409,0.708661417322835,0.857940103062145));
#4340=CARTESIAN_POINT('',(1.41732283464567,0.708661417322835,0.857940103062146));
#4341=CARTESIAN_POINT('',(0.984251968503937,0.708661417322835,0.897310181802303));
#4342=CARTESIAN_POINT('Origin',(1.02362204724409,0.708661417322835,0.897310181802303));
#4343=CARTESIAN_POINT('',(0.984251968503937,0.708661417322835,1.18156215030624));
#4344=CARTESIAN_POINT('',(0.984251968503937,0.708661417322835,0.897310181802303));
#4345=CARTESIAN_POINT('',(1.02362204724409,0.708661417322835,1.2209322290464));
#4346=CARTESIAN_POINT('Origin',(1.0236220472441,0.708661417322835,1.18156215030624));
#4347=CARTESIAN_POINT('',(1.06299212598425,0.708661417322835,1.2209322290464));
#4348=CARTESIAN_POINT('',(1.02362204724409,0.708661417322835,1.2209322290464));
#4349=CARTESIAN_POINT('Origin',(1.06299212598425,0.708661417322835,1.18156215030624));
#4350=CARTESIAN_POINT('Origin',(1.33858267716535,0.511811023622047,0.871325929833799));
#4351=CARTESIAN_POINT('',(1.45669291338583,0.541388409403138,0.897310181802303));
#4352=CARTESIAN_POINT('',(1.45669291338583,0.511811023622047,0.910696008573956));
#4353=CARTESIAN_POINT('Origin',(1.45669291338583,0.511811023622047,0.871325929833799));
#4354=CARTESIAN_POINT('',(1.69291338582677,0.511811023622047,0.910696008573956));
#4355=CARTESIAN_POINT('',(1.33858267716535,0.511811023622047,0.910696008573956));
#4356=CARTESIAN_POINT('',(1.69291338582677,0.551181102362205,0.871325929833799));
#4357=CARTESIAN_POINT('Origin',(1.69291338582677,0.511811023622047,0.871325929833799));
#4358=CARTESIAN_POINT('',(1.44690022042676,0.551181102362205,0.871325929833799));
#4359=CARTESIAN_POINT('',(1.33858267716535,0.551181102362205,0.871325929833799));
#4360=CARTESIAN_POINT('Ctrl Pts',(1.45669291338583,0.54138840940314,0.8973101818023));
#4361=CARTESIAN_POINT('Ctrl Pts',(1.45669291338583,0.542337627138706,0.896229705089363));
#4362=CARTESIAN_POINT('Ctrl Pts',(1.45664828174287,0.543222012297147,0.895103329887903));
#4363=CARTESIAN_POINT('Ctrl Pts',(1.45633464832606,0.545785662810611,0.89145041753797));
#4364=CARTESIAN_POINT('Ctrl Pts',(1.45582933360271,0.547351975453303,0.888552647873601));
#4365=CARTESIAN_POINT('Ctrl Pts',(1.45400431715517,0.549638320305386,0.882684391694176));
#4366=CARTESIAN_POINT('Ctrl Pts',(1.45267459067457,0.550365523889148,0.879719824880128));
#4367=CARTESIAN_POINT('Ctrl Pts',(1.44990539726789,0.551055421287439,0.87508384602779));
#4368=CARTESIAN_POINT('Ctrl Pts',(1.44849080918331,0.551181102362205,0.873136467128798));
#4369=CARTESIAN_POINT('Ctrl Pts',(1.44690022042676,0.551181102362205,0.871325929833799));
#4370=CARTESIAN_POINT('Origin',(1.45669291338583,0.551181102362205,0.910696008573956));
#4371=CARTESIAN_POINT('',(1.45669291338583,0.433070866141732,0.910696008573956));
#4372=CARTESIAN_POINT('',(1.45669291338583,0.551181102362205,0.910696008573956));
#4373=CARTESIAN_POINT('',(1.69291338582677,0.433070866141732,0.910696008573956));
#4374=CARTESIAN_POINT('',(1.33858267716535,0.433070866141732,0.910696008573957));
#4375=CARTESIAN_POINT('',(1.69291338582677,0.551181102362205,0.910696008573956));
#4376=CARTESIAN_POINT('Origin',(1.22047244094488,0.433070866141732,0.984251968503936));
#4377=CARTESIAN_POINT('',(2.20472440944882,0.433070866141732,1.96850393700787));
#4378=CARTESIAN_POINT('',(0.236220472440946,0.433070866141732,1.96850393700787));
#4379=CARTESIAN_POINT('',(2.20472440944882,0.433070866141732,1.96850393700787));
#4380=CARTESIAN_POINT('',(0.236220472440946,0.433070866141732,-1.04902962956708E-15));
#4381=CARTESIAN_POINT('',(0.236220472440946,0.433070866141732,1.96850393700787));
#4382=CARTESIAN_POINT('',(2.20472440944882,0.433070866141732,-1.04902962956708E-15));
#4383=CARTESIAN_POINT('',(0.236220472440946,0.433070866141732,-1.20201311721228E-15));
#4384=CARTESIAN_POINT('',(2.20472440944882,0.433070866141732,-1.04902962956708E-15));
#4385=CARTESIAN_POINT('',(1.45669291338583,0.433070866141732,1.06817632353459));
#4386=CARTESIAN_POINT('',(1.45669291338583,0.433070866141732,1.02621414601926));
#4387=CARTESIAN_POINT('',(1.69291338582677,0.433070866141732,1.06817632353459));
#4388=CARTESIAN_POINT('',(1.45669291338583,0.433070866141732,1.06817632353459));
#4389=CARTESIAN_POINT('',(1.69291338582677,0.433070866141732,0.947473988538946));
#4390=CARTESIAN_POINT('Origin',(2.20472440944882,0.118110236220472,1.96850393700787));
#4391=CARTESIAN_POINT('',(0.236220472440946,0.118110236220472,1.96850393700787));
#4392=CARTESIAN_POINT('',(2.20472440944882,0.118110236220472,1.96850393700787));
#4393=CARTESIAN_POINT('',(1.71259842519685,0.118110236220472,1.96850393700787));
#4394=CARTESIAN_POINT('',(0.236220472440946,0.118110236220472,1.96850393700787));
#4395=CARTESIAN_POINT('',(2.20472440944882,0.118110236220472,1.96850393700787));
#4396=CARTESIAN_POINT('Origin',(2.20472440944882,0.118110236220472,-9.00902760577282E-16));
#4397=CARTESIAN_POINT('',(2.20472440944882,0.118110236220472,-9.00902760577282E-16));
#4398=CARTESIAN_POINT('',(2.20472440944882,0.118110236220472,0.492125984251968));
#4399=CARTESIAN_POINT('',(2.20472440944882,0.118110236220472,-9.00902760577282E-16));
#4400=CARTESIAN_POINT('Origin',(0.236220472440946,0.118110236220472,-1.20201311721228E-15));
#4401=CARTESIAN_POINT('',(0.236220472440946,0.118110236220472,-1.20201311721228E-15));
#4402=CARTESIAN_POINT('',(0.728346456692914,0.118110236220472,-1.13644876536433E-15));
#4403=CARTESIAN_POINT('',(0.236220472440946,0.118110236220472,-1.20201311721228E-15));
#4404=CARTESIAN_POINT('Origin',(0.236220472440946,0.118110236220472,1.96850393700787));
#4405=CARTESIAN_POINT('',(0.236220472440946,0.118110236220472,1.4763779527559));
#4406=CARTESIAN_POINT('Origin',(1.22047244094488,0.118110236220472,0.984251968503937));
#4407=CARTESIAN_POINT('Origin',(1.06299212598425,0.551181102362205,1.18156215030624));
#4408=CARTESIAN_POINT('',(1.06299212598425,0.551181102362205,1.2209322290464));
#4409=CARTESIAN_POINT('Origin',(1.06299212598425,0.551181102362205,1.18156215030624));
#4410=CARTESIAN_POINT('',(1.06299212598425,0.551181102362205,1.2209322290464));
#4411=CARTESIAN_POINT('Origin',(1.02362204724409,0.551181102362205,1.2209322290464));
#4412=CARTESIAN_POINT('',(1.02362204724409,0.551181102362205,1.2209322290464));
#4413=CARTESIAN_POINT('',(1.12204724409449,0.551181102362205,1.2209322290464));
#4414=CARTESIAN_POINT('',(1.02362204724409,0.551181102362205,1.2209322290464));
#4415=CARTESIAN_POINT('Origin',(1.0236220472441,0.551181102362205,1.18156215030624));
#4416=CARTESIAN_POINT('',(0.984251968503937,0.551181102362205,1.18156215030624));
#4417=CARTESIAN_POINT('Origin',(1.0236220472441,0.551181102362205,1.18156215030624));
#4418=CARTESIAN_POINT('',(0.984251968503937,0.551181102362205,1.18156215030624));
#4419=CARTESIAN_POINT('Origin',(0.984251968503937,0.551181102362205,0.897310181802303));
#4420=CARTESIAN_POINT('',(0.984251968503937,0.551181102362205,0.897310181802303));
#4421=CARTESIAN_POINT('',(0.984251968503937,0.551181102362205,0.940781075153119));
#4422=CARTESIAN_POINT('',(0.984251968503937,0.551181102362205,0.897310181802303));
#4423=CARTESIAN_POINT('Origin',(1.02362204724409,0.551181102362205,0.897310181802303));
#4424=CARTESIAN_POINT('',(1.02362204724409,0.551181102362205,0.857940103062145));
#4425=CARTESIAN_POINT('Origin',(1.02362204724409,0.551181102362205,0.897310181802303));
#4426=CARTESIAN_POINT('',(1.02362204724409,0.551181102362205,0.857940103062145));
#4427=CARTESIAN_POINT('Origin',(1.41732283464567,0.551181102362205,0.857940103062146));
#4428=CARTESIAN_POINT('',(1.41732283464567,0.551181102362205,0.857940103062146));
#4429=CARTESIAN_POINT('',(1.31889763779528,0.551181102362205,0.857940103062146));
#4430=CARTESIAN_POINT('',(1.41732283464567,0.551181102362205,0.857940103062146));
#4431=CARTESIAN_POINT('Origin',(1.41732283464567,0.551181102362205,0.897310181802303));
#4432=CARTESIAN_POINT('Origin',(1.41732283464567,0.551181102362205,0.897310181802303));
#4433=CARTESIAN_POINT('',(1.45669291338583,0.551181102362205,0.897310181802303));
#4434=CARTESIAN_POINT('Origin',(1.45669291338583,0.551181102362205,1.06817632353459));
#4435=CARTESIAN_POINT('',(1.45669291338583,0.551181102362205,1.06817632353459));
#4436=CARTESIAN_POINT('Origin',(1.69291338582677,0.551181102362205,1.06817632353459));
#4437=CARTESIAN_POINT('',(1.69291338582677,0.551181102362205,1.06817632353459));
#4438=CARTESIAN_POINT('Origin',(1.69291338582677,0.551181102362205,0.661089709361358));
#4439=CARTESIAN_POINT('',(1.69291338582677,0.551181102362205,0.661089709361358));
#4440=CARTESIAN_POINT('',(1.69291338582677,0.551181102362205,0.661089709361358));
#4441=CARTESIAN_POINT('',(1.69291338582677,0.551181102362205,0.822670838932647));
#4442=CARTESIAN_POINT('Origin',(1.65354330708661,0.551181102362205,0.661089709361358));
#4443=CARTESIAN_POINT('',(1.65354330708661,0.551181102362205,0.621719630621201));
#4444=CARTESIAN_POINT('Origin',(1.65354330708661,0.551181102362205,0.661089709361358));
#4445=CARTESIAN_POINT('',(1.65354330708661,0.551181102362205,0.621719630621201));
#4446=CARTESIAN_POINT('Origin',(0.78740157480315,0.551181102362205,0.621719630621201));
#4447=CARTESIAN_POINT('',(0.78740157480315,0.551181102362205,0.621719630621201));
#4448=CARTESIAN_POINT('',(1.00393700787402,0.551181102362205,0.621719630621201));
#4449=CARTESIAN_POINT('',(0.78740157480315,0.551181102362205,0.621719630621201));
#4450=CARTESIAN_POINT('Origin',(0.78740157480315,0.551181102362205,0.661089709361358));
#4451=CARTESIAN_POINT('',(0.748031496062993,0.551181102362205,0.661089709361358));
#4452=CARTESIAN_POINT('Origin',(0.78740157480315,0.551181102362205,0.661089709361358));
#4453=CARTESIAN_POINT('',(0.748031496062993,0.551181102362205,0.661089709361358));
#4454=CARTESIAN_POINT('Origin',(0.748031496062993,0.551181102362205,1.41778262274719));
#4455=CARTESIAN_POINT('',(0.748031496062993,0.551181102362205,1.41778262274719));
#4456=CARTESIAN_POINT('',(0.748031496062993,0.551181102362205,1.20101729562556));
#4457=CARTESIAN_POINT('',(0.748031496062993,0.551181102362205,1.41778262274719));
#4458=CARTESIAN_POINT('Origin',(0.787401574803151,0.551181102362205,1.41778262274718));
#4459=CARTESIAN_POINT('',(0.78740157480315,0.551181102362205,1.45715270148734));
#4460=CARTESIAN_POINT('Origin',(0.787401574803151,0.551181102362205,1.41778262274718));
#4461=CARTESIAN_POINT('',(0.78740157480315,0.551181102362205,1.45715270148734));
#4462=CARTESIAN_POINT('Origin',(1.2992125984252,0.551181102362205,1.45715270148734));
#4463=CARTESIAN_POINT('',(1.2992125984252,0.551181102362205,1.45715270148734));
#4464=CARTESIAN_POINT('',(1.25984251968504,0.551181102362205,1.45715270148734));
#4465=CARTESIAN_POINT('',(1.2992125984252,0.551181102362205,1.45715270148734));
#4466=CARTESIAN_POINT('Origin',(1.2992125984252,0.551181102362205,1.41778262274719));
#4467=CARTESIAN_POINT('',(1.33858267716535,0.551181102362205,1.41778262274719));
#4468=CARTESIAN_POINT('Origin',(1.2992125984252,0.551181102362205,1.41778262274719));
#4469=CARTESIAN_POINT('',(1.33858267716535,0.551181102362205,1.41778262274719));
#4470=CARTESIAN_POINT('Origin',(1.33858267716535,0.551181102362205,0.910696008573957));
#4471=CARTESIAN_POINT('',(1.33858267716535,0.551181102362205,0.947473988538946));
#4472=CARTESIAN_POINT('',(1.33858267716535,0.826771653543307,0.910696008573957));
#4473=CARTESIAN_POINT('Origin',(1.22047244094488,0.551181102362205,0.984251968503936));
#4474=CARTESIAN_POINT('Origin',(-1.04330708661417,0.590551181102362,0.950066087314115));
#4475=CARTESIAN_POINT('',(-0.866141732283464,0.590551181102362,0.910696008573957));
#4476=CARTESIAN_POINT('',(-0.866141732283464,0.551181102362205,0.950066087314115));
#4477=CARTESIAN_POINT('Origin',(-0.866141732283464,0.590551181102362,0.950066087314115));
#4478=CARTESIAN_POINT('',(-1.10236220472441,0.590551181102362,0.910696008573957));
#4479=CARTESIAN_POINT('',(-1.04330708661417,0.590551181102362,0.910696008573957));
#4480=CARTESIAN_POINT('',(-1.10236220472441,0.551181102362205,0.950066087314114));
#4481=CARTESIAN_POINT('Origin',(-1.10236220472441,0.590551181102362,0.950066087314114));
#4482=CARTESIAN_POINT('',(-1.04330708661417,0.551181102362205,0.950066087314115));
#4483=CARTESIAN_POINT('Origin',(-1.10236220472441,0.551181102362205,1.18156215030624));
#4484=CARTESIAN_POINT('',(-1.10236220472441,0.826771653543307,0.910696008573957));
#4485=CARTESIAN_POINT('',(-1.10236220472441,0.551181102362205,0.910696008573957));
#4486=CARTESIAN_POINT('',(-1.10236220472441,0.826771653543307,1.06817632353459));
#4487=CARTESIAN_POINT('',(-1.10236220472441,0.826771653543307,1.06817632353459));
#4488=CARTESIAN_POINT('',(-1.10236220472441,0.748031496062992,1.06817632353459));
#4489=CARTESIAN_POINT('',(-1.10236220472441,0.708661417322835,1.06817632353459));
#4490=CARTESIAN_POINT('',(-1.10236220472441,0.708661417322835,1.10754640227474));
#4491=CARTESIAN_POINT('Origin',(-1.10236220472441,0.748031496062992,1.10754640227474));
#4492=CARTESIAN_POINT('',(-1.10236220472441,0.708661417322835,1.18156215030624));
#4493=CARTESIAN_POINT('',(-1.10236220472441,0.708661417322835,1.18156215030624));
#4494=CARTESIAN_POINT('',(-1.10236220472441,0.551181102362205,1.18156215030624));
#4495=CARTESIAN_POINT('',(-1.10236220472441,0.551181102362205,1.18156215030624));
#4496=CARTESIAN_POINT('',(-1.10236220472441,0.551181102362205,1.08290705940509));
#4497=CARTESIAN_POINT('Origin',(-1.10236220472441,0.551181102362205,0.910696008573957));
#4498=CARTESIAN_POINT('',(-0.866141732283464,0.826771653543307,0.910696008573957));
#4499=CARTESIAN_POINT('',(-0.866141732283464,0.551181102362205,0.910696008573957));
#4500=CARTESIAN_POINT('',(-1.10236220472441,0.826771653543307,0.910696008573957));
#4501=CARTESIAN_POINT('Origin',(-0.925196850393701,0.748031496062992,1.10754640227474));
#4502=CARTESIAN_POINT('',(-0.866141732283464,0.748031496062992,1.06817632353459));
#4503=CARTESIAN_POINT('',(-0.925196850393701,0.748031496062992,1.06817632353459));
#4504=CARTESIAN_POINT('',(-0.866141732283464,0.708661417322835,1.10754640227474));
#4505=CARTESIAN_POINT('Origin',(-0.866141732283464,0.748031496062992,1.10754640227474));
#4506=CARTESIAN_POINT('',(-0.925196850393701,0.708661417322835,1.10754640227474));
#4507=CARTESIAN_POINT('Origin',(-0.866141732283464,0.708661417322835,1.06817632353459));
#4508=CARTESIAN_POINT('',(-0.866141732283464,0.826771653543307,1.06817632353459));
#4509=CARTESIAN_POINT('',(-0.866141732283464,0.826771653543307,1.06817632353459));
#4510=CARTESIAN_POINT('',(-0.866141732283464,0.708661417322835,1.06817632353459));
#4511=CARTESIAN_POINT('Origin',(-0.984251968503937,0.826771653543307,0.984251968503937));
#4512=CARTESIAN_POINT('',(-0.866141732283464,0.826771653543307,0.910696008573957));
#4513=CARTESIAN_POINT('Origin',(-0.984251968503937,0.708661417322835,0.984251968503937));
#4514=CARTESIAN_POINT('',(-0.866141732283464,0.708661417322835,1.41778262274719));
#4515=CARTESIAN_POINT('',(-0.866141732283464,0.708661417322835,0.910696008573957));
#4516=CARTESIAN_POINT('',(-0.905511811023622,0.708661417322835,1.45715270148734));
#4517=CARTESIAN_POINT('Origin',(-0.905511811023622,0.708661417322835,1.41778262274719));
#4518=CARTESIAN_POINT('',(-1.41732283464567,0.708661417322835,1.45715270148734));
#4519=CARTESIAN_POINT('',(-0.905511811023622,0.708661417322835,1.45715270148734));
#4520=CARTESIAN_POINT('',(-1.45669291338583,0.708661417322835,1.41778262274719));
#4521=CARTESIAN_POINT('Origin',(-1.41732283464567,0.708661417322835,1.41778262274718));
#4522=CARTESIAN_POINT('',(-1.45669291338583,0.708661417322835,0.661089709361358));
#4523=CARTESIAN_POINT('',(-1.45669291338583,0.708661417322835,1.41778262274719));
#4524=CARTESIAN_POINT('',(-1.41732283464567,0.708661417322835,0.621719630621201));
#4525=CARTESIAN_POINT('Origin',(-1.41732283464567,0.708661417322835,0.661089709361358));
#4526=CARTESIAN_POINT('',(-0.551181102362204,0.708661417322835,0.621719630621201));
#4527=CARTESIAN_POINT('',(-1.41732283464567,0.708661417322835,0.621719630621201));
#4528=CARTESIAN_POINT('',(-0.511811023622047,0.708661417322835,0.661089709361358));
#4529=CARTESIAN_POINT('Origin',(-0.551181102362204,0.708661417322835,0.661089709361358));
#4530=CARTESIAN_POINT('',(-0.511811023622047,0.708661417322835,1.06817632353459));
#4531=CARTESIAN_POINT('',(-0.511811023622047,0.708661417322835,0.661089709361358));
#4532=CARTESIAN_POINT('',(-0.748031496062992,0.708661417322835,1.06817632353459));
#4533=CARTESIAN_POINT('',(-0.511811023622047,0.708661417322835,1.06817632353459));
#4534=CARTESIAN_POINT('',(-0.748031496062992,0.708661417322835,0.897310181802303));
#4535=CARTESIAN_POINT('',(-0.748031496062992,0.708661417322835,1.06817632353459));
#4536=CARTESIAN_POINT('',(-0.787401574803149,0.708661417322835,0.857940103062146));
#4537=CARTESIAN_POINT('Origin',(-0.787401574803149,0.708661417322835,0.897310181802303));
#4538=CARTESIAN_POINT('',(-1.18110236220472,0.708661417322835,0.857940103062145));
#4539=CARTESIAN_POINT('',(-0.787401574803149,0.708661417322835,0.857940103062146));
#4540=CARTESIAN_POINT('',(-1.22047244094488,0.708661417322835,0.897310181802303));
#4541=CARTESIAN_POINT('Origin',(-1.18110236220472,0.708661417322835,0.897310181802303));
#4542=CARTESIAN_POINT('',(-1.22047244094488,0.708661417322835,1.18156215030624));
#4543=CARTESIAN_POINT('',(-1.22047244094488,0.708661417322835,0.897310181802303));
#4544=CARTESIAN_POINT('',(-1.18110236220472,0.708661417322835,1.2209322290464));
#4545=CARTESIAN_POINT('Origin',(-1.18110236220472,0.708661417322835,1.18156215030624));
#4546=CARTESIAN_POINT('',(-1.14173228346457,0.708661417322835,1.2209322290464));
#4547=CARTESIAN_POINT('',(-1.18110236220472,0.708661417322835,1.2209322290464));
#4548=CARTESIAN_POINT('Origin',(-1.14173228346457,0.708661417322835,1.18156215030624));
#4549=CARTESIAN_POINT('Origin',(-0.866141732283464,0.511811023622047,0.871325929833799));
#4550=CARTESIAN_POINT('',(-0.748031496062992,0.541388409403138,0.897310181802303));
#4551=CARTESIAN_POINT('',(-0.748031496062992,0.511811023622047,0.910696008573956));
#4552=CARTESIAN_POINT('Origin',(-0.748031496062992,0.511811023622047,0.871325929833799));
#4553=CARTESIAN_POINT('',(-0.511811023622047,0.511811023622047,0.910696008573956));
#4554=CARTESIAN_POINT('',(-0.866141732283464,0.511811023622047,0.910696008573956));
#4555=CARTESIAN_POINT('',(-0.511811023622047,0.551181102362205,0.871325929833799));
#4556=CARTESIAN_POINT('Origin',(-0.511811023622047,0.511811023622047,0.871325929833799));
#4557=CARTESIAN_POINT('',(-0.757824189022058,0.551181102362205,0.871325929833799));
#4558=CARTESIAN_POINT('',(-0.866141732283464,0.551181102362205,0.871325929833799));
#4559=CARTESIAN_POINT('Ctrl Pts',(-0.748031496062992,0.54138840940314,0.8973101818023));
#4560=CARTESIAN_POINT('Ctrl Pts',(-0.748031496062992,0.542337627138706,
0.896229705089363));
#4561=CARTESIAN_POINT('Ctrl Pts',(-0.74807612770595,0.543222012297147,0.895103329887903));
#4562=CARTESIAN_POINT('Ctrl Pts',(-0.748389761122759,0.545785662810611,
0.89145041753797));
#4563=CARTESIAN_POINT('Ctrl Pts',(-0.748895075846108,0.547351975453303,
0.888552647873601));
#4564=CARTESIAN_POINT('Ctrl Pts',(-0.750720092293646,0.549638320305386,
0.882684391694176));
#4565=CARTESIAN_POINT('Ctrl Pts',(-0.752049818774248,0.550365523889148,
0.879719824880128));
#4566=CARTESIAN_POINT('Ctrl Pts',(-0.75481901218093,0.551055421287439,0.87508384602779));
#4567=CARTESIAN_POINT('Ctrl Pts',(-0.756233600265505,0.551181102362205,
0.873136467128798));
#4568=CARTESIAN_POINT('Ctrl Pts',(-0.757824189022058,0.551181102362205,
0.871325929833799));
#4569=CARTESIAN_POINT('Origin',(-0.748031496062992,0.551181102362205,0.910696008573956));
#4570=CARTESIAN_POINT('',(-0.748031496062992,0.433070866141732,0.910696008573956));
#4571=CARTESIAN_POINT('',(-0.748031496062992,0.551181102362205,0.910696008573956));
#4572=CARTESIAN_POINT('',(-0.511811023622047,0.433070866141732,0.910696008573956));
#4573=CARTESIAN_POINT('',(-0.866141732283464,0.433070866141732,0.910696008573957));
#4574=CARTESIAN_POINT('',(-0.511811023622047,0.551181102362205,0.910696008573956));
#4575=CARTESIAN_POINT('Origin',(-0.984251968503936,0.433070866141732,0.984251968503936));
#4576=CARTESIAN_POINT('',(7.4306265427668E-16,0.433070866141732,1.96850393700787));
#4577=CARTESIAN_POINT('',(-1.96850393700787,0.433070866141732,1.96850393700787));
#4578=CARTESIAN_POINT('',(6.99353086378051E-16,0.433070866141732,1.96850393700787));
#4579=CARTESIAN_POINT('',(-1.96850393700787,0.433070866141732,-1.04902962956708E-15));
#4580=CARTESIAN_POINT('',(-1.96850393700787,0.433070866141732,1.96850393700787));
#4581=CARTESIAN_POINT('',(6.99353086378051E-16,0.433070866141732,-1.04902962956708E-15));
#4582=CARTESIAN_POINT('',(-1.96850393700787,0.433070866141732,-1.20201311721228E-15));
#4583=CARTESIAN_POINT('',(6.99353086378051E-16,0.433070866141732,-1.04902962956708E-15));
#4584=CARTESIAN_POINT('',(-0.748031496062992,0.433070866141732,1.06817632353459));
#4585=CARTESIAN_POINT('',(-0.748031496062992,0.433070866141732,1.02621414601926));
#4586=CARTESIAN_POINT('',(-0.511811023622047,0.433070866141732,1.06817632353459));
#4587=CARTESIAN_POINT('',(-0.748031496062992,0.433070866141732,1.06817632353459));
#4588=CARTESIAN_POINT('',(-0.511811023622047,0.433070866141732,0.947473988538946));
#4589=CARTESIAN_POINT('Origin',(7.4306265427668E-16,0.118110236220472,1.96850393700787));
#4590=CARTESIAN_POINT('',(-1.96850393700787,0.118110236220472,1.96850393700787));
#4591=CARTESIAN_POINT('',(7.4306265427668E-16,0.118110236220472,1.96850393700787));
#4592=CARTESIAN_POINT('',(-0.492125984251968,0.118110236220472,1.96850393700787));
#4593=CARTESIAN_POINT('',(-1.96850393700787,0.118110236220472,1.96850393700787));
#4594=CARTESIAN_POINT('',(7.4306265427668E-16,0.118110236220472,1.96850393700787));
#4595=CARTESIAN_POINT('Origin',(6.99353086378051E-16,0.118110236220472,
-9.00902760577282E-16));
#4596=CARTESIAN_POINT('',(6.99353086378051E-16,0.118110236220472,-9.00902760577282E-16));
#4597=CARTESIAN_POINT('',(6.99353086378051E-16,0.118110236220472,0.492125984251968));
#4598=CARTESIAN_POINT('',(6.99353086378051E-16,0.118110236220472,-9.00902760577282E-16));
#4599=CARTESIAN_POINT('Origin',(-1.96850393700787,0.118110236220472,-1.20201311721228E-15));
#4600=CARTESIAN_POINT('',(-1.96850393700787,0.118110236220472,-1.20201311721228E-15));
#4601=CARTESIAN_POINT('',(-1.4763779527559,0.118110236220472,-1.13644876536433E-15));
#4602=CARTESIAN_POINT('',(-1.96850393700787,0.118110236220472,-1.20201311721228E-15));
#4603=CARTESIAN_POINT('Origin',(-1.96850393700787,0.118110236220472,1.96850393700787));
#4604=CARTESIAN_POINT('',(-1.96850393700787,0.118110236220472,1.4763779527559));
#4605=CARTESIAN_POINT('Origin',(-0.984251968503937,0.118110236220472,0.984251968503937));
#4606=CARTESIAN_POINT('Origin',(-1.14173228346457,0.551181102362205,1.18156215030624));
#4607=CARTESIAN_POINT('',(-1.14173228346457,0.551181102362205,1.2209322290464));
#4608=CARTESIAN_POINT('Origin',(-1.14173228346457,0.551181102362205,1.18156215030624));
#4609=CARTESIAN_POINT('',(-1.14173228346457,0.551181102362205,1.2209322290464));
#4610=CARTESIAN_POINT('Origin',(-1.18110236220472,0.551181102362205,1.2209322290464));
#4611=CARTESIAN_POINT('',(-1.18110236220472,0.551181102362205,1.2209322290464));
#4612=CARTESIAN_POINT('',(-1.08267716535433,0.551181102362205,1.2209322290464));
#4613=CARTESIAN_POINT('',(-1.18110236220472,0.551181102362205,1.2209322290464));
#4614=CARTESIAN_POINT('Origin',(-1.18110236220472,0.551181102362205,1.18156215030624));
#4615=CARTESIAN_POINT('',(-1.22047244094488,0.551181102362205,1.18156215030624));
#4616=CARTESIAN_POINT('Origin',(-1.18110236220472,0.551181102362205,1.18156215030624));
#4617=CARTESIAN_POINT('',(-1.22047244094488,0.551181102362205,1.18156215030624));
#4618=CARTESIAN_POINT('Origin',(-1.22047244094488,0.551181102362205,0.897310181802303));
#4619=CARTESIAN_POINT('',(-1.22047244094488,0.551181102362205,0.897310181802303));
#4620=CARTESIAN_POINT('',(-1.22047244094488,0.551181102362205,0.940781075153119));
#4621=CARTESIAN_POINT('',(-1.22047244094488,0.551181102362205,0.897310181802303));
#4622=CARTESIAN_POINT('Origin',(-1.18110236220472,0.551181102362205,0.897310181802303));
#4623=CARTESIAN_POINT('',(-1.18110236220472,0.551181102362205,0.857940103062145));
#4624=CARTESIAN_POINT('Origin',(-1.18110236220472,0.551181102362205,0.897310181802303));
#4625=CARTESIAN_POINT('',(-1.18110236220472,0.551181102362205,0.857940103062145));
#4626=CARTESIAN_POINT('Origin',(-0.787401574803149,0.551181102362205,0.857940103062146));
#4627=CARTESIAN_POINT('',(-0.787401574803149,0.551181102362205,0.857940103062146));
#4628=CARTESIAN_POINT('',(-0.885826771653543,0.551181102362205,0.857940103062146));
#4629=CARTESIAN_POINT('',(-0.787401574803149,0.551181102362205,0.857940103062146));
#4630=CARTESIAN_POINT('Origin',(-0.787401574803149,0.551181102362205,0.897310181802303));
#4631=CARTESIAN_POINT('Origin',(-0.787401574803149,0.551181102362205,0.897310181802303));
#4632=CARTESIAN_POINT('',(-0.748031496062992,0.551181102362205,0.897310181802303));
#4633=CARTESIAN_POINT('Origin',(-0.748031496062992,0.551181102362205,1.06817632353459));
#4634=CARTESIAN_POINT('',(-0.748031496062992,0.551181102362205,1.06817632353459));
#4635=CARTESIAN_POINT('Origin',(-0.511811023622047,0.551181102362205,1.06817632353459));
#4636=CARTESIAN_POINT('',(-0.511811023622047,0.551181102362205,1.06817632353459));
#4637=CARTESIAN_POINT('Origin',(-0.511811023622047,0.551181102362205,0.661089709361358));
#4638=CARTESIAN_POINT('',(-0.511811023622047,0.551181102362205,0.661089709361358));
#4639=CARTESIAN_POINT('',(-0.511811023622047,0.551181102362205,0.661089709361358));
#4640=CARTESIAN_POINT('',(-0.511811023622047,0.551181102362205,0.822670838932647));
#4641=CARTESIAN_POINT('Origin',(-0.551181102362204,0.551181102362205,0.661089709361358));
#4642=CARTESIAN_POINT('',(-0.551181102362204,0.551181102362205,0.621719630621201));
#4643=CARTESIAN_POINT('Origin',(-0.551181102362204,0.551181102362205,0.661089709361358));
#4644=CARTESIAN_POINT('',(-0.551181102362204,0.551181102362205,0.621719630621201));
#4645=CARTESIAN_POINT('Origin',(-1.41732283464567,0.551181102362205,0.621719630621201));
#4646=CARTESIAN_POINT('',(-1.41732283464567,0.551181102362205,0.621719630621201));
#4647=CARTESIAN_POINT('',(-1.2007874015748,0.551181102362205,0.621719630621201));
#4648=CARTESIAN_POINT('',(-1.41732283464567,0.551181102362205,0.621719630621201));
#4649=CARTESIAN_POINT('Origin',(-1.41732283464567,0.551181102362205,0.661089709361358));
#4650=CARTESIAN_POINT('',(-1.45669291338583,0.551181102362205,0.661089709361358));
#4651=CARTESIAN_POINT('Origin',(-1.41732283464567,0.551181102362205,0.661089709361358));
#4652=CARTESIAN_POINT('',(-1.45669291338583,0.551181102362205,0.661089709361358));
#4653=CARTESIAN_POINT('Origin',(-1.45669291338583,0.551181102362205,1.41778262274719));
#4654=CARTESIAN_POINT('',(-1.45669291338583,0.551181102362205,1.41778262274719));
#4655=CARTESIAN_POINT('',(-1.45669291338583,0.551181102362205,1.20101729562556));
#4656=CARTESIAN_POINT('',(-1.45669291338583,0.551181102362205,1.41778262274719));
#4657=CARTESIAN_POINT('Origin',(-1.41732283464567,0.551181102362205,1.41778262274718));
#4658=CARTESIAN_POINT('',(-1.41732283464567,0.551181102362205,1.45715270148734));
#4659=CARTESIAN_POINT('Origin',(-1.41732283464567,0.551181102362205,1.41778262274718));
#4660=CARTESIAN_POINT('',(-1.41732283464567,0.551181102362205,1.45715270148734));
#4661=CARTESIAN_POINT('Origin',(-0.905511811023622,0.551181102362205,1.45715270148734));
#4662=CARTESIAN_POINT('',(-0.905511811023622,0.551181102362205,1.45715270148734));
#4663=CARTESIAN_POINT('',(-0.944881889763779,0.551181102362205,1.45715270148734));
#4664=CARTESIAN_POINT('',(-0.905511811023622,0.551181102362205,1.45715270148734));
#4665=CARTESIAN_POINT('Origin',(-0.905511811023622,0.551181102362205,1.41778262274719));
#4666=CARTESIAN_POINT('',(-0.866141732283464,0.551181102362205,1.41778262274719));
#4667=CARTESIAN_POINT('Origin',(-0.905511811023622,0.551181102362205,1.41778262274719));
#4668=CARTESIAN_POINT('',(-0.866141732283464,0.551181102362205,1.41778262274719));
#4669=CARTESIAN_POINT('Origin',(-0.866141732283464,0.551181102362205,0.910696008573957));
#4670=CARTESIAN_POINT('',(-0.866141732283464,0.551181102362205,0.947473988538946));
#4671=CARTESIAN_POINT('Origin',(-0.984251968503936,0.551181102362205,0.984251968503936));
#4672=CARTESIAN_POINT('',(0.,0.,0.));
#4673=CARTESIAN_POINT('',(0.,0.,0.));
#4674=UNCERTAINTY_MEASURE_WITH_UNIT(LENGTH_MEASURE(0.000393700787401575),
#4684,'DISTANCE_ACCURACY_VALUE',
'Maximum model space distance between geometric entities at asserted c
onnectivities');
#4675=UNCERTAINTY_MEASURE_WITH_UNIT(LENGTH_MEASURE(0.000393700787401575),
#4684,'DISTANCE_ACCURACY_VALUE',
'Maximum model space distance between geometric entities at asserted c
onnectivities');
#4676=UNCERTAINTY_MEASURE_WITH_UNIT(LENGTH_MEASURE(0.000393700787401575),
#4684,'DISTANCE_ACCURACY_VALUE',
'Maximum model space distance between geometric entities at asserted c
onnectivities');
#4677=UNCERTAINTY_MEASURE_WITH_UNIT(LENGTH_MEASURE(0.000393700787401575),
#4684,'DISTANCE_ACCURACY_VALUE',
'Maximum model space distance between geometric entities at asserted c
onnectivities');
#4678=(
GEOMETRIC_REPRESENTATION_CONTEXT(3)
GLOBAL_UNCERTAINTY_ASSIGNED_CONTEXT((#4674))
GLOBAL_UNIT_ASSIGNED_CONTEXT((#4684,#4688,#4689))
REPRESENTATION_CONTEXT('','3D')
);
#4679=(
GEOMETRIC_REPRESENTATION_CONTEXT(3)
GLOBAL_UNCERTAINTY_ASSIGNED_CONTEXT((#4675))
GLOBAL_UNIT_ASSIGNED_CONTEXT((#4684,#4688,#4689))
REPRESENTATION_CONTEXT('','3D')
);
#4680=(
GEOMETRIC_REPRESENTATION_CONTEXT(3)
GLOBAL_UNCERTAINTY_ASSIGNED_CONTEXT((#4676))
GLOBAL_UNIT_ASSIGNED_CONTEXT((#4684,#4688,#4689))
REPRESENTATION_CONTEXT('','3D')
);
#4681=(
GEOMETRIC_REPRESENTATION_CONTEXT(3)
GLOBAL_UNCERTAINTY_ASSIGNED_CONTEXT((#4677))
GLOBAL_UNIT_ASSIGNED_CONTEXT((#4684,#4688,#4689))
REPRESENTATION_CONTEXT('','3D')
);
#4682=DIMENSIONAL_EXPONENTS(1.,0.,0.,0.,0.,0.,0.);
#4683=DIMENSIONAL_EXPONENTS(0.,1.,0.,0.,0.,0.,0.);
#4684=(
CONVERSION_BASED_UNIT('inch',#4687)
LENGTH_UNIT()
NAMED_UNIT(#4682)
);
#4685=(
LENGTH_UNIT()
NAMED_UNIT(*)
SI_UNIT(.MILLI.,.METRE.)
);
#4686=(
LENGTH_UNIT()
NAMED_UNIT(*)
SI_UNIT(.CENTI.,.METRE.)
);
#4687=LENGTH_MEASURE_WITH_UNIT(LENGTH_MEASURE(25.4),#4685);
#4688=(
NAMED_UNIT(*)
PLANE_ANGLE_UNIT()
SI_UNIT($,.RADIAN.)
);
#4689=(
NAMED_UNIT(*)
SI_UNIT($,.STERADIAN.)
SOLID_ANGLE_UNIT()
);
#4690=SHAPE_DEFINITION_REPRESENTATION(#4693,#4698);
#4691=SHAPE_DEFINITION_REPRESENTATION(#4694,#4699);
#4692=SHAPE_DEFINITION_REPRESENTATION(#4695,#4700);
#4693=PRODUCT_DEFINITION_SHAPE('',$,#4702);
#4694=PRODUCT_DEFINITION_SHAPE('',$,#4703);
#4695=PRODUCT_DEFINITION_SHAPE('',$,#4704);
#4696=PRODUCT_DEFINITION_SHAPE($,$,#17);
#4697=PRODUCT_DEFINITION_SHAPE($,$,#18);
#4698=SHAPE_REPRESENTATION('',(#2870,#3099,#3100),#4678);
#4699=SHAPE_REPRESENTATION('',(#2871),#4679);
#4700=SHAPE_REPRESENTATION('',(#2872),#4680);
#4701=PRODUCT_DEFINITION_CONTEXT('part definition',#4712,'design');
#4702=PRODUCT_DEFINITION('2x2 250Hz-assembly','2x2 250Hz-assembly',#4705,
#4701);
#4703=PRODUCT_DEFINITION('Solid5','Solid5',#4706,#4701);
#4704=PRODUCT_DEFINITION('Solid1','Solid1',#4707,#4701);
#4705=PRODUCT_DEFINITION_FORMATION('',$,#4714);
#4706=PRODUCT_DEFINITION_FORMATION('',$,#4715);
#4707=PRODUCT_DEFINITION_FORMATION('',$,#4716);
#4708=PRODUCT_RELATED_PRODUCT_CATEGORY('2x2 250Hz-assembly',
'2x2 250Hz-assembly',(#4714));
#4709=PRODUCT_RELATED_PRODUCT_CATEGORY('Solid5','Solid5',(#4715));
#4710=PRODUCT_RELATED_PRODUCT_CATEGORY('Solid1','Solid1',(#4716));
#4711=APPLICATION_PROTOCOL_DEFINITION('international standard',
'automotive_design',2009,#4712);
#4712=APPLICATION_CONTEXT(
'Core Data for Automotive Mechanical Design Process');
#4713=PRODUCT_CONTEXT('part definition',#4712,'mechanical');
#4714=PRODUCT('2x2 250Hz-assembly','2x2 250Hz-assembly',$,(#4713));
#4715=PRODUCT('Solid5','Solid5',$,(#4713));
#4716=PRODUCT('Solid1','Solid1',$,(#4713));
ENDSEC;
END-ISO-10303-21;
