ISO-10303-21;
HEADER;
/* Generated by software containing ST-Developer
 * from STEP Tools, Inc. (www.steptools.com) 
 */

FILE_DESCRIPTION(
/* description */ (''),
/* implementation_level */ '2;1');

FILE_NAME(
/* name */ '2x2 250Hz-negative.ipt.stp',
/* time_stamp */ '2026-06-04T19:59:11-04:00',
/* author */ ('brand'),
/* organization */ (''),
/* preprocessor_version */ 'ST-DEVELOPER v20.1',
/* originating_system */ 'Autodesk Inventor 2027',
/* authorisation */ '');

FILE_SCHEMA (('AUTOMOTIVE_DESIGN { 1 0 10303 214 3 1 1 }'));
ENDSEC;

DATA;
#10=MECHANICAL_DESIGN_GEOMETRIC_PRESENTATION_REPRESENTATION('',(#2453,#2454,
#2455,#2456,#2457,#2458,#2459,#2460,#2461,#2462,#2463,#2464,#2465,#2466,
#2467,#2468,#2469,#2470,#2471,#2472,#2473,#2474,#2475,#2476,#2477,#2478,
#2479,#2480,#2481,#2482,#2483,#2484,#2485,#2486,#2487,#2488,#2489,#2490,
#2491,#2492,#2493,#2494,#2495,#2496,#2497,#2498,#2499,#2500,#2501,#2502,
#2503,#2504,#2505,#2506,#2507,#2508,#2509,#2510,#2511,#2512,#2513,#2514,
#2515,#2516,#2517,#2518,#2519,#2520,#2521,#2522,#2523,#2524,#2525,#2526,
#2527,#2528,#2529,#2530,#2531,#2532,#2533,#2534,#2535,#2536,#2537,#2538,
#2539,#2540,#2541,#2542,#2543,#2544,#2545,#2546,#2547,#2548,#2549,#2550,
#2551,#2552,#2553,#2554,#2555,#2556,#2557,#2558,#2559,#2560,#2561,#2562,
#2563,#2564,#2565,#2566,#2567,#2568,#2569,#2570,#2571,#2572,#2573,#2574,
#2575,#2576,#2577,#2578,#2579,#2580,#2581,#2582,#2583,#2584,#2585,#2586,
#2587,#2588),#4534);
#11=ITEM_DEFINED_TRANSFORMATION($,$,#2774,#2999);
#12=(
REPRESENTATION_RELATIONSHIP($,$,#4549,#4548)
REPRESENTATION_RELATIONSHIP_WITH_TRANSFORMATION(#11)
SHAPE_REPRESENTATION_RELATIONSHIP()
);
#13=CONTEXT_DEPENDENT_SHAPE_REPRESENTATION(#12,#4547);
#14=NEXT_ASSEMBLY_USAGE_OCCURRENCE('Part1:1','Part1:1','Part1:1',#4551,
#4552,'Part1:1');
#15=SHAPE_REPRESENTATION_RELATIONSHIP('SRR','None',#4549,#16);
#16=ADVANCED_BREP_SHAPE_REPRESENTATION('',(#17,#18,#19,#20),#4533);
#17=MANIFOLD_SOLID_BREP('Solid6',#2725);
#18=MANIFOLD_SOLID_BREP('Solid6',#2726);
#19=MANIFOLD_SOLID_BREP('Solid6',#2727);
#20=MANIFOLD_SOLID_BREP('Solid6',#2728);
#21=FACE_BOUND('',#266,.T.);
#22=FACE_BOUND('',#301,.T.);
#23=FACE_BOUND('',#336,.T.);
#24=FACE_BOUND('',#371,.T.);
#25=B_SPLINE_CURVE_WITH_KNOTS('',3,(#3814,#3815,#3816,#3817,#3818,#3819,
#3820,#3821,#3822,#3823),.UNSPECIFIED.,.F.,.F.,(4,2,2,2,4),(0.810607690866331,
0.821442568595317,0.844697665397181,0.867952762199046,0.886180633585652),
 .UNSPECIFIED.);
#26=B_SPLINE_CURVE_WITH_KNOTS('',3,(#4012,#4013,#4014,#4015,#4016,#4017,
#4018,#4019,#4020,#4021),.UNSPECIFIED.,.F.,.F.,(4,2,2,2,4),(0.810607690866331,
0.821442568595317,0.844697665397181,0.867952762199046,0.886180633585652),
 .UNSPECIFIED.);
#27=B_SPLINE_CURVE_WITH_KNOTS('',3,(#4210,#4211,#4212,#4213,#4214,#4215,
#4216,#4217,#4218,#4219),.UNSPECIFIED.,.F.,.F.,(4,2,2,2,4),(0.810607690866331,
0.821442568595317,0.844697665397181,0.867952762199046,0.886180633585652),
 .UNSPECIFIED.);
#28=B_SPLINE_CURVE_WITH_KNOTS('',3,(#4408,#4409,#4410,#4411,#4412,#4413,
#4414,#4415,#4416,#4417),.UNSPECIFIED.,.F.,.F.,(4,2,2,2,4),(0.810607690866331,
0.821442568595317,0.844697665397181,0.867952762199046,0.886180633585652),
 .UNSPECIFIED.);
#29=PLANE('',#2778);
#30=PLANE('',#2780);
#31=PLANE('',#2783);
#32=PLANE('',#2784);
#33=PLANE('',#2796);
#34=PLANE('',#2797);
#35=PLANE('',#2798);
#36=PLANE('',#2799);
#37=PLANE('',#2800);
#38=PLANE('',#2801);
#39=PLANE('',#2802);
#40=PLANE('',#2805);
#41=PLANE('',#2808);
#42=PLANE('',#2811);
#43=PLANE('',#2814);
#44=PLANE('',#2815);
#45=PLANE('',#2816);
#46=PLANE('',#2819);
#47=PLANE('',#2822);
#48=PLANE('',#2825);
#49=PLANE('',#2828);
#50=PLANE('',#2829);
#51=PLANE('',#2830);
#52=PLANE('',#2834);
#53=PLANE('',#2836);
#54=PLANE('',#2839);
#55=PLANE('',#2840);
#56=PLANE('',#2852);
#57=PLANE('',#2853);
#58=PLANE('',#2854);
#59=PLANE('',#2855);
#60=PLANE('',#2856);
#61=PLANE('',#2857);
#62=PLANE('',#2858);
#63=PLANE('',#2861);
#64=PLANE('',#2864);
#65=PLANE('',#2867);
#66=PLANE('',#2870);
#67=PLANE('',#2871);
#68=PLANE('',#2872);
#69=PLANE('',#2875);
#70=PLANE('',#2878);
#71=PLANE('',#2881);
#72=PLANE('',#2884);
#73=PLANE('',#2885);
#74=PLANE('',#2886);
#75=PLANE('',#2890);
#76=PLANE('',#2892);
#77=PLANE('',#2895);
#78=PLANE('',#2896);
#79=PLANE('',#2908);
#80=PLANE('',#2909);
#81=PLANE('',#2910);
#82=PLANE('',#2911);
#83=PLANE('',#2912);
#84=PLANE('',#2913);
#85=PLANE('',#2914);
#86=PLANE('',#2917);
#87=PLANE('',#2920);
#88=PLANE('',#2923);
#89=PLANE('',#2926);
#90=PLANE('',#2927);
#91=PLANE('',#2928);
#92=PLANE('',#2931);
#93=PLANE('',#2934);
#94=PLANE('',#2937);
#95=PLANE('',#2940);
#96=PLANE('',#2941);
#97=PLANE('',#2942);
#98=PLANE('',#2946);
#99=PLANE('',#2948);
#100=PLANE('',#2951);
#101=PLANE('',#2952);
#102=PLANE('',#2964);
#103=PLANE('',#2965);
#104=PLANE('',#2966);
#105=PLANE('',#2967);
#106=PLANE('',#2968);
#107=PLANE('',#2969);
#108=PLANE('',#2970);
#109=PLANE('',#2973);
#110=PLANE('',#2976);
#111=PLANE('',#2979);
#112=PLANE('',#2982);
#113=PLANE('',#2983);
#114=PLANE('',#2984);
#115=PLANE('',#2987);
#116=PLANE('',#2990);
#117=PLANE('',#2993);
#118=PLANE('',#2996);
#119=PLANE('',#2997);
#120=PLANE('',#2998);
#121=FACE_OUTER_BOUND('',#257,.T.);
#122=FACE_OUTER_BOUND('',#258,.T.);
#123=FACE_OUTER_BOUND('',#259,.T.);
#124=FACE_OUTER_BOUND('',#260,.T.);
#125=FACE_OUTER_BOUND('',#261,.T.);
#126=FACE_OUTER_BOUND('',#262,.T.);
#127=FACE_OUTER_BOUND('',#263,.T.);
#128=FACE_OUTER_BOUND('',#264,.T.);
#129=FACE_OUTER_BOUND('',#265,.T.);
#130=FACE_OUTER_BOUND('',#267,.T.);
#131=FACE_OUTER_BOUND('',#268,.T.);
#132=FACE_OUTER_BOUND('',#269,.T.);
#133=FACE_OUTER_BOUND('',#270,.T.);
#134=FACE_OUTER_BOUND('',#271,.T.);
#135=FACE_OUTER_BOUND('',#272,.T.);
#136=FACE_OUTER_BOUND('',#273,.T.);
#137=FACE_OUTER_BOUND('',#274,.T.);
#138=FACE_OUTER_BOUND('',#275,.T.);
#139=FACE_OUTER_BOUND('',#276,.T.);
#140=FACE_OUTER_BOUND('',#277,.T.);
#141=FACE_OUTER_BOUND('',#278,.T.);
#142=FACE_OUTER_BOUND('',#279,.T.);
#143=FACE_OUTER_BOUND('',#280,.T.);
#144=FACE_OUTER_BOUND('',#281,.T.);
#145=FACE_OUTER_BOUND('',#282,.T.);
#146=FACE_OUTER_BOUND('',#283,.T.);
#147=FACE_OUTER_BOUND('',#284,.T.);
#148=FACE_OUTER_BOUND('',#285,.T.);
#149=FACE_OUTER_BOUND('',#286,.T.);
#150=FACE_OUTER_BOUND('',#287,.T.);
#151=FACE_OUTER_BOUND('',#288,.T.);
#152=FACE_OUTER_BOUND('',#289,.T.);
#153=FACE_OUTER_BOUND('',#290,.T.);
#154=FACE_OUTER_BOUND('',#291,.T.);
#155=FACE_OUTER_BOUND('',#292,.T.);
#156=FACE_OUTER_BOUND('',#293,.T.);
#157=FACE_OUTER_BOUND('',#294,.T.);
#158=FACE_OUTER_BOUND('',#295,.T.);
#159=FACE_OUTER_BOUND('',#296,.T.);
#160=FACE_OUTER_BOUND('',#297,.T.);
#161=FACE_OUTER_BOUND('',#298,.T.);
#162=FACE_OUTER_BOUND('',#299,.T.);
#163=FACE_OUTER_BOUND('',#300,.T.);
#164=FACE_OUTER_BOUND('',#302,.T.);
#165=FACE_OUTER_BOUND('',#303,.T.);
#166=FACE_OUTER_BOUND('',#304,.T.);
#167=FACE_OUTER_BOUND('',#305,.T.);
#168=FACE_OUTER_BOUND('',#306,.T.);
#169=FACE_OUTER_BOUND('',#307,.T.);
#170=FACE_OUTER_BOUND('',#308,.T.);
#171=FACE_OUTER_BOUND('',#309,.T.);
#172=FACE_OUTER_BOUND('',#310,.T.);
#173=FACE_OUTER_BOUND('',#311,.T.);
#174=FACE_OUTER_BOUND('',#312,.T.);
#175=FACE_OUTER_BOUND('',#313,.T.);
#176=FACE_OUTER_BOUND('',#314,.T.);
#177=FACE_OUTER_BOUND('',#315,.T.);
#178=FACE_OUTER_BOUND('',#316,.T.);
#179=FACE_OUTER_BOUND('',#317,.T.);
#180=FACE_OUTER_BOUND('',#318,.T.);
#181=FACE_OUTER_BOUND('',#319,.T.);
#182=FACE_OUTER_BOUND('',#320,.T.);
#183=FACE_OUTER_BOUND('',#321,.T.);
#184=FACE_OUTER_BOUND('',#322,.T.);
#185=FACE_OUTER_BOUND('',#323,.T.);
#186=FACE_OUTER_BOUND('',#324,.T.);
#187=FACE_OUTER_BOUND('',#325,.T.);
#188=FACE_OUTER_BOUND('',#326,.T.);
#189=FACE_OUTER_BOUND('',#327,.T.);
#190=FACE_OUTER_BOUND('',#328,.T.);
#191=FACE_OUTER_BOUND('',#329,.T.);
#192=FACE_OUTER_BOUND('',#330,.T.);
#193=FACE_OUTER_BOUND('',#331,.T.);
#194=FACE_OUTER_BOUND('',#332,.T.);
#195=FACE_OUTER_BOUND('',#333,.T.);
#196=FACE_OUTER_BOUND('',#334,.T.);
#197=FACE_OUTER_BOUND('',#335,.T.);
#198=FACE_OUTER_BOUND('',#337,.T.);
#199=FACE_OUTER_BOUND('',#338,.T.);
#200=FACE_OUTER_BOUND('',#339,.T.);
#201=FACE_OUTER_BOUND('',#340,.T.);
#202=FACE_OUTER_BOUND('',#341,.T.);
#203=FACE_OUTER_BOUND('',#342,.T.);
#204=FACE_OUTER_BOUND('',#343,.T.);
#205=FACE_OUTER_BOUND('',#344,.T.);
#206=FACE_OUTER_BOUND('',#345,.T.);
#207=FACE_OUTER_BOUND('',#346,.T.);
#208=FACE_OUTER_BOUND('',#347,.T.);
#209=FACE_OUTER_BOUND('',#348,.T.);
#210=FACE_OUTER_BOUND('',#349,.T.);
#211=FACE_OUTER_BOUND('',#350,.T.);
#212=FACE_OUTER_BOUND('',#351,.T.);
#213=FACE_OUTER_BOUND('',#352,.T.);
#214=FACE_OUTER_BOUND('',#353,.T.);
#215=FACE_OUTER_BOUND('',#354,.T.);
#216=FACE_OUTER_BOUND('',#355,.T.);
#217=FACE_OUTER_BOUND('',#356,.T.);
#218=FACE_OUTER_BOUND('',#357,.T.);
#219=FACE_OUTER_BOUND('',#358,.T.);
#220=FACE_OUTER_BOUND('',#359,.T.);
#221=FACE_OUTER_BOUND('',#360,.T.);
#222=FACE_OUTER_BOUND('',#361,.T.);
#223=FACE_OUTER_BOUND('',#362,.T.);
#224=FACE_OUTER_BOUND('',#363,.T.);
#225=FACE_OUTER_BOUND('',#364,.T.);
#226=FACE_OUTER_BOUND('',#365,.T.);
#227=FACE_OUTER_BOUND('',#366,.T.);
#228=FACE_OUTER_BOUND('',#367,.T.);
#229=FACE_OUTER_BOUND('',#368,.T.);
#230=FACE_OUTER_BOUND('',#369,.T.);
#231=FACE_OUTER_BOUND('',#370,.T.);
#232=FACE_OUTER_BOUND('',#372,.T.);
#233=FACE_OUTER_BOUND('',#373,.T.);
#234=FACE_OUTER_BOUND('',#374,.T.);
#235=FACE_OUTER_BOUND('',#375,.T.);
#236=FACE_OUTER_BOUND('',#376,.T.);
#237=FACE_OUTER_BOUND('',#377,.T.);
#238=FACE_OUTER_BOUND('',#378,.T.);
#239=FACE_OUTER_BOUND('',#379,.T.);
#240=FACE_OUTER_BOUND('',#380,.T.);
#241=FACE_OUTER_BOUND('',#381,.T.);
#242=FACE_OUTER_BOUND('',#382,.T.);
#243=FACE_OUTER_BOUND('',#383,.T.);
#244=FACE_OUTER_BOUND('',#384,.T.);
#245=FACE_OUTER_BOUND('',#385,.T.);
#246=FACE_OUTER_BOUND('',#386,.T.);
#247=FACE_OUTER_BOUND('',#387,.T.);
#248=FACE_OUTER_BOUND('',#388,.T.);
#249=FACE_OUTER_BOUND('',#389,.T.);
#250=FACE_OUTER_BOUND('',#390,.T.);
#251=FACE_OUTER_BOUND('',#391,.T.);
#252=FACE_OUTER_BOUND('',#392,.T.);
#253=FACE_OUTER_BOUND('',#393,.T.);
#254=FACE_OUTER_BOUND('',#394,.T.);
#255=FACE_OUTER_BOUND('',#395,.T.);
#256=FACE_OUTER_BOUND('',#396,.T.);
#257=EDGE_LOOP('',(#1665,#1666,#1667,#1668));
#258=EDGE_LOOP('',(#1669,#1670,#1671,#1672,#1673,#1674,#1675,#1676));
#259=EDGE_LOOP('',(#1677,#1678,#1679,#1680));
#260=EDGE_LOOP('',(#1681,#1682,#1683,#1684));
#261=EDGE_LOOP('',(#1685,#1686,#1687,#1688));
#262=EDGE_LOOP('',(#1689,#1690,#1691,#1692,#1693,#1694,#1695,#1696,#1697,
#1698,#1699,#1700,#1701,#1702,#1703,#1704,#1705,#1706,#1707,#1708));
#263=EDGE_LOOP('',(#1709,#1710,#1711,#1712,#1713));
#264=EDGE_LOOP('',(#1714,#1715,#1716,#1717));
#265=EDGE_LOOP('',(#1718,#1719,#1720,#1721));
#266=EDGE_LOOP('',(#1722,#1723,#1724,#1725));
#267=EDGE_LOOP('',(#1726,#1727,#1728,#1729));
#268=EDGE_LOOP('',(#1730,#1731,#1732,#1733));
#269=EDGE_LOOP('',(#1734,#1735,#1736,#1737));
#270=EDGE_LOOP('',(#1738,#1739,#1740,#1741));
#271=EDGE_LOOP('',(#1742,#1743,#1744,#1745));
#272=EDGE_LOOP('',(#1746,#1747,#1748,#1749));
#273=EDGE_LOOP('',(#1750,#1751,#1752,#1753));
#274=EDGE_LOOP('',(#1754,#1755,#1756,#1757));
#275=EDGE_LOOP('',(#1758,#1759,#1760,#1761));
#276=EDGE_LOOP('',(#1762,#1763,#1764,#1765));
#277=EDGE_LOOP('',(#1766,#1767,#1768,#1769));
#278=EDGE_LOOP('',(#1770,#1771,#1772,#1773,#1774));
#279=EDGE_LOOP('',(#1775,#1776,#1777,#1778,#1779,#1780));
#280=EDGE_LOOP('',(#1781,#1782,#1783,#1784));
#281=EDGE_LOOP('',(#1785,#1786,#1787,#1788,#1789,#1790,#1791));
#282=EDGE_LOOP('',(#1792,#1793,#1794,#1795));
#283=EDGE_LOOP('',(#1796,#1797,#1798,#1799));
#284=EDGE_LOOP('',(#1800,#1801,#1802,#1803));
#285=EDGE_LOOP('',(#1804,#1805,#1806,#1807));
#286=EDGE_LOOP('',(#1808,#1809,#1810,#1811));
#287=EDGE_LOOP('',(#1812,#1813,#1814,#1815));
#288=EDGE_LOOP('',(#1816,#1817,#1818,#1819));
#289=EDGE_LOOP('',(#1820,#1821,#1822,#1823,#1824,#1825,#1826,#1827));
#290=EDGE_LOOP('',(#1828,#1829,#1830,#1831,#1832,#1833,#1834,#1835,#1836,
#1837,#1838,#1839,#1840,#1841,#1842,#1843,#1844,#1845,#1846));
#291=EDGE_LOOP('',(#1847,#1848,#1849,#1850));
#292=EDGE_LOOP('',(#1851,#1852,#1853,#1854));
#293=EDGE_LOOP('',(#1855,#1856,#1857,#1858,#1859,#1860,#1861,#1862));
#294=EDGE_LOOP('',(#1863,#1864,#1865,#1866));
#295=EDGE_LOOP('',(#1867,#1868,#1869,#1870));
#296=EDGE_LOOP('',(#1871,#1872,#1873,#1874));
#297=EDGE_LOOP('',(#1875,#1876,#1877,#1878,#1879,#1880,#1881,#1882,#1883,
#1884,#1885,#1886,#1887,#1888,#1889,#1890,#1891,#1892,#1893,#1894));
#298=EDGE_LOOP('',(#1895,#1896,#1897,#1898,#1899));
#299=EDGE_LOOP('',(#1900,#1901,#1902,#1903));
#300=EDGE_LOOP('',(#1904,#1905,#1906,#1907));
#301=EDGE_LOOP('',(#1908,#1909,#1910,#1911));
#302=EDGE_LOOP('',(#1912,#1913,#1914,#1915));
#303=EDGE_LOOP('',(#1916,#1917,#1918,#1919));
#304=EDGE_LOOP('',(#1920,#1921,#1922,#1923));
#305=EDGE_LOOP('',(#1924,#1925,#1926,#1927));
#306=EDGE_LOOP('',(#1928,#1929,#1930,#1931));
#307=EDGE_LOOP('',(#1932,#1933,#1934,#1935));
#308=EDGE_LOOP('',(#1936,#1937,#1938,#1939));
#309=EDGE_LOOP('',(#1940,#1941,#1942,#1943));
#310=EDGE_LOOP('',(#1944,#1945,#1946,#1947));
#311=EDGE_LOOP('',(#1948,#1949,#1950,#1951));
#312=EDGE_LOOP('',(#1952,#1953,#1954,#1955));
#313=EDGE_LOOP('',(#1956,#1957,#1958,#1959,#1960));
#314=EDGE_LOOP('',(#1961,#1962,#1963,#1964,#1965,#1966));
#315=EDGE_LOOP('',(#1967,#1968,#1969,#1970));
#316=EDGE_LOOP('',(#1971,#1972,#1973,#1974,#1975,#1976,#1977));
#317=EDGE_LOOP('',(#1978,#1979,#1980,#1981));
#318=EDGE_LOOP('',(#1982,#1983,#1984,#1985));
#319=EDGE_LOOP('',(#1986,#1987,#1988,#1989));
#320=EDGE_LOOP('',(#1990,#1991,#1992,#1993));
#321=EDGE_LOOP('',(#1994,#1995,#1996,#1997));
#322=EDGE_LOOP('',(#1998,#1999,#2000,#2001));
#323=EDGE_LOOP('',(#2002,#2003,#2004,#2005));
#324=EDGE_LOOP('',(#2006,#2007,#2008,#2009,#2010,#2011,#2012,#2013));
#325=EDGE_LOOP('',(#2014,#2015,#2016,#2017,#2018,#2019,#2020,#2021,#2022,
#2023,#2024,#2025,#2026,#2027,#2028,#2029,#2030,#2031,#2032));
#326=EDGE_LOOP('',(#2033,#2034,#2035,#2036));
#327=EDGE_LOOP('',(#2037,#2038,#2039,#2040));
#328=EDGE_LOOP('',(#2041,#2042,#2043,#2044,#2045,#2046,#2047,#2048));
#329=EDGE_LOOP('',(#2049,#2050,#2051,#2052));
#330=EDGE_LOOP('',(#2053,#2054,#2055,#2056));
#331=EDGE_LOOP('',(#2057,#2058,#2059,#2060));
#332=EDGE_LOOP('',(#2061,#2062,#2063,#2064,#2065,#2066,#2067,#2068,#2069,
#2070,#2071,#2072,#2073,#2074,#2075,#2076,#2077,#2078,#2079,#2080));
#333=EDGE_LOOP('',(#2081,#2082,#2083,#2084,#2085));
#334=EDGE_LOOP('',(#2086,#2087,#2088,#2089));
#335=EDGE_LOOP('',(#2090,#2091,#2092,#2093));
#336=EDGE_LOOP('',(#2094,#2095,#2096,#2097));
#337=EDGE_LOOP('',(#2098,#2099,#2100,#2101));
#338=EDGE_LOOP('',(#2102,#2103,#2104,#2105));
#339=EDGE_LOOP('',(#2106,#2107,#2108,#2109));
#340=EDGE_LOOP('',(#2110,#2111,#2112,#2113));
#341=EDGE_LOOP('',(#2114,#2115,#2116,#2117));
#342=EDGE_LOOP('',(#2118,#2119,#2120,#2121));
#343=EDGE_LOOP('',(#2122,#2123,#2124,#2125));
#344=EDGE_LOOP('',(#2126,#2127,#2128,#2129));
#345=EDGE_LOOP('',(#2130,#2131,#2132,#2133));
#346=EDGE_LOOP('',(#2134,#2135,#2136,#2137));
#347=EDGE_LOOP('',(#2138,#2139,#2140,#2141));
#348=EDGE_LOOP('',(#2142,#2143,#2144,#2145,#2146));
#349=EDGE_LOOP('',(#2147,#2148,#2149,#2150,#2151,#2152));
#350=EDGE_LOOP('',(#2153,#2154,#2155,#2156));
#351=EDGE_LOOP('',(#2157,#2158,#2159,#2160,#2161,#2162,#2163));
#352=EDGE_LOOP('',(#2164,#2165,#2166,#2167));
#353=EDGE_LOOP('',(#2168,#2169,#2170,#2171));
#354=EDGE_LOOP('',(#2172,#2173,#2174,#2175));
#355=EDGE_LOOP('',(#2176,#2177,#2178,#2179));
#356=EDGE_LOOP('',(#2180,#2181,#2182,#2183));
#357=EDGE_LOOP('',(#2184,#2185,#2186,#2187));
#358=EDGE_LOOP('',(#2188,#2189,#2190,#2191));
#359=EDGE_LOOP('',(#2192,#2193,#2194,#2195,#2196,#2197,#2198,#2199));
#360=EDGE_LOOP('',(#2200,#2201,#2202,#2203,#2204,#2205,#2206,#2207,#2208,
#2209,#2210,#2211,#2212,#2213,#2214,#2215,#2216,#2217,#2218));
#361=EDGE_LOOP('',(#2219,#2220,#2221,#2222));
#362=EDGE_LOOP('',(#2223,#2224,#2225,#2226));
#363=EDGE_LOOP('',(#2227,#2228,#2229,#2230,#2231,#2232,#2233,#2234));
#364=EDGE_LOOP('',(#2235,#2236,#2237,#2238));
#365=EDGE_LOOP('',(#2239,#2240,#2241,#2242));
#366=EDGE_LOOP('',(#2243,#2244,#2245,#2246));
#367=EDGE_LOOP('',(#2247,#2248,#2249,#2250,#2251,#2252,#2253,#2254,#2255,
#2256,#2257,#2258,#2259,#2260,#2261,#2262,#2263,#2264,#2265,#2266));
#368=EDGE_LOOP('',(#2267,#2268,#2269,#2270,#2271));
#369=EDGE_LOOP('',(#2272,#2273,#2274,#2275));
#370=EDGE_LOOP('',(#2276,#2277,#2278,#2279));
#371=EDGE_LOOP('',(#2280,#2281,#2282,#2283));
#372=EDGE_LOOP('',(#2284,#2285,#2286,#2287));
#373=EDGE_LOOP('',(#2288,#2289,#2290,#2291));
#374=EDGE_LOOP('',(#2292,#2293,#2294,#2295));
#375=EDGE_LOOP('',(#2296,#2297,#2298,#2299));
#376=EDGE_LOOP('',(#2300,#2301,#2302,#2303));
#377=EDGE_LOOP('',(#2304,#2305,#2306,#2307));
#378=EDGE_LOOP('',(#2308,#2309,#2310,#2311));
#379=EDGE_LOOP('',(#2312,#2313,#2314,#2315));
#380=EDGE_LOOP('',(#2316,#2317,#2318,#2319));
#381=EDGE_LOOP('',(#2320,#2321,#2322,#2323));
#382=EDGE_LOOP('',(#2324,#2325,#2326,#2327));
#383=EDGE_LOOP('',(#2328,#2329,#2330,#2331,#2332));
#384=EDGE_LOOP('',(#2333,#2334,#2335,#2336,#2337,#2338));
#385=EDGE_LOOP('',(#2339,#2340,#2341,#2342));
#386=EDGE_LOOP('',(#2343,#2344,#2345,#2346,#2347,#2348,#2349));
#387=EDGE_LOOP('',(#2350,#2351,#2352,#2353));
#388=EDGE_LOOP('',(#2354,#2355,#2356,#2357));
#389=EDGE_LOOP('',(#2358,#2359,#2360,#2361));
#390=EDGE_LOOP('',(#2362,#2363,#2364,#2365));
#391=EDGE_LOOP('',(#2366,#2367,#2368,#2369));
#392=EDGE_LOOP('',(#2370,#2371,#2372,#2373));
#393=EDGE_LOOP('',(#2374,#2375,#2376,#2377));
#394=EDGE_LOOP('',(#2378,#2379,#2380,#2381,#2382,#2383,#2384,#2385));
#395=EDGE_LOOP('',(#2386,#2387,#2388,#2389,#2390,#2391,#2392,#2393,#2394,
#2395,#2396,#2397,#2398,#2399,#2400,#2401,#2402,#2403,#2404));
#396=EDGE_LOOP('',(#2405,#2406,#2407,#2408));
#397=LINE('',#3741,#677);
#398=LINE('',#3744,#678);
#399=LINE('',#3747,#679);
#400=LINE('',#3749,#680);
#401=LINE('',#3751,#681);
#402=LINE('',#3755,#682);
#403=LINE('',#3757,#683);
#404=LINE('',#3758,#684);
#405=LINE('',#3761,#685);
#406=LINE('',#3762,#686);
#407=LINE('',#3765,#687);
#408=LINE('',#3768,#688);
#409=LINE('',#3771,#689);
#410=LINE('',#3772,#690);
#411=LINE('',#3777,#691);
#412=LINE('',#3781,#692);
#413=LINE('',#3785,#693);
#414=LINE('',#3789,#694);
#415=LINE('',#3791,#695);
#416=LINE('',#3793,#696);
#417=LINE('',#3797,#697);
#418=LINE('',#3801,#698);
#419=LINE('',#3805,#699);
#420=LINE('',#3808,#700);
#421=LINE('',#3825,#701);
#422=LINE('',#3828,#702);
#423=LINE('',#3831,#703);
#424=LINE('',#3833,#704);
#425=LINE('',#3834,#705);
#426=LINE('',#3838,#706);
#427=LINE('',#3840,#707);
#428=LINE('',#3842,#708);
#429=LINE('',#3843,#709);
#430=LINE('',#3845,#710);
#431=LINE('',#3847,#711);
#432=LINE('',#3848,#712);
#433=LINE('',#3852,#713);
#434=LINE('',#3853,#714);
#435=LINE('',#3854,#715);
#436=LINE('',#3857,#716);
#437=LINE('',#3858,#717);
#438=LINE('',#3861,#718);
#439=LINE('',#3862,#719);
#440=LINE('',#3864,#720);
#441=LINE('',#3869,#721);
#442=LINE('',#3872,#722);
#443=LINE('',#3873,#723);
#444=LINE('',#3877,#724);
#445=LINE('',#3880,#725);
#446=LINE('',#3881,#726);
#447=LINE('',#3885,#727);
#448=LINE('',#3888,#728);
#449=LINE('',#3889,#729);
#450=LINE('',#3892,#730);
#451=LINE('',#3894,#731);
#452=LINE('',#3896,#732);
#453=LINE('',#3899,#733);
#454=LINE('',#3900,#734);
#455=LINE('',#3904,#735);
#456=LINE('',#3907,#736);
#457=LINE('',#3908,#737);
#458=LINE('',#3912,#738);
#459=LINE('',#3915,#739);
#460=LINE('',#3916,#740);
#461=LINE('',#3920,#741);
#462=LINE('',#3923,#742);
#463=LINE('',#3924,#743);
#464=LINE('',#3928,#744);
#465=LINE('',#3930,#745);
#466=LINE('',#3931,#746);
#467=LINE('',#3939,#747);
#468=LINE('',#3942,#748);
#469=LINE('',#3945,#749);
#470=LINE('',#3947,#750);
#471=LINE('',#3949,#751);
#472=LINE('',#3953,#752);
#473=LINE('',#3955,#753);
#474=LINE('',#3956,#754);
#475=LINE('',#3959,#755);
#476=LINE('',#3960,#756);
#477=LINE('',#3963,#757);
#478=LINE('',#3966,#758);
#479=LINE('',#3969,#759);
#480=LINE('',#3970,#760);
#481=LINE('',#3975,#761);
#482=LINE('',#3979,#762);
#483=LINE('',#3983,#763);
#484=LINE('',#3987,#764);
#485=LINE('',#3989,#765);
#486=LINE('',#3991,#766);
#487=LINE('',#3995,#767);
#488=LINE('',#3999,#768);
#489=LINE('',#4003,#769);
#490=LINE('',#4006,#770);
#491=LINE('',#4023,#771);
#492=LINE('',#4026,#772);
#493=LINE('',#4029,#773);
#494=LINE('',#4031,#774);
#495=LINE('',#4032,#775);
#496=LINE('',#4036,#776);
#497=LINE('',#4038,#777);
#498=LINE('',#4040,#778);
#499=LINE('',#4041,#779);
#500=LINE('',#4043,#780);
#501=LINE('',#4045,#781);
#502=LINE('',#4046,#782);
#503=LINE('',#4050,#783);
#504=LINE('',#4051,#784);
#505=LINE('',#4052,#785);
#506=LINE('',#4055,#786);
#507=LINE('',#4056,#787);
#508=LINE('',#4059,#788);
#509=LINE('',#4060,#789);
#510=LINE('',#4062,#790);
#511=LINE('',#4067,#791);
#512=LINE('',#4070,#792);
#513=LINE('',#4071,#793);
#514=LINE('',#4075,#794);
#515=LINE('',#4078,#795);
#516=LINE('',#4079,#796);
#517=LINE('',#4083,#797);
#518=LINE('',#4086,#798);
#519=LINE('',#4087,#799);
#520=LINE('',#4090,#800);
#521=LINE('',#4092,#801);
#522=LINE('',#4094,#802);
#523=LINE('',#4097,#803);
#524=LINE('',#4098,#804);
#525=LINE('',#4102,#805);
#526=LINE('',#4105,#806);
#527=LINE('',#4106,#807);
#528=LINE('',#4110,#808);
#529=LINE('',#4113,#809);
#530=LINE('',#4114,#810);
#531=LINE('',#4118,#811);
#532=LINE('',#4121,#812);
#533=LINE('',#4122,#813);
#534=LINE('',#4126,#814);
#535=LINE('',#4128,#815);
#536=LINE('',#4129,#816);
#537=LINE('',#4137,#817);
#538=LINE('',#4140,#818);
#539=LINE('',#4143,#819);
#540=LINE('',#4145,#820);
#541=LINE('',#4147,#821);
#542=LINE('',#4151,#822);
#543=LINE('',#4153,#823);
#544=LINE('',#4154,#824);
#545=LINE('',#4157,#825);
#546=LINE('',#4158,#826);
#547=LINE('',#4161,#827);
#548=LINE('',#4164,#828);
#549=LINE('',#4167,#829);
#550=LINE('',#4168,#830);
#551=LINE('',#4173,#831);
#552=LINE('',#4177,#832);
#553=LINE('',#4181,#833);
#554=LINE('',#4185,#834);
#555=LINE('',#4187,#835);
#556=LINE('',#4189,#836);
#557=LINE('',#4193,#837);
#558=LINE('',#4197,#838);
#559=LINE('',#4201,#839);
#560=LINE('',#4204,#840);
#561=LINE('',#4221,#841);
#562=LINE('',#4224,#842);
#563=LINE('',#4227,#843);
#564=LINE('',#4229,#844);
#565=LINE('',#4230,#845);
#566=LINE('',#4234,#846);
#567=LINE('',#4236,#847);
#568=LINE('',#4238,#848);
#569=LINE('',#4239,#849);
#570=LINE('',#4241,#850);
#571=LINE('',#4243,#851);
#572=LINE('',#4244,#852);
#573=LINE('',#4248,#853);
#574=LINE('',#4249,#854);
#575=LINE('',#4250,#855);
#576=LINE('',#4253,#856);
#577=LINE('',#4254,#857);
#578=LINE('',#4257,#858);
#579=LINE('',#4258,#859);
#580=LINE('',#4260,#860);
#581=LINE('',#4265,#861);
#582=LINE('',#4268,#862);
#583=LINE('',#4269,#863);
#584=LINE('',#4273,#864);
#585=LINE('',#4276,#865);
#586=LINE('',#4277,#866);
#587=LINE('',#4281,#867);
#588=LINE('',#4284,#868);
#589=LINE('',#4285,#869);
#590=LINE('',#4288,#870);
#591=LINE('',#4290,#871);
#592=LINE('',#4292,#872);
#593=LINE('',#4295,#873);
#594=LINE('',#4296,#874);
#595=LINE('',#4300,#875);
#596=LINE('',#4303,#876);
#597=LINE('',#4304,#877);
#598=LINE('',#4308,#878);
#599=LINE('',#4311,#879);
#600=LINE('',#4312,#880);
#601=LINE('',#4316,#881);
#602=LINE('',#4319,#882);
#603=LINE('',#4320,#883);
#604=LINE('',#4324,#884);
#605=LINE('',#4326,#885);
#606=LINE('',#4327,#886);
#607=LINE('',#4335,#887);
#608=LINE('',#4338,#888);
#609=LINE('',#4341,#889);
#610=LINE('',#4343,#890);
#611=LINE('',#4345,#891);
#612=LINE('',#4349,#892);
#613=LINE('',#4351,#893);
#614=LINE('',#4352,#894);
#615=LINE('',#4355,#895);
#616=LINE('',#4356,#896);
#617=LINE('',#4359,#897);
#618=LINE('',#4362,#898);
#619=LINE('',#4365,#899);
#620=LINE('',#4366,#900);
#621=LINE('',#4371,#901);
#622=LINE('',#4375,#902);
#623=LINE('',#4379,#903);
#624=LINE('',#4383,#904);
#625=LINE('',#4385,#905);
#626=LINE('',#4387,#906);
#627=LINE('',#4391,#907);
#628=LINE('',#4395,#908);
#629=LINE('',#4399,#909);
#630=LINE('',#4402,#910);
#631=LINE('',#4419,#911);
#632=LINE('',#4422,#912);
#633=LINE('',#4425,#913);
#634=LINE('',#4427,#914);
#635=LINE('',#4428,#915);
#636=LINE('',#4432,#916);
#637=LINE('',#4434,#917);
#638=LINE('',#4436,#918);
#639=LINE('',#4437,#919);
#640=LINE('',#4439,#920);
#641=LINE('',#4441,#921);
#642=LINE('',#4442,#922);
#643=LINE('',#4446,#923);
#644=LINE('',#4447,#924);
#645=LINE('',#4448,#925);
#646=LINE('',#4451,#926);
#647=LINE('',#4452,#927);
#648=LINE('',#4455,#928);
#649=LINE('',#4456,#929);
#650=LINE('',#4458,#930);
#651=LINE('',#4463,#931);
#652=LINE('',#4466,#932);
#653=LINE('',#4467,#933);
#654=LINE('',#4471,#934);
#655=LINE('',#4474,#935);
#656=LINE('',#4475,#936);
#657=LINE('',#4479,#937);
#658=LINE('',#4482,#938);
#659=LINE('',#4483,#939);
#660=LINE('',#4486,#940);
#661=LINE('',#4488,#941);
#662=LINE('',#4490,#942);
#663=LINE('',#4493,#943);
#664=LINE('',#4494,#944);
#665=LINE('',#4498,#945);
#666=LINE('',#4501,#946);
#667=LINE('',#4502,#947);
#668=LINE('',#4506,#948);
#669=LINE('',#4509,#949);
#670=LINE('',#4510,#950);
#671=LINE('',#4514,#951);
#672=LINE('',#4517,#952);
#673=LINE('',#4518,#953);
#674=LINE('',#4522,#954);
#675=LINE('',#4524,#955);
#676=LINE('',#4525,#956);
#677=VECTOR('',#3008,0.393700787401575);
#678=VECTOR('',#3011,0.393700787401575);
#679=VECTOR('',#3014,0.393700787401575);
#680=VECTOR('',#3015,0.393700787401575);
#681=VECTOR('',#3016,0.393700787401575);
#682=VECTOR('',#3019,0.393700787401575);
#683=VECTOR('',#3020,0.393700787401575);
#684=VECTOR('',#3021,0.393700787401575);
#685=VECTOR('',#3024,0.393700787401575);
#686=VECTOR('',#3025,0.393700787401575);
#687=VECTOR('',#3028,0.393700787401575);
#688=VECTOR('',#3031,0.393700787401575);
#689=VECTOR('',#3034,0.393700787401575);
#690=VECTOR('',#3035,0.393700787401575);
#691=VECTOR('',#3040,0.393700787401575);
#692=VECTOR('',#3043,0.393700787401575);
#693=VECTOR('',#3046,0.393700787401575);
#694=VECTOR('',#3049,0.393700787401575);
#695=VECTOR('',#3050,0.393700787401575);
#696=VECTOR('',#3051,0.393700787401575);
#697=VECTOR('',#3054,0.393700787401575);
#698=VECTOR('',#3057,0.393700787401575);
#699=VECTOR('',#3060,0.393700787401575);
#700=VECTOR('',#3063,0.393700787401575);
#701=VECTOR('',#3068,0.393700787401575);
#702=VECTOR('',#3071,0.393700787401575);
#703=VECTOR('',#3074,0.393700787401575);
#704=VECTOR('',#3075,0.393700787401575);
#705=VECTOR('',#3076,0.393700787401575);
#706=VECTOR('',#3079,0.393700787401575);
#707=VECTOR('',#3080,0.393700787401575);
#708=VECTOR('',#3081,0.393700787401575);
#709=VECTOR('',#3082,0.393700787401575);
#710=VECTOR('',#3083,0.393700787401575);
#711=VECTOR('',#3084,0.393700787401575);
#712=VECTOR('',#3085,0.393700787401575);
#713=VECTOR('',#3088,0.393700787401575);
#714=VECTOR('',#3089,0.393700787401575);
#715=VECTOR('',#3090,0.393700787401575);
#716=VECTOR('',#3093,0.393700787401575);
#717=VECTOR('',#3094,0.393700787401575);
#718=VECTOR('',#3097,0.393700787401575);
#719=VECTOR('',#3098,0.393700787401575);
#720=VECTOR('',#3101,0.393700787401575);
#721=VECTOR('',#3108,0.393700787401575);
#722=VECTOR('',#3111,0.393700787401575);
#723=VECTOR('',#3112,0.393700787401575);
#724=VECTOR('',#3117,0.393700787401575);
#725=VECTOR('',#3120,0.393700787401575);
#726=VECTOR('',#3121,0.393700787401575);
#727=VECTOR('',#3126,0.393700787401575);
#728=VECTOR('',#3129,0.393700787401575);
#729=VECTOR('',#3130,0.393700787401575);
#730=VECTOR('',#3135,0.393700787401575);
#731=VECTOR('',#3138,0.393700787401575);
#732=VECTOR('',#3141,0.393700787401575);
#733=VECTOR('',#3144,0.393700787401575);
#734=VECTOR('',#3145,0.393700787401575);
#735=VECTOR('',#3150,0.393700787401575);
#736=VECTOR('',#3153,0.393700787401575);
#737=VECTOR('',#3154,0.393700787401575);
#738=VECTOR('',#3159,0.393700787401575);
#739=VECTOR('',#3162,0.393700787401575);
#740=VECTOR('',#3163,0.393700787401575);
#741=VECTOR('',#3168,0.393700787401575);
#742=VECTOR('',#3171,0.393700787401575);
#743=VECTOR('',#3172,0.393700787401575);
#744=VECTOR('',#3177,0.393700787401575);
#745=VECTOR('',#3180,0.393700787401575);
#746=VECTOR('',#3181,0.393700787401575);
#747=VECTOR('',#3190,0.393700787401575);
#748=VECTOR('',#3193,0.393700787401575);
#749=VECTOR('',#3196,0.393700787401575);
#750=VECTOR('',#3197,0.393700787401575);
#751=VECTOR('',#3198,0.393700787401575);
#752=VECTOR('',#3201,0.393700787401575);
#753=VECTOR('',#3202,0.393700787401575);
#754=VECTOR('',#3203,0.393700787401575);
#755=VECTOR('',#3206,0.393700787401575);
#756=VECTOR('',#3207,0.393700787401575);
#757=VECTOR('',#3210,0.393700787401575);
#758=VECTOR('',#3213,0.393700787401575);
#759=VECTOR('',#3216,0.393700787401575);
#760=VECTOR('',#3217,0.393700787401575);
#761=VECTOR('',#3222,0.393700787401575);
#762=VECTOR('',#3225,0.393700787401575);
#763=VECTOR('',#3228,0.393700787401575);
#764=VECTOR('',#3231,0.393700787401575);
#765=VECTOR('',#3232,0.393700787401575);
#766=VECTOR('',#3233,0.393700787401575);
#767=VECTOR('',#3236,0.393700787401575);
#768=VECTOR('',#3239,0.393700787401575);
#769=VECTOR('',#3242,0.393700787401575);
#770=VECTOR('',#3245,0.393700787401575);
#771=VECTOR('',#3250,0.393700787401575);
#772=VECTOR('',#3253,0.393700787401575);
#773=VECTOR('',#3256,0.393700787401575);
#774=VECTOR('',#3257,0.393700787401575);
#775=VECTOR('',#3258,0.393700787401575);
#776=VECTOR('',#3261,0.393700787401575);
#777=VECTOR('',#3262,0.393700787401575);
#778=VECTOR('',#3263,0.393700787401575);
#779=VECTOR('',#3264,0.393700787401575);
#780=VECTOR('',#3265,0.393700787401575);
#781=VECTOR('',#3266,0.393700787401575);
#782=VECTOR('',#3267,0.393700787401575);
#783=VECTOR('',#3270,0.393700787401575);
#784=VECTOR('',#3271,0.393700787401575);
#785=VECTOR('',#3272,0.393700787401575);
#786=VECTOR('',#3275,0.393700787401575);
#787=VECTOR('',#3276,0.393700787401575);
#788=VECTOR('',#3279,0.393700787401575);
#789=VECTOR('',#3280,0.393700787401575);
#790=VECTOR('',#3283,0.393700787401575);
#791=VECTOR('',#3290,0.393700787401575);
#792=VECTOR('',#3293,0.393700787401575);
#793=VECTOR('',#3294,0.393700787401575);
#794=VECTOR('',#3299,0.393700787401575);
#795=VECTOR('',#3302,0.393700787401575);
#796=VECTOR('',#3303,0.393700787401575);
#797=VECTOR('',#3308,0.393700787401575);
#798=VECTOR('',#3311,0.393700787401575);
#799=VECTOR('',#3312,0.393700787401575);
#800=VECTOR('',#3317,0.393700787401575);
#801=VECTOR('',#3320,0.393700787401575);
#802=VECTOR('',#3323,0.393700787401575);
#803=VECTOR('',#3326,0.393700787401575);
#804=VECTOR('',#3327,0.393700787401575);
#805=VECTOR('',#3332,0.393700787401575);
#806=VECTOR('',#3335,0.393700787401575);
#807=VECTOR('',#3336,0.393700787401575);
#808=VECTOR('',#3341,0.393700787401575);
#809=VECTOR('',#3344,0.393700787401575);
#810=VECTOR('',#3345,0.393700787401575);
#811=VECTOR('',#3350,0.393700787401575);
#812=VECTOR('',#3353,0.393700787401575);
#813=VECTOR('',#3354,0.393700787401575);
#814=VECTOR('',#3359,0.393700787401575);
#815=VECTOR('',#3362,0.393700787401575);
#816=VECTOR('',#3363,0.393700787401575);
#817=VECTOR('',#3372,0.393700787401575);
#818=VECTOR('',#3375,0.393700787401575);
#819=VECTOR('',#3378,0.393700787401575);
#820=VECTOR('',#3379,0.393700787401575);
#821=VECTOR('',#3380,0.393700787401575);
#822=VECTOR('',#3383,0.393700787401575);
#823=VECTOR('',#3384,0.393700787401575);
#824=VECTOR('',#3385,0.393700787401575);
#825=VECTOR('',#3388,0.393700787401575);
#826=VECTOR('',#3389,0.393700787401575);
#827=VECTOR('',#3392,0.393700787401575);
#828=VECTOR('',#3395,0.393700787401575);
#829=VECTOR('',#3398,0.393700787401575);
#830=VECTOR('',#3399,0.393700787401575);
#831=VECTOR('',#3404,0.393700787401575);
#832=VECTOR('',#3407,0.393700787401575);
#833=VECTOR('',#3410,0.393700787401575);
#834=VECTOR('',#3413,0.393700787401575);
#835=VECTOR('',#3414,0.393700787401575);
#836=VECTOR('',#3415,0.393700787401575);
#837=VECTOR('',#3418,0.393700787401575);
#838=VECTOR('',#3421,0.393700787401575);
#839=VECTOR('',#3424,0.393700787401575);
#840=VECTOR('',#3427,0.393700787401575);
#841=VECTOR('',#3432,0.393700787401575);
#842=VECTOR('',#3435,0.393700787401575);
#843=VECTOR('',#3438,0.393700787401575);
#844=VECTOR('',#3439,0.393700787401575);
#845=VECTOR('',#3440,0.393700787401575);
#846=VECTOR('',#3443,0.393700787401575);
#847=VECTOR('',#3444,0.393700787401575);
#848=VECTOR('',#3445,0.393700787401575);
#849=VECTOR('',#3446,0.393700787401575);
#850=VECTOR('',#3447,0.393700787401575);
#851=VECTOR('',#3448,0.393700787401575);
#852=VECTOR('',#3449,0.393700787401575);
#853=VECTOR('',#3452,0.393700787401575);
#854=VECTOR('',#3453,0.393700787401575);
#855=VECTOR('',#3454,0.393700787401575);
#856=VECTOR('',#3457,0.393700787401575);
#857=VECTOR('',#3458,0.393700787401575);
#858=VECTOR('',#3461,0.393700787401575);
#859=VECTOR('',#3462,0.393700787401575);
#860=VECTOR('',#3465,0.393700787401575);
#861=VECTOR('',#3472,0.393700787401575);
#862=VECTOR('',#3475,0.393700787401575);
#863=VECTOR('',#3476,0.393700787401575);
#864=VECTOR('',#3481,0.393700787401575);
#865=VECTOR('',#3484,0.393700787401575);
#866=VECTOR('',#3485,0.393700787401575);
#867=VECTOR('',#3490,0.393700787401575);
#868=VECTOR('',#3493,0.393700787401575);
#869=VECTOR('',#3494,0.393700787401575);
#870=VECTOR('',#3499,0.393700787401575);
#871=VECTOR('',#3502,0.393700787401575);
#872=VECTOR('',#3505,0.393700787401575);
#873=VECTOR('',#3508,0.393700787401575);
#874=VECTOR('',#3509,0.393700787401575);
#875=VECTOR('',#3514,0.393700787401575);
#876=VECTOR('',#3517,0.393700787401575);
#877=VECTOR('',#3518,0.393700787401575);
#878=VECTOR('',#3523,0.393700787401575);
#879=VECTOR('',#3526,0.393700787401575);
#880=VECTOR('',#3527,0.393700787401575);
#881=VECTOR('',#3532,0.393700787401575);
#882=VECTOR('',#3535,0.393700787401575);
#883=VECTOR('',#3536,0.393700787401575);
#884=VECTOR('',#3541,0.393700787401575);
#885=VECTOR('',#3544,0.393700787401575);
#886=VECTOR('',#3545,0.393700787401575);
#887=VECTOR('',#3554,0.393700787401575);
#888=VECTOR('',#3557,0.393700787401575);
#889=VECTOR('',#3560,0.393700787401575);
#890=VECTOR('',#3561,0.393700787401575);
#891=VECTOR('',#3562,0.393700787401575);
#892=VECTOR('',#3565,0.393700787401575);
#893=VECTOR('',#3566,0.393700787401575);
#894=VECTOR('',#3567,0.393700787401575);
#895=VECTOR('',#3570,0.393700787401575);
#896=VECTOR('',#3571,0.393700787401575);
#897=VECTOR('',#3574,0.393700787401575);
#898=VECTOR('',#3577,0.393700787401575);
#899=VECTOR('',#3580,0.393700787401575);
#900=VECTOR('',#3581,0.393700787401575);
#901=VECTOR('',#3586,0.393700787401575);
#902=VECTOR('',#3589,0.393700787401575);
#903=VECTOR('',#3592,0.393700787401575);
#904=VECTOR('',#3595,0.393700787401575);
#905=VECTOR('',#3596,0.393700787401575);
#906=VECTOR('',#3597,0.393700787401575);
#907=VECTOR('',#3600,0.393700787401575);
#908=VECTOR('',#3603,0.393700787401575);
#909=VECTOR('',#3606,0.393700787401575);
#910=VECTOR('',#3609,0.393700787401575);
#911=VECTOR('',#3614,0.393700787401575);
#912=VECTOR('',#3617,0.393700787401575);
#913=VECTOR('',#3620,0.393700787401575);
#914=VECTOR('',#3621,0.393700787401575);
#915=VECTOR('',#3622,0.393700787401575);
#916=VECTOR('',#3625,0.393700787401575);
#917=VECTOR('',#3626,0.393700787401575);
#918=VECTOR('',#3627,0.393700787401575);
#919=VECTOR('',#3628,0.393700787401575);
#920=VECTOR('',#3629,0.393700787401575);
#921=VECTOR('',#3630,0.393700787401575);
#922=VECTOR('',#3631,0.393700787401575);
#923=VECTOR('',#3634,0.393700787401575);
#924=VECTOR('',#3635,0.393700787401575);
#925=VECTOR('',#3636,0.393700787401575);
#926=VECTOR('',#3639,0.393700787401575);
#927=VECTOR('',#3640,0.393700787401575);
#928=VECTOR('',#3643,0.393700787401575);
#929=VECTOR('',#3644,0.393700787401575);
#930=VECTOR('',#3647,0.393700787401575);
#931=VECTOR('',#3654,0.393700787401575);
#932=VECTOR('',#3657,0.393700787401575);
#933=VECTOR('',#3658,0.393700787401575);
#934=VECTOR('',#3663,0.393700787401575);
#935=VECTOR('',#3666,0.393700787401575);
#936=VECTOR('',#3667,0.393700787401575);
#937=VECTOR('',#3672,0.393700787401575);
#938=VECTOR('',#3675,0.393700787401575);
#939=VECTOR('',#3676,0.393700787401575);
#940=VECTOR('',#3681,0.393700787401575);
#941=VECTOR('',#3684,0.393700787401575);
#942=VECTOR('',#3687,0.393700787401575);
#943=VECTOR('',#3690,0.393700787401575);
#944=VECTOR('',#3691,0.393700787401575);
#945=VECTOR('',#3696,0.393700787401575);
#946=VECTOR('',#3699,0.393700787401575);
#947=VECTOR('',#3700,0.393700787401575);
#948=VECTOR('',#3705,0.393700787401575);
#949=VECTOR('',#3708,0.393700787401575);
#950=VECTOR('',#3709,0.393700787401575);
#951=VECTOR('',#3714,0.393700787401575);
#952=VECTOR('',#3717,0.393700787401575);
#953=VECTOR('',#3718,0.393700787401575);
#954=VECTOR('',#3723,0.393700787401575);
#955=VECTOR('',#3726,0.393700787401575);
#956=VECTOR('',#3727,0.393700787401575);
#957=CIRCLE('',#2776,0.0393700787401575);
#958=CIRCLE('',#2777,0.0393700787401575);
#959=CIRCLE('',#2779,0.0393700787401575);
#960=CIRCLE('',#2782,0.0393700787401575);
#961=CIRCLE('',#2785,0.0393700787401575);
#962=CIRCLE('',#2786,0.0393700787401579);
#963=CIRCLE('',#2787,0.0393700787401572);
#964=CIRCLE('',#2788,0.0393700787401578);
#965=CIRCLE('',#2789,0.0393700787401575);
#966=CIRCLE('',#2790,0.0393700787401577);
#967=CIRCLE('',#2791,0.039370078740158);
#968=CIRCLE('',#2792,0.0393700787401577);
#969=CIRCLE('',#2794,0.0393700787401575);
#970=CIRCLE('',#2795,0.0393700787401575);
#971=CIRCLE('',#2804,0.0393700787401575);
#972=CIRCLE('',#2807,0.0393700787401579);
#973=CIRCLE('',#2810,0.0393700787401572);
#974=CIRCLE('',#2813,0.0393700787401578);
#975=CIRCLE('',#2818,0.0393700787401575);
#976=CIRCLE('',#2821,0.0393700787401577);
#977=CIRCLE('',#2824,0.039370078740158);
#978=CIRCLE('',#2827,0.0393700787401577);
#979=CIRCLE('',#2832,0.0393700787401575);
#980=CIRCLE('',#2833,0.0393700787401575);
#981=CIRCLE('',#2835,0.0393700787401575);
#982=CIRCLE('',#2838,0.0393700787401575);
#983=CIRCLE('',#2841,0.0393700787401575);
#984=CIRCLE('',#2842,0.0393700787401579);
#985=CIRCLE('',#2843,0.0393700787401572);
#986=CIRCLE('',#2844,0.0393700787401578);
#987=CIRCLE('',#2845,0.0393700787401575);
#988=CIRCLE('',#2846,0.0393700787401577);
#989=CIRCLE('',#2847,0.039370078740158);
#990=CIRCLE('',#2848,0.0393700787401577);
#991=CIRCLE('',#2850,0.0393700787401575);
#992=CIRCLE('',#2851,0.0393700787401575);
#993=CIRCLE('',#2860,0.0393700787401575);
#994=CIRCLE('',#2863,0.0393700787401579);
#995=CIRCLE('',#2866,0.0393700787401572);
#996=CIRCLE('',#2869,0.0393700787401578);
#997=CIRCLE('',#2874,0.0393700787401575);
#998=CIRCLE('',#2877,0.0393700787401577);
#999=CIRCLE('',#2880,0.039370078740158);
#1000=CIRCLE('',#2883,0.0393700787401577);
#1001=CIRCLE('',#2888,0.0393700787401575);
#1002=CIRCLE('',#2889,0.0393700787401575);
#1003=CIRCLE('',#2891,0.0393700787401575);
#1004=CIRCLE('',#2894,0.0393700787401575);
#1005=CIRCLE('',#2897,0.0393700787401575);
#1006=CIRCLE('',#2898,0.0393700787401579);
#1007=CIRCLE('',#2899,0.0393700787401572);
#1008=CIRCLE('',#2900,0.0393700787401578);
#1009=CIRCLE('',#2901,0.0393700787401575);
#1010=CIRCLE('',#2902,0.0393700787401577);
#1011=CIRCLE('',#2903,0.039370078740158);
#1012=CIRCLE('',#2904,0.0393700787401577);
#1013=CIRCLE('',#2906,0.0393700787401575);
#1014=CIRCLE('',#2907,0.0393700787401575);
#1015=CIRCLE('',#2916,0.0393700787401575);
#1016=CIRCLE('',#2919,0.0393700787401579);
#1017=CIRCLE('',#2922,0.0393700787401572);
#1018=CIRCLE('',#2925,0.0393700787401578);
#1019=CIRCLE('',#2930,0.0393700787401575);
#1020=CIRCLE('',#2933,0.0393700787401577);
#1021=CIRCLE('',#2936,0.039370078740158);
#1022=CIRCLE('',#2939,0.0393700787401577);
#1023=CIRCLE('',#2944,0.0393700787401575);
#1024=CIRCLE('',#2945,0.0393700787401575);
#1025=CIRCLE('',#2947,0.0393700787401575);
#1026=CIRCLE('',#2950,0.0393700787401575);
#1027=CIRCLE('',#2953,0.0393700787401575);
#1028=CIRCLE('',#2954,0.0393700787401579);
#1029=CIRCLE('',#2955,0.0393700787401572);
#1030=CIRCLE('',#2956,0.0393700787401578);
#1031=CIRCLE('',#2957,0.0393700787401575);
#1032=CIRCLE('',#2958,0.0393700787401577);
#1033=CIRCLE('',#2959,0.039370078740158);
#1034=CIRCLE('',#2960,0.0393700787401577);
#1035=CIRCLE('',#2962,0.0393700787401575);
#1036=CIRCLE('',#2963,0.0393700787401575);
#1037=CIRCLE('',#2972,0.0393700787401575);
#1038=CIRCLE('',#2975,0.0393700787401579);
#1039=CIRCLE('',#2978,0.0393700787401572);
#1040=CIRCLE('',#2981,0.0393700787401578);
#1041=CIRCLE('',#2986,0.0393700787401575);
#1042=CIRCLE('',#2989,0.0393700787401577);
#1043=CIRCLE('',#2992,0.039370078740158);
#1044=CIRCLE('',#2995,0.0393700787401577);
#1045=VERTEX_POINT('',#3737);
#1046=VERTEX_POINT('',#3738);
#1047=VERTEX_POINT('',#3740);
#1048=VERTEX_POINT('',#3742);
#1049=VERTEX_POINT('',#3746);
#1050=VERTEX_POINT('',#3748);
#1051=VERTEX_POINT('',#3750);
#1052=VERTEX_POINT('',#3752);
#1053=VERTEX_POINT('',#3754);
#1054=VERTEX_POINT('',#3756);
#1055=VERTEX_POINT('',#3760);
#1056=VERTEX_POINT('',#3764);
#1057=VERTEX_POINT('',#3766);
#1058=VERTEX_POINT('',#3770);
#1059=VERTEX_POINT('',#3774);
#1060=VERTEX_POINT('',#3776);
#1061=VERTEX_POINT('',#3778);
#1062=VERTEX_POINT('',#3780);
#1063=VERTEX_POINT('',#3782);
#1064=VERTEX_POINT('',#3784);
#1065=VERTEX_POINT('',#3786);
#1066=VERTEX_POINT('',#3788);
#1067=VERTEX_POINT('',#3790);
#1068=VERTEX_POINT('',#3792);
#1069=VERTEX_POINT('',#3794);
#1070=VERTEX_POINT('',#3796);
#1071=VERTEX_POINT('',#3798);
#1072=VERTEX_POINT('',#3800);
#1073=VERTEX_POINT('',#3802);
#1074=VERTEX_POINT('',#3804);
#1075=VERTEX_POINT('',#3806);
#1076=VERTEX_POINT('',#3810);
#1077=VERTEX_POINT('',#3811);
#1078=VERTEX_POINT('',#3813);
#1079=VERTEX_POINT('',#3824);
#1080=VERTEX_POINT('',#3826);
#1081=VERTEX_POINT('',#3830);
#1082=VERTEX_POINT('',#3832);
#1083=VERTEX_POINT('',#3836);
#1084=VERTEX_POINT('',#3837);
#1085=VERTEX_POINT('',#3839);
#1086=VERTEX_POINT('',#3841);
#1087=VERTEX_POINT('',#3844);
#1088=VERTEX_POINT('',#3846);
#1089=VERTEX_POINT('',#3850);
#1090=VERTEX_POINT('',#3851);
#1091=VERTEX_POINT('',#3856);
#1092=VERTEX_POINT('',#3860);
#1093=VERTEX_POINT('',#3867);
#1094=VERTEX_POINT('',#3871);
#1095=VERTEX_POINT('',#3875);
#1096=VERTEX_POINT('',#3879);
#1097=VERTEX_POINT('',#3883);
#1098=VERTEX_POINT('',#3887);
#1099=VERTEX_POINT('',#3898);
#1100=VERTEX_POINT('',#3902);
#1101=VERTEX_POINT('',#3906);
#1102=VERTEX_POINT('',#3910);
#1103=VERTEX_POINT('',#3914);
#1104=VERTEX_POINT('',#3918);
#1105=VERTEX_POINT('',#3922);
#1106=VERTEX_POINT('',#3926);
#1107=VERTEX_POINT('',#3935);
#1108=VERTEX_POINT('',#3936);
#1109=VERTEX_POINT('',#3938);
#1110=VERTEX_POINT('',#3940);
#1111=VERTEX_POINT('',#3944);
#1112=VERTEX_POINT('',#3946);
#1113=VERTEX_POINT('',#3948);
#1114=VERTEX_POINT('',#3950);
#1115=VERTEX_POINT('',#3952);
#1116=VERTEX_POINT('',#3954);
#1117=VERTEX_POINT('',#3958);
#1118=VERTEX_POINT('',#3962);
#1119=VERTEX_POINT('',#3964);
#1120=VERTEX_POINT('',#3968);
#1121=VERTEX_POINT('',#3972);
#1122=VERTEX_POINT('',#3974);
#1123=VERTEX_POINT('',#3976);
#1124=VERTEX_POINT('',#3978);
#1125=VERTEX_POINT('',#3980);
#1126=VERTEX_POINT('',#3982);
#1127=VERTEX_POINT('',#3984);
#1128=VERTEX_POINT('',#3986);
#1129=VERTEX_POINT('',#3988);
#1130=VERTEX_POINT('',#3990);
#1131=VERTEX_POINT('',#3992);
#1132=VERTEX_POINT('',#3994);
#1133=VERTEX_POINT('',#3996);
#1134=VERTEX_POINT('',#3998);
#1135=VERTEX_POINT('',#4000);
#1136=VERTEX_POINT('',#4002);
#1137=VERTEX_POINT('',#4004);
#1138=VERTEX_POINT('',#4008);
#1139=VERTEX_POINT('',#4009);
#1140=VERTEX_POINT('',#4011);
#1141=VERTEX_POINT('',#4022);
#1142=VERTEX_POINT('',#4024);
#1143=VERTEX_POINT('',#4028);
#1144=VERTEX_POINT('',#4030);
#1145=VERTEX_POINT('',#4034);
#1146=VERTEX_POINT('',#4035);
#1147=VERTEX_POINT('',#4037);
#1148=VERTEX_POINT('',#4039);
#1149=VERTEX_POINT('',#4042);
#1150=VERTEX_POINT('',#4044);
#1151=VERTEX_POINT('',#4048);
#1152=VERTEX_POINT('',#4049);
#1153=VERTEX_POINT('',#4054);
#1154=VERTEX_POINT('',#4058);
#1155=VERTEX_POINT('',#4065);
#1156=VERTEX_POINT('',#4069);
#1157=VERTEX_POINT('',#4073);
#1158=VERTEX_POINT('',#4077);
#1159=VERTEX_POINT('',#4081);
#1160=VERTEX_POINT('',#4085);
#1161=VERTEX_POINT('',#4096);
#1162=VERTEX_POINT('',#4100);
#1163=VERTEX_POINT('',#4104);
#1164=VERTEX_POINT('',#4108);
#1165=VERTEX_POINT('',#4112);
#1166=VERTEX_POINT('',#4116);
#1167=VERTEX_POINT('',#4120);
#1168=VERTEX_POINT('',#4124);
#1169=VERTEX_POINT('',#4133);
#1170=VERTEX_POINT('',#4134);
#1171=VERTEX_POINT('',#4136);
#1172=VERTEX_POINT('',#4138);
#1173=VERTEX_POINT('',#4142);
#1174=VERTEX_POINT('',#4144);
#1175=VERTEX_POINT('',#4146);
#1176=VERTEX_POINT('',#4148);
#1177=VERTEX_POINT('',#4150);
#1178=VERTEX_POINT('',#4152);
#1179=VERTEX_POINT('',#4156);
#1180=VERTEX_POINT('',#4160);
#1181=VERTEX_POINT('',#4162);
#1182=VERTEX_POINT('',#4166);
#1183=VERTEX_POINT('',#4170);
#1184=VERTEX_POINT('',#4172);
#1185=VERTEX_POINT('',#4174);
#1186=VERTEX_POINT('',#4176);
#1187=VERTEX_POINT('',#4178);
#1188=VERTEX_POINT('',#4180);
#1189=VERTEX_POINT('',#4182);
#1190=VERTEX_POINT('',#4184);
#1191=VERTEX_POINT('',#4186);
#1192=VERTEX_POINT('',#4188);
#1193=VERTEX_POINT('',#4190);
#1194=VERTEX_POINT('',#4192);
#1195=VERTEX_POINT('',#4194);
#1196=VERTEX_POINT('',#4196);
#1197=VERTEX_POINT('',#4198);
#1198=VERTEX_POINT('',#4200);
#1199=VERTEX_POINT('',#4202);
#1200=VERTEX_POINT('',#4206);
#1201=VERTEX_POINT('',#4207);
#1202=VERTEX_POINT('',#4209);
#1203=VERTEX_POINT('',#4220);
#1204=VERTEX_POINT('',#4222);
#1205=VERTEX_POINT('',#4226);
#1206=VERTEX_POINT('',#4228);
#1207=VERTEX_POINT('',#4232);
#1208=VERTEX_POINT('',#4233);
#1209=VERTEX_POINT('',#4235);
#1210=VERTEX_POINT('',#4237);
#1211=VERTEX_POINT('',#4240);
#1212=VERTEX_POINT('',#4242);
#1213=VERTEX_POINT('',#4246);
#1214=VERTEX_POINT('',#4247);
#1215=VERTEX_POINT('',#4252);
#1216=VERTEX_POINT('',#4256);
#1217=VERTEX_POINT('',#4263);
#1218=VERTEX_POINT('',#4267);
#1219=VERTEX_POINT('',#4271);
#1220=VERTEX_POINT('',#4275);
#1221=VERTEX_POINT('',#4279);
#1222=VERTEX_POINT('',#4283);
#1223=VERTEX_POINT('',#4294);
#1224=VERTEX_POINT('',#4298);
#1225=VERTEX_POINT('',#4302);
#1226=VERTEX_POINT('',#4306);
#1227=VERTEX_POINT('',#4310);
#1228=VERTEX_POINT('',#4314);
#1229=VERTEX_POINT('',#4318);
#1230=VERTEX_POINT('',#4322);
#1231=VERTEX_POINT('',#4331);
#1232=VERTEX_POINT('',#4332);
#1233=VERTEX_POINT('',#4334);
#1234=VERTEX_POINT('',#4336);
#1235=VERTEX_POINT('',#4340);
#1236=VERTEX_POINT('',#4342);
#1237=VERTEX_POINT('',#4344);
#1238=VERTEX_POINT('',#4346);
#1239=VERTEX_POINT('',#4348);
#1240=VERTEX_POINT('',#4350);
#1241=VERTEX_POINT('',#4354);
#1242=VERTEX_POINT('',#4358);
#1243=VERTEX_POINT('',#4360);
#1244=VERTEX_POINT('',#4364);
#1245=VERTEX_POINT('',#4368);
#1246=VERTEX_POINT('',#4370);
#1247=VERTEX_POINT('',#4372);
#1248=VERTEX_POINT('',#4374);
#1249=VERTEX_POINT('',#4376);
#1250=VERTEX_POINT('',#4378);
#1251=VERTEX_POINT('',#4380);
#1252=VERTEX_POINT('',#4382);
#1253=VERTEX_POINT('',#4384);
#1254=VERTEX_POINT('',#4386);
#1255=VERTEX_POINT('',#4388);
#1256=VERTEX_POINT('',#4390);
#1257=VERTEX_POINT('',#4392);
#1258=VERTEX_POINT('',#4394);
#1259=VERTEX_POINT('',#4396);
#1260=VERTEX_POINT('',#4398);
#1261=VERTEX_POINT('',#4400);
#1262=VERTEX_POINT('',#4404);
#1263=VERTEX_POINT('',#4405);
#1264=VERTEX_POINT('',#4407);
#1265=VERTEX_POINT('',#4418);
#1266=VERTEX_POINT('',#4420);
#1267=VERTEX_POINT('',#4424);
#1268=VERTEX_POINT('',#4426);
#1269=VERTEX_POINT('',#4430);
#1270=VERTEX_POINT('',#4431);
#1271=VERTEX_POINT('',#4433);
#1272=VERTEX_POINT('',#4435);
#1273=VERTEX_POINT('',#4438);
#1274=VERTEX_POINT('',#4440);
#1275=VERTEX_POINT('',#4444);
#1276=VERTEX_POINT('',#4445);
#1277=VERTEX_POINT('',#4450);
#1278=VERTEX_POINT('',#4454);
#1279=VERTEX_POINT('',#4461);
#1280=VERTEX_POINT('',#4465);
#1281=VERTEX_POINT('',#4469);
#1282=VERTEX_POINT('',#4473);
#1283=VERTEX_POINT('',#4477);
#1284=VERTEX_POINT('',#4481);
#1285=VERTEX_POINT('',#4492);
#1286=VERTEX_POINT('',#4496);
#1287=VERTEX_POINT('',#4500);
#1288=VERTEX_POINT('',#4504);
#1289=VERTEX_POINT('',#4508);
#1290=VERTEX_POINT('',#4512);
#1291=VERTEX_POINT('',#4516);
#1292=VERTEX_POINT('',#4520);
#1293=EDGE_CURVE('',#1045,#1046,#957,.T.);
#1294=EDGE_CURVE('',#1047,#1046,#397,.T.);
#1295=EDGE_CURVE('',#1047,#1048,#958,.T.);
#1296=EDGE_CURVE('',#1045,#1048,#398,.T.);
#1297=EDGE_CURVE('',#1047,#1049,#399,.T.);
#1298=EDGE_CURVE('',#1049,#1050,#400,.T.);
#1299=EDGE_CURVE('',#1050,#1051,#401,.T.);
#1300=EDGE_CURVE('',#1051,#1052,#959,.F.);
#1301=EDGE_CURVE('',#1052,#1053,#402,.T.);
#1302=EDGE_CURVE('',#1054,#1053,#403,.T.);
#1303=EDGE_CURVE('',#1048,#1054,#404,.T.);
#1304=EDGE_CURVE('',#1055,#1054,#405,.T.);
#1305=EDGE_CURVE('',#1045,#1055,#406,.T.);
#1306=EDGE_CURVE('',#1056,#1051,#407,.T.);
#1307=EDGE_CURVE('',#1057,#1056,#960,.F.);
#1308=EDGE_CURVE('',#1052,#1057,#408,.T.);
#1309=EDGE_CURVE('',#1057,#1058,#409,.T.);
#1310=EDGE_CURVE('',#1053,#1058,#410,.T.);
#1311=EDGE_CURVE('',#1059,#1050,#961,.T.);
#1312=EDGE_CURVE('',#1060,#1059,#411,.T.);
#1313=EDGE_CURVE('',#1061,#1060,#962,.T.);
#1314=EDGE_CURVE('',#1062,#1061,#412,.T.);
#1315=EDGE_CURVE('',#1063,#1062,#963,.T.);
#1316=EDGE_CURVE('',#1064,#1063,#413,.T.);
#1317=EDGE_CURVE('',#1065,#1064,#964,.T.);
#1318=EDGE_CURVE('',#1066,#1065,#414,.T.);
#1319=EDGE_CURVE('',#1067,#1066,#415,.T.);
#1320=EDGE_CURVE('',#1068,#1067,#416,.T.);
#1321=EDGE_CURVE('',#1069,#1068,#965,.T.);
#1322=EDGE_CURVE('',#1070,#1069,#417,.T.);
#1323=EDGE_CURVE('',#1071,#1070,#966,.T.);
#1324=EDGE_CURVE('',#1072,#1071,#418,.T.);
#1325=EDGE_CURVE('',#1073,#1072,#967,.T.);
#1326=EDGE_CURVE('',#1074,#1073,#419,.T.);
#1327=EDGE_CURVE('',#1075,#1074,#968,.T.);
#1328=EDGE_CURVE('',#1056,#1075,#420,.T.);
#1329=EDGE_CURVE('',#1076,#1077,#969,.F.);
#1330=EDGE_CURVE('',#1078,#1076,#25,.F.);
#1331=EDGE_CURVE('',#1079,#1078,#421,.T.);
#1332=EDGE_CURVE('',#1080,#1079,#970,.F.);
#1333=EDGE_CURVE('',#1077,#1080,#422,.T.);
#1334=EDGE_CURVE('',#1080,#1081,#423,.T.);
#1335=EDGE_CURVE('',#1081,#1082,#424,.T.);
#1336=EDGE_CURVE('',#1077,#1082,#425,.T.);
#1337=EDGE_CURVE('',#1083,#1084,#426,.T.);
#1338=EDGE_CURVE('',#1085,#1083,#427,.T.);
#1339=EDGE_CURVE('',#1086,#1085,#428,.T.);
#1340=EDGE_CURVE('',#1084,#1086,#429,.T.);
#1341=EDGE_CURVE('',#1087,#1081,#430,.T.);
#1342=EDGE_CURVE('',#1088,#1087,#431,.T.);
#1343=EDGE_CURVE('',#1082,#1088,#432,.T.);
#1344=EDGE_CURVE('',#1089,#1090,#433,.T.);
#1345=EDGE_CURVE('',#1090,#1083,#434,.T.);
#1346=EDGE_CURVE('',#1089,#1084,#435,.T.);
#1347=EDGE_CURVE('',#1090,#1091,#436,.T.);
#1348=EDGE_CURVE('',#1091,#1085,#437,.T.);
#1349=EDGE_CURVE('',#1091,#1092,#438,.T.);
#1350=EDGE_CURVE('',#1092,#1086,#439,.T.);
#1351=EDGE_CURVE('',#1092,#1089,#440,.T.);
#1352=EDGE_CURVE('',#1049,#1093,#971,.T.);
#1353=EDGE_CURVE('',#1093,#1059,#441,.T.);
#1354=EDGE_CURVE('',#1093,#1094,#442,.T.);
#1355=EDGE_CURVE('',#1094,#1060,#443,.T.);
#1356=EDGE_CURVE('',#1094,#1095,#972,.T.);
#1357=EDGE_CURVE('',#1095,#1061,#444,.T.);
#1358=EDGE_CURVE('',#1095,#1096,#445,.T.);
#1359=EDGE_CURVE('',#1096,#1062,#446,.T.);
#1360=EDGE_CURVE('',#1096,#1097,#973,.T.);
#1361=EDGE_CURVE('',#1097,#1063,#447,.T.);
#1362=EDGE_CURVE('',#1097,#1098,#448,.T.);
#1363=EDGE_CURVE('',#1098,#1064,#449,.T.);
#1364=EDGE_CURVE('',#1098,#1078,#974,.T.);
#1365=EDGE_CURVE('',#1076,#1065,#450,.T.);
#1366=EDGE_CURVE('',#1066,#1088,#451,.T.);
#1367=EDGE_CURVE('',#1067,#1087,#452,.T.);
#1368=EDGE_CURVE('',#1079,#1099,#453,.T.);
#1369=EDGE_CURVE('',#1099,#1068,#454,.T.);
#1370=EDGE_CURVE('',#1099,#1100,#975,.T.);
#1371=EDGE_CURVE('',#1100,#1069,#455,.T.);
#1372=EDGE_CURVE('',#1100,#1101,#456,.T.);
#1373=EDGE_CURVE('',#1101,#1070,#457,.T.);
#1374=EDGE_CURVE('',#1101,#1102,#976,.T.);
#1375=EDGE_CURVE('',#1102,#1071,#458,.T.);
#1376=EDGE_CURVE('',#1102,#1103,#459,.T.);
#1377=EDGE_CURVE('',#1103,#1072,#460,.T.);
#1378=EDGE_CURVE('',#1103,#1104,#977,.T.);
#1379=EDGE_CURVE('',#1104,#1073,#461,.T.);
#1380=EDGE_CURVE('',#1104,#1105,#462,.T.);
#1381=EDGE_CURVE('',#1105,#1074,#463,.T.);
#1382=EDGE_CURVE('',#1105,#1106,#978,.T.);
#1383=EDGE_CURVE('',#1106,#1075,#464,.T.);
#1384=EDGE_CURVE('',#1058,#1055,#465,.T.);
#1385=EDGE_CURVE('',#1106,#1046,#466,.T.);
#1386=EDGE_CURVE('',#1107,#1108,#979,.T.);
#1387=EDGE_CURVE('',#1109,#1108,#467,.T.);
#1388=EDGE_CURVE('',#1109,#1110,#980,.T.);
#1389=EDGE_CURVE('',#1107,#1110,#468,.T.);
#1390=EDGE_CURVE('',#1109,#1111,#469,.T.);
#1391=EDGE_CURVE('',#1111,#1112,#470,.T.);
#1392=EDGE_CURVE('',#1112,#1113,#471,.T.);
#1393=EDGE_CURVE('',#1113,#1114,#981,.F.);
#1394=EDGE_CURVE('',#1114,#1115,#472,.T.);
#1395=EDGE_CURVE('',#1116,#1115,#473,.T.);
#1396=EDGE_CURVE('',#1110,#1116,#474,.T.);
#1397=EDGE_CURVE('',#1117,#1116,#475,.T.);
#1398=EDGE_CURVE('',#1107,#1117,#476,.T.);
#1399=EDGE_CURVE('',#1118,#1113,#477,.T.);
#1400=EDGE_CURVE('',#1119,#1118,#982,.F.);
#1401=EDGE_CURVE('',#1114,#1119,#478,.T.);
#1402=EDGE_CURVE('',#1119,#1120,#479,.T.);
#1403=EDGE_CURVE('',#1115,#1120,#480,.T.);
#1404=EDGE_CURVE('',#1121,#1112,#983,.T.);
#1405=EDGE_CURVE('',#1122,#1121,#481,.T.);
#1406=EDGE_CURVE('',#1123,#1122,#984,.T.);
#1407=EDGE_CURVE('',#1124,#1123,#482,.T.);
#1408=EDGE_CURVE('',#1125,#1124,#985,.T.);
#1409=EDGE_CURVE('',#1126,#1125,#483,.T.);
#1410=EDGE_CURVE('',#1127,#1126,#986,.T.);
#1411=EDGE_CURVE('',#1128,#1127,#484,.T.);
#1412=EDGE_CURVE('',#1129,#1128,#485,.T.);
#1413=EDGE_CURVE('',#1130,#1129,#486,.T.);
#1414=EDGE_CURVE('',#1131,#1130,#987,.T.);
#1415=EDGE_CURVE('',#1132,#1131,#487,.T.);
#1416=EDGE_CURVE('',#1133,#1132,#988,.T.);
#1417=EDGE_CURVE('',#1134,#1133,#488,.T.);
#1418=EDGE_CURVE('',#1135,#1134,#989,.T.);
#1419=EDGE_CURVE('',#1136,#1135,#489,.T.);
#1420=EDGE_CURVE('',#1137,#1136,#990,.T.);
#1421=EDGE_CURVE('',#1118,#1137,#490,.T.);
#1422=EDGE_CURVE('',#1138,#1139,#991,.F.);
#1423=EDGE_CURVE('',#1140,#1138,#26,.F.);
#1424=EDGE_CURVE('',#1141,#1140,#491,.T.);
#1425=EDGE_CURVE('',#1142,#1141,#992,.F.);
#1426=EDGE_CURVE('',#1139,#1142,#492,.T.);
#1427=EDGE_CURVE('',#1142,#1143,#493,.T.);
#1428=EDGE_CURVE('',#1143,#1144,#494,.T.);
#1429=EDGE_CURVE('',#1139,#1144,#495,.T.);
#1430=EDGE_CURVE('',#1145,#1146,#496,.T.);
#1431=EDGE_CURVE('',#1147,#1145,#497,.T.);
#1432=EDGE_CURVE('',#1148,#1147,#498,.T.);
#1433=EDGE_CURVE('',#1146,#1148,#499,.T.);
#1434=EDGE_CURVE('',#1149,#1143,#500,.T.);
#1435=EDGE_CURVE('',#1150,#1149,#501,.T.);
#1436=EDGE_CURVE('',#1144,#1150,#502,.T.);
#1437=EDGE_CURVE('',#1151,#1152,#503,.T.);
#1438=EDGE_CURVE('',#1152,#1145,#504,.T.);
#1439=EDGE_CURVE('',#1151,#1146,#505,.T.);
#1440=EDGE_CURVE('',#1152,#1153,#506,.T.);
#1441=EDGE_CURVE('',#1153,#1147,#507,.T.);
#1442=EDGE_CURVE('',#1153,#1154,#508,.T.);
#1443=EDGE_CURVE('',#1154,#1148,#509,.T.);
#1444=EDGE_CURVE('',#1154,#1151,#510,.T.);
#1445=EDGE_CURVE('',#1111,#1155,#993,.T.);
#1446=EDGE_CURVE('',#1155,#1121,#511,.T.);
#1447=EDGE_CURVE('',#1155,#1156,#512,.T.);
#1448=EDGE_CURVE('',#1156,#1122,#513,.T.);
#1449=EDGE_CURVE('',#1156,#1157,#994,.T.);
#1450=EDGE_CURVE('',#1157,#1123,#514,.T.);
#1451=EDGE_CURVE('',#1157,#1158,#515,.T.);
#1452=EDGE_CURVE('',#1158,#1124,#516,.T.);
#1453=EDGE_CURVE('',#1158,#1159,#995,.T.);
#1454=EDGE_CURVE('',#1159,#1125,#517,.T.);
#1455=EDGE_CURVE('',#1159,#1160,#518,.T.);
#1456=EDGE_CURVE('',#1160,#1126,#519,.T.);
#1457=EDGE_CURVE('',#1160,#1140,#996,.T.);
#1458=EDGE_CURVE('',#1138,#1127,#520,.T.);
#1459=EDGE_CURVE('',#1128,#1150,#521,.T.);
#1460=EDGE_CURVE('',#1129,#1149,#522,.T.);
#1461=EDGE_CURVE('',#1141,#1161,#523,.T.);
#1462=EDGE_CURVE('',#1161,#1130,#524,.T.);
#1463=EDGE_CURVE('',#1161,#1162,#997,.T.);
#1464=EDGE_CURVE('',#1162,#1131,#525,.T.);
#1465=EDGE_CURVE('',#1162,#1163,#526,.T.);
#1466=EDGE_CURVE('',#1163,#1132,#527,.T.);
#1467=EDGE_CURVE('',#1163,#1164,#998,.T.);
#1468=EDGE_CURVE('',#1164,#1133,#528,.T.);
#1469=EDGE_CURVE('',#1164,#1165,#529,.T.);
#1470=EDGE_CURVE('',#1165,#1134,#530,.T.);
#1471=EDGE_CURVE('',#1165,#1166,#999,.T.);
#1472=EDGE_CURVE('',#1166,#1135,#531,.T.);
#1473=EDGE_CURVE('',#1166,#1167,#532,.T.);
#1474=EDGE_CURVE('',#1167,#1136,#533,.T.);
#1475=EDGE_CURVE('',#1167,#1168,#1000,.T.);
#1476=EDGE_CURVE('',#1168,#1137,#534,.T.);
#1477=EDGE_CURVE('',#1120,#1117,#535,.T.);
#1478=EDGE_CURVE('',#1168,#1108,#536,.T.);
#1479=EDGE_CURVE('',#1169,#1170,#1001,.T.);
#1480=EDGE_CURVE('',#1171,#1170,#537,.T.);
#1481=EDGE_CURVE('',#1171,#1172,#1002,.T.);
#1482=EDGE_CURVE('',#1169,#1172,#538,.T.);
#1483=EDGE_CURVE('',#1171,#1173,#539,.T.);
#1484=EDGE_CURVE('',#1173,#1174,#540,.T.);
#1485=EDGE_CURVE('',#1174,#1175,#541,.T.);
#1486=EDGE_CURVE('',#1175,#1176,#1003,.F.);
#1487=EDGE_CURVE('',#1176,#1177,#542,.T.);
#1488=EDGE_CURVE('',#1178,#1177,#543,.T.);
#1489=EDGE_CURVE('',#1172,#1178,#544,.T.);
#1490=EDGE_CURVE('',#1179,#1178,#545,.T.);
#1491=EDGE_CURVE('',#1169,#1179,#546,.T.);
#1492=EDGE_CURVE('',#1180,#1175,#547,.T.);
#1493=EDGE_CURVE('',#1181,#1180,#1004,.F.);
#1494=EDGE_CURVE('',#1176,#1181,#548,.T.);
#1495=EDGE_CURVE('',#1181,#1182,#549,.T.);
#1496=EDGE_CURVE('',#1177,#1182,#550,.T.);
#1497=EDGE_CURVE('',#1183,#1174,#1005,.T.);
#1498=EDGE_CURVE('',#1184,#1183,#551,.T.);
#1499=EDGE_CURVE('',#1185,#1184,#1006,.T.);
#1500=EDGE_CURVE('',#1186,#1185,#552,.T.);
#1501=EDGE_CURVE('',#1187,#1186,#1007,.T.);
#1502=EDGE_CURVE('',#1188,#1187,#553,.T.);
#1503=EDGE_CURVE('',#1189,#1188,#1008,.T.);
#1504=EDGE_CURVE('',#1190,#1189,#554,.T.);
#1505=EDGE_CURVE('',#1191,#1190,#555,.T.);
#1506=EDGE_CURVE('',#1192,#1191,#556,.T.);
#1507=EDGE_CURVE('',#1193,#1192,#1009,.T.);
#1508=EDGE_CURVE('',#1194,#1193,#557,.T.);
#1509=EDGE_CURVE('',#1195,#1194,#1010,.T.);
#1510=EDGE_CURVE('',#1196,#1195,#558,.T.);
#1511=EDGE_CURVE('',#1197,#1196,#1011,.T.);
#1512=EDGE_CURVE('',#1198,#1197,#559,.T.);
#1513=EDGE_CURVE('',#1199,#1198,#1012,.T.);
#1514=EDGE_CURVE('',#1180,#1199,#560,.T.);
#1515=EDGE_CURVE('',#1200,#1201,#1013,.F.);
#1516=EDGE_CURVE('',#1202,#1200,#27,.F.);
#1517=EDGE_CURVE('',#1203,#1202,#561,.T.);
#1518=EDGE_CURVE('',#1204,#1203,#1014,.F.);
#1519=EDGE_CURVE('',#1201,#1204,#562,.T.);
#1520=EDGE_CURVE('',#1204,#1205,#563,.T.);
#1521=EDGE_CURVE('',#1205,#1206,#564,.T.);
#1522=EDGE_CURVE('',#1201,#1206,#565,.T.);
#1523=EDGE_CURVE('',#1207,#1208,#566,.T.);
#1524=EDGE_CURVE('',#1209,#1207,#567,.T.);
#1525=EDGE_CURVE('',#1210,#1209,#568,.T.);
#1526=EDGE_CURVE('',#1208,#1210,#569,.T.);
#1527=EDGE_CURVE('',#1211,#1205,#570,.T.);
#1528=EDGE_CURVE('',#1212,#1211,#571,.T.);
#1529=EDGE_CURVE('',#1206,#1212,#572,.T.);
#1530=EDGE_CURVE('',#1213,#1214,#573,.T.);
#1531=EDGE_CURVE('',#1214,#1207,#574,.T.);
#1532=EDGE_CURVE('',#1213,#1208,#575,.T.);
#1533=EDGE_CURVE('',#1214,#1215,#576,.T.);
#1534=EDGE_CURVE('',#1215,#1209,#577,.T.);
#1535=EDGE_CURVE('',#1215,#1216,#578,.T.);
#1536=EDGE_CURVE('',#1216,#1210,#579,.T.);
#1537=EDGE_CURVE('',#1216,#1213,#580,.T.);
#1538=EDGE_CURVE('',#1173,#1217,#1015,.T.);
#1539=EDGE_CURVE('',#1217,#1183,#581,.T.);
#1540=EDGE_CURVE('',#1217,#1218,#582,.T.);
#1541=EDGE_CURVE('',#1218,#1184,#583,.T.);
#1542=EDGE_CURVE('',#1218,#1219,#1016,.T.);
#1543=EDGE_CURVE('',#1219,#1185,#584,.T.);
#1544=EDGE_CURVE('',#1219,#1220,#585,.T.);
#1545=EDGE_CURVE('',#1220,#1186,#586,.T.);
#1546=EDGE_CURVE('',#1220,#1221,#1017,.T.);
#1547=EDGE_CURVE('',#1221,#1187,#587,.T.);
#1548=EDGE_CURVE('',#1221,#1222,#588,.T.);
#1549=EDGE_CURVE('',#1222,#1188,#589,.T.);
#1550=EDGE_CURVE('',#1222,#1202,#1018,.T.);
#1551=EDGE_CURVE('',#1200,#1189,#590,.T.);
#1552=EDGE_CURVE('',#1190,#1212,#591,.T.);
#1553=EDGE_CURVE('',#1191,#1211,#592,.T.);
#1554=EDGE_CURVE('',#1203,#1223,#593,.T.);
#1555=EDGE_CURVE('',#1223,#1192,#594,.T.);
#1556=EDGE_CURVE('',#1223,#1224,#1019,.T.);
#1557=EDGE_CURVE('',#1224,#1193,#595,.T.);
#1558=EDGE_CURVE('',#1224,#1225,#596,.T.);
#1559=EDGE_CURVE('',#1225,#1194,#597,.T.);
#1560=EDGE_CURVE('',#1225,#1226,#1020,.T.);
#1561=EDGE_CURVE('',#1226,#1195,#598,.T.);
#1562=EDGE_CURVE('',#1226,#1227,#599,.T.);
#1563=EDGE_CURVE('',#1227,#1196,#600,.T.);
#1564=EDGE_CURVE('',#1227,#1228,#1021,.T.);
#1565=EDGE_CURVE('',#1228,#1197,#601,.T.);
#1566=EDGE_CURVE('',#1228,#1229,#602,.T.);
#1567=EDGE_CURVE('',#1229,#1198,#603,.T.);
#1568=EDGE_CURVE('',#1229,#1230,#1022,.T.);
#1569=EDGE_CURVE('',#1230,#1199,#604,.T.);
#1570=EDGE_CURVE('',#1182,#1179,#605,.T.);
#1571=EDGE_CURVE('',#1230,#1170,#606,.T.);
#1572=EDGE_CURVE('',#1231,#1232,#1023,.T.);
#1573=EDGE_CURVE('',#1233,#1232,#607,.T.);
#1574=EDGE_CURVE('',#1233,#1234,#1024,.T.);
#1575=EDGE_CURVE('',#1231,#1234,#608,.T.);
#1576=EDGE_CURVE('',#1233,#1235,#609,.T.);
#1577=EDGE_CURVE('',#1235,#1236,#610,.T.);
#1578=EDGE_CURVE('',#1236,#1237,#611,.T.);
#1579=EDGE_CURVE('',#1237,#1238,#1025,.F.);
#1580=EDGE_CURVE('',#1238,#1239,#612,.T.);
#1581=EDGE_CURVE('',#1240,#1239,#613,.T.);
#1582=EDGE_CURVE('',#1234,#1240,#614,.T.);
#1583=EDGE_CURVE('',#1241,#1240,#615,.T.);
#1584=EDGE_CURVE('',#1231,#1241,#616,.T.);
#1585=EDGE_CURVE('',#1242,#1237,#617,.T.);
#1586=EDGE_CURVE('',#1243,#1242,#1026,.F.);
#1587=EDGE_CURVE('',#1238,#1243,#618,.T.);
#1588=EDGE_CURVE('',#1243,#1244,#619,.T.);
#1589=EDGE_CURVE('',#1239,#1244,#620,.T.);
#1590=EDGE_CURVE('',#1245,#1236,#1027,.T.);
#1591=EDGE_CURVE('',#1246,#1245,#621,.T.);
#1592=EDGE_CURVE('',#1247,#1246,#1028,.T.);
#1593=EDGE_CURVE('',#1248,#1247,#622,.T.);
#1594=EDGE_CURVE('',#1249,#1248,#1029,.T.);
#1595=EDGE_CURVE('',#1250,#1249,#623,.T.);
#1596=EDGE_CURVE('',#1251,#1250,#1030,.T.);
#1597=EDGE_CURVE('',#1252,#1251,#624,.T.);
#1598=EDGE_CURVE('',#1253,#1252,#625,.T.);
#1599=EDGE_CURVE('',#1254,#1253,#626,.T.);
#1600=EDGE_CURVE('',#1255,#1254,#1031,.T.);
#1601=EDGE_CURVE('',#1256,#1255,#627,.T.);
#1602=EDGE_CURVE('',#1257,#1256,#1032,.T.);
#1603=EDGE_CURVE('',#1258,#1257,#628,.T.);
#1604=EDGE_CURVE('',#1259,#1258,#1033,.T.);
#1605=EDGE_CURVE('',#1260,#1259,#629,.T.);
#1606=EDGE_CURVE('',#1261,#1260,#1034,.T.);
#1607=EDGE_CURVE('',#1242,#1261,#630,.T.);
#1608=EDGE_CURVE('',#1262,#1263,#1035,.F.);
#1609=EDGE_CURVE('',#1264,#1262,#28,.F.);
#1610=EDGE_CURVE('',#1265,#1264,#631,.T.);
#1611=EDGE_CURVE('',#1266,#1265,#1036,.F.);
#1612=EDGE_CURVE('',#1263,#1266,#632,.T.);
#1613=EDGE_CURVE('',#1266,#1267,#633,.T.);
#1614=EDGE_CURVE('',#1267,#1268,#634,.T.);
#1615=EDGE_CURVE('',#1263,#1268,#635,.T.);
#1616=EDGE_CURVE('',#1269,#1270,#636,.T.);
#1617=EDGE_CURVE('',#1271,#1269,#637,.T.);
#1618=EDGE_CURVE('',#1272,#1271,#638,.T.);
#1619=EDGE_CURVE('',#1270,#1272,#639,.T.);
#1620=EDGE_CURVE('',#1273,#1267,#640,.T.);
#1621=EDGE_CURVE('',#1274,#1273,#641,.T.);
#1622=EDGE_CURVE('',#1268,#1274,#642,.T.);
#1623=EDGE_CURVE('',#1275,#1276,#643,.T.);
#1624=EDGE_CURVE('',#1276,#1269,#644,.T.);
#1625=EDGE_CURVE('',#1275,#1270,#645,.T.);
#1626=EDGE_CURVE('',#1276,#1277,#646,.T.);
#1627=EDGE_CURVE('',#1277,#1271,#647,.T.);
#1628=EDGE_CURVE('',#1277,#1278,#648,.T.);
#1629=EDGE_CURVE('',#1278,#1272,#649,.T.);
#1630=EDGE_CURVE('',#1278,#1275,#650,.T.);
#1631=EDGE_CURVE('',#1235,#1279,#1037,.T.);
#1632=EDGE_CURVE('',#1279,#1245,#651,.T.);
#1633=EDGE_CURVE('',#1279,#1280,#652,.T.);
#1634=EDGE_CURVE('',#1280,#1246,#653,.T.);
#1635=EDGE_CURVE('',#1280,#1281,#1038,.T.);
#1636=EDGE_CURVE('',#1281,#1247,#654,.T.);
#1637=EDGE_CURVE('',#1281,#1282,#655,.T.);
#1638=EDGE_CURVE('',#1282,#1248,#656,.T.);
#1639=EDGE_CURVE('',#1282,#1283,#1039,.T.);
#1640=EDGE_CURVE('',#1283,#1249,#657,.T.);
#1641=EDGE_CURVE('',#1283,#1284,#658,.T.);
#1642=EDGE_CURVE('',#1284,#1250,#659,.T.);
#1643=EDGE_CURVE('',#1284,#1264,#1040,.T.);
#1644=EDGE_CURVE('',#1262,#1251,#660,.T.);
#1645=EDGE_CURVE('',#1252,#1274,#661,.T.);
#1646=EDGE_CURVE('',#1253,#1273,#662,.T.);
#1647=EDGE_CURVE('',#1265,#1285,#663,.T.);
#1648=EDGE_CURVE('',#1285,#1254,#664,.T.);
#1649=EDGE_CURVE('',#1285,#1286,#1041,.T.);
#1650=EDGE_CURVE('',#1286,#1255,#665,.T.);
#1651=EDGE_CURVE('',#1286,#1287,#666,.T.);
#1652=EDGE_CURVE('',#1287,#1256,#667,.T.);
#1653=EDGE_CURVE('',#1287,#1288,#1042,.T.);
#1654=EDGE_CURVE('',#1288,#1257,#668,.T.);
#1655=EDGE_CURVE('',#1288,#1289,#669,.T.);
#1656=EDGE_CURVE('',#1289,#1258,#670,.T.);
#1657=EDGE_CURVE('',#1289,#1290,#1043,.T.);
#1658=EDGE_CURVE('',#1290,#1259,#671,.T.);
#1659=EDGE_CURVE('',#1290,#1291,#672,.T.);
#1660=EDGE_CURVE('',#1291,#1260,#673,.T.);
#1661=EDGE_CURVE('',#1291,#1292,#1044,.T.);
#1662=EDGE_CURVE('',#1292,#1261,#674,.T.);
#1663=EDGE_CURVE('',#1244,#1241,#675,.T.);
#1664=EDGE_CURVE('',#1292,#1232,#676,.T.);
#1665=ORIENTED_EDGE('',*,*,#1293,.T.);
#1666=ORIENTED_EDGE('',*,*,#1294,.F.);
#1667=ORIENTED_EDGE('',*,*,#1295,.T.);
#1668=ORIENTED_EDGE('',*,*,#1296,.F.);
#1669=ORIENTED_EDGE('',*,*,#1295,.F.);
#1670=ORIENTED_EDGE('',*,*,#1297,.T.);
#1671=ORIENTED_EDGE('',*,*,#1298,.T.);
#1672=ORIENTED_EDGE('',*,*,#1299,.T.);
#1673=ORIENTED_EDGE('',*,*,#1300,.T.);
#1674=ORIENTED_EDGE('',*,*,#1301,.T.);
#1675=ORIENTED_EDGE('',*,*,#1302,.F.);
#1676=ORIENTED_EDGE('',*,*,#1303,.F.);
#1677=ORIENTED_EDGE('',*,*,#1296,.T.);
#1678=ORIENTED_EDGE('',*,*,#1303,.T.);
#1679=ORIENTED_EDGE('',*,*,#1304,.F.);
#1680=ORIENTED_EDGE('',*,*,#1305,.F.);
#1681=ORIENTED_EDGE('',*,*,#1300,.F.);
#1682=ORIENTED_EDGE('',*,*,#1306,.F.);
#1683=ORIENTED_EDGE('',*,*,#1307,.F.);
#1684=ORIENTED_EDGE('',*,*,#1308,.F.);
#1685=ORIENTED_EDGE('',*,*,#1308,.T.);
#1686=ORIENTED_EDGE('',*,*,#1309,.T.);
#1687=ORIENTED_EDGE('',*,*,#1310,.F.);
#1688=ORIENTED_EDGE('',*,*,#1301,.F.);
#1689=ORIENTED_EDGE('',*,*,#1306,.T.);
#1690=ORIENTED_EDGE('',*,*,#1299,.F.);
#1691=ORIENTED_EDGE('',*,*,#1311,.F.);
#1692=ORIENTED_EDGE('',*,*,#1312,.F.);
#1693=ORIENTED_EDGE('',*,*,#1313,.F.);
#1694=ORIENTED_EDGE('',*,*,#1314,.F.);
#1695=ORIENTED_EDGE('',*,*,#1315,.F.);
#1696=ORIENTED_EDGE('',*,*,#1316,.F.);
#1697=ORIENTED_EDGE('',*,*,#1317,.F.);
#1698=ORIENTED_EDGE('',*,*,#1318,.F.);
#1699=ORIENTED_EDGE('',*,*,#1319,.F.);
#1700=ORIENTED_EDGE('',*,*,#1320,.F.);
#1701=ORIENTED_EDGE('',*,*,#1321,.F.);
#1702=ORIENTED_EDGE('',*,*,#1322,.F.);
#1703=ORIENTED_EDGE('',*,*,#1323,.F.);
#1704=ORIENTED_EDGE('',*,*,#1324,.F.);
#1705=ORIENTED_EDGE('',*,*,#1325,.F.);
#1706=ORIENTED_EDGE('',*,*,#1326,.F.);
#1707=ORIENTED_EDGE('',*,*,#1327,.F.);
#1708=ORIENTED_EDGE('',*,*,#1328,.F.);
#1709=ORIENTED_EDGE('',*,*,#1329,.F.);
#1710=ORIENTED_EDGE('',*,*,#1330,.F.);
#1711=ORIENTED_EDGE('',*,*,#1331,.F.);
#1712=ORIENTED_EDGE('',*,*,#1332,.F.);
#1713=ORIENTED_EDGE('',*,*,#1333,.F.);
#1714=ORIENTED_EDGE('',*,*,#1333,.T.);
#1715=ORIENTED_EDGE('',*,*,#1334,.T.);
#1716=ORIENTED_EDGE('',*,*,#1335,.T.);
#1717=ORIENTED_EDGE('',*,*,#1336,.F.);
#1718=ORIENTED_EDGE('',*,*,#1337,.F.);
#1719=ORIENTED_EDGE('',*,*,#1338,.F.);
#1720=ORIENTED_EDGE('',*,*,#1339,.F.);
#1721=ORIENTED_EDGE('',*,*,#1340,.F.);
#1722=ORIENTED_EDGE('',*,*,#1335,.F.);
#1723=ORIENTED_EDGE('',*,*,#1341,.F.);
#1724=ORIENTED_EDGE('',*,*,#1342,.F.);
#1725=ORIENTED_EDGE('',*,*,#1343,.F.);
#1726=ORIENTED_EDGE('',*,*,#1344,.T.);
#1727=ORIENTED_EDGE('',*,*,#1345,.T.);
#1728=ORIENTED_EDGE('',*,*,#1337,.T.);
#1729=ORIENTED_EDGE('',*,*,#1346,.F.);
#1730=ORIENTED_EDGE('',*,*,#1347,.T.);
#1731=ORIENTED_EDGE('',*,*,#1348,.T.);
#1732=ORIENTED_EDGE('',*,*,#1338,.T.);
#1733=ORIENTED_EDGE('',*,*,#1345,.F.);
#1734=ORIENTED_EDGE('',*,*,#1349,.T.);
#1735=ORIENTED_EDGE('',*,*,#1350,.T.);
#1736=ORIENTED_EDGE('',*,*,#1339,.T.);
#1737=ORIENTED_EDGE('',*,*,#1348,.F.);
#1738=ORIENTED_EDGE('',*,*,#1351,.T.);
#1739=ORIENTED_EDGE('',*,*,#1346,.T.);
#1740=ORIENTED_EDGE('',*,*,#1340,.T.);
#1741=ORIENTED_EDGE('',*,*,#1350,.F.);
#1742=ORIENTED_EDGE('',*,*,#1344,.F.);
#1743=ORIENTED_EDGE('',*,*,#1351,.F.);
#1744=ORIENTED_EDGE('',*,*,#1349,.F.);
#1745=ORIENTED_EDGE('',*,*,#1347,.F.);
#1746=ORIENTED_EDGE('',*,*,#1352,.T.);
#1747=ORIENTED_EDGE('',*,*,#1353,.T.);
#1748=ORIENTED_EDGE('',*,*,#1311,.T.);
#1749=ORIENTED_EDGE('',*,*,#1298,.F.);
#1750=ORIENTED_EDGE('',*,*,#1354,.T.);
#1751=ORIENTED_EDGE('',*,*,#1355,.T.);
#1752=ORIENTED_EDGE('',*,*,#1312,.T.);
#1753=ORIENTED_EDGE('',*,*,#1353,.F.);
#1754=ORIENTED_EDGE('',*,*,#1356,.T.);
#1755=ORIENTED_EDGE('',*,*,#1357,.T.);
#1756=ORIENTED_EDGE('',*,*,#1313,.T.);
#1757=ORIENTED_EDGE('',*,*,#1355,.F.);
#1758=ORIENTED_EDGE('',*,*,#1358,.T.);
#1759=ORIENTED_EDGE('',*,*,#1359,.T.);
#1760=ORIENTED_EDGE('',*,*,#1314,.T.);
#1761=ORIENTED_EDGE('',*,*,#1357,.F.);
#1762=ORIENTED_EDGE('',*,*,#1360,.T.);
#1763=ORIENTED_EDGE('',*,*,#1361,.T.);
#1764=ORIENTED_EDGE('',*,*,#1315,.T.);
#1765=ORIENTED_EDGE('',*,*,#1359,.F.);
#1766=ORIENTED_EDGE('',*,*,#1362,.T.);
#1767=ORIENTED_EDGE('',*,*,#1363,.T.);
#1768=ORIENTED_EDGE('',*,*,#1316,.T.);
#1769=ORIENTED_EDGE('',*,*,#1361,.F.);
#1770=ORIENTED_EDGE('',*,*,#1364,.T.);
#1771=ORIENTED_EDGE('',*,*,#1330,.T.);
#1772=ORIENTED_EDGE('',*,*,#1365,.T.);
#1773=ORIENTED_EDGE('',*,*,#1317,.T.);
#1774=ORIENTED_EDGE('',*,*,#1363,.F.);
#1775=ORIENTED_EDGE('',*,*,#1365,.F.);
#1776=ORIENTED_EDGE('',*,*,#1329,.T.);
#1777=ORIENTED_EDGE('',*,*,#1336,.T.);
#1778=ORIENTED_EDGE('',*,*,#1343,.T.);
#1779=ORIENTED_EDGE('',*,*,#1366,.F.);
#1780=ORIENTED_EDGE('',*,*,#1318,.T.);
#1781=ORIENTED_EDGE('',*,*,#1366,.T.);
#1782=ORIENTED_EDGE('',*,*,#1342,.T.);
#1783=ORIENTED_EDGE('',*,*,#1367,.F.);
#1784=ORIENTED_EDGE('',*,*,#1319,.T.);
#1785=ORIENTED_EDGE('',*,*,#1367,.T.);
#1786=ORIENTED_EDGE('',*,*,#1341,.T.);
#1787=ORIENTED_EDGE('',*,*,#1334,.F.);
#1788=ORIENTED_EDGE('',*,*,#1332,.T.);
#1789=ORIENTED_EDGE('',*,*,#1368,.T.);
#1790=ORIENTED_EDGE('',*,*,#1369,.T.);
#1791=ORIENTED_EDGE('',*,*,#1320,.T.);
#1792=ORIENTED_EDGE('',*,*,#1370,.T.);
#1793=ORIENTED_EDGE('',*,*,#1371,.T.);
#1794=ORIENTED_EDGE('',*,*,#1321,.T.);
#1795=ORIENTED_EDGE('',*,*,#1369,.F.);
#1796=ORIENTED_EDGE('',*,*,#1372,.T.);
#1797=ORIENTED_EDGE('',*,*,#1373,.T.);
#1798=ORIENTED_EDGE('',*,*,#1322,.T.);
#1799=ORIENTED_EDGE('',*,*,#1371,.F.);
#1800=ORIENTED_EDGE('',*,*,#1374,.T.);
#1801=ORIENTED_EDGE('',*,*,#1375,.T.);
#1802=ORIENTED_EDGE('',*,*,#1323,.T.);
#1803=ORIENTED_EDGE('',*,*,#1373,.F.);
#1804=ORIENTED_EDGE('',*,*,#1376,.T.);
#1805=ORIENTED_EDGE('',*,*,#1377,.T.);
#1806=ORIENTED_EDGE('',*,*,#1324,.T.);
#1807=ORIENTED_EDGE('',*,*,#1375,.F.);
#1808=ORIENTED_EDGE('',*,*,#1378,.T.);
#1809=ORIENTED_EDGE('',*,*,#1379,.T.);
#1810=ORIENTED_EDGE('',*,*,#1325,.T.);
#1811=ORIENTED_EDGE('',*,*,#1377,.F.);
#1812=ORIENTED_EDGE('',*,*,#1380,.T.);
#1813=ORIENTED_EDGE('',*,*,#1381,.T.);
#1814=ORIENTED_EDGE('',*,*,#1326,.T.);
#1815=ORIENTED_EDGE('',*,*,#1379,.F.);
#1816=ORIENTED_EDGE('',*,*,#1382,.T.);
#1817=ORIENTED_EDGE('',*,*,#1383,.T.);
#1818=ORIENTED_EDGE('',*,*,#1327,.T.);
#1819=ORIENTED_EDGE('',*,*,#1381,.F.);
#1820=ORIENTED_EDGE('',*,*,#1293,.F.);
#1821=ORIENTED_EDGE('',*,*,#1305,.T.);
#1822=ORIENTED_EDGE('',*,*,#1384,.F.);
#1823=ORIENTED_EDGE('',*,*,#1309,.F.);
#1824=ORIENTED_EDGE('',*,*,#1307,.T.);
#1825=ORIENTED_EDGE('',*,*,#1328,.T.);
#1826=ORIENTED_EDGE('',*,*,#1383,.F.);
#1827=ORIENTED_EDGE('',*,*,#1385,.T.);
#1828=ORIENTED_EDGE('',*,*,#1294,.T.);
#1829=ORIENTED_EDGE('',*,*,#1385,.F.);
#1830=ORIENTED_EDGE('',*,*,#1382,.F.);
#1831=ORIENTED_EDGE('',*,*,#1380,.F.);
#1832=ORIENTED_EDGE('',*,*,#1378,.F.);
#1833=ORIENTED_EDGE('',*,*,#1376,.F.);
#1834=ORIENTED_EDGE('',*,*,#1374,.F.);
#1835=ORIENTED_EDGE('',*,*,#1372,.F.);
#1836=ORIENTED_EDGE('',*,*,#1370,.F.);
#1837=ORIENTED_EDGE('',*,*,#1368,.F.);
#1838=ORIENTED_EDGE('',*,*,#1331,.T.);
#1839=ORIENTED_EDGE('',*,*,#1364,.F.);
#1840=ORIENTED_EDGE('',*,*,#1362,.F.);
#1841=ORIENTED_EDGE('',*,*,#1360,.F.);
#1842=ORIENTED_EDGE('',*,*,#1358,.F.);
#1843=ORIENTED_EDGE('',*,*,#1356,.F.);
#1844=ORIENTED_EDGE('',*,*,#1354,.F.);
#1845=ORIENTED_EDGE('',*,*,#1352,.F.);
#1846=ORIENTED_EDGE('',*,*,#1297,.F.);
#1847=ORIENTED_EDGE('',*,*,#1302,.T.);
#1848=ORIENTED_EDGE('',*,*,#1310,.T.);
#1849=ORIENTED_EDGE('',*,*,#1384,.T.);
#1850=ORIENTED_EDGE('',*,*,#1304,.T.);
#1851=ORIENTED_EDGE('',*,*,#1386,.T.);
#1852=ORIENTED_EDGE('',*,*,#1387,.F.);
#1853=ORIENTED_EDGE('',*,*,#1388,.T.);
#1854=ORIENTED_EDGE('',*,*,#1389,.F.);
#1855=ORIENTED_EDGE('',*,*,#1388,.F.);
#1856=ORIENTED_EDGE('',*,*,#1390,.T.);
#1857=ORIENTED_EDGE('',*,*,#1391,.T.);
#1858=ORIENTED_EDGE('',*,*,#1392,.T.);
#1859=ORIENTED_EDGE('',*,*,#1393,.T.);
#1860=ORIENTED_EDGE('',*,*,#1394,.T.);
#1861=ORIENTED_EDGE('',*,*,#1395,.F.);
#1862=ORIENTED_EDGE('',*,*,#1396,.F.);
#1863=ORIENTED_EDGE('',*,*,#1389,.T.);
#1864=ORIENTED_EDGE('',*,*,#1396,.T.);
#1865=ORIENTED_EDGE('',*,*,#1397,.F.);
#1866=ORIENTED_EDGE('',*,*,#1398,.F.);
#1867=ORIENTED_EDGE('',*,*,#1393,.F.);
#1868=ORIENTED_EDGE('',*,*,#1399,.F.);
#1869=ORIENTED_EDGE('',*,*,#1400,.F.);
#1870=ORIENTED_EDGE('',*,*,#1401,.F.);
#1871=ORIENTED_EDGE('',*,*,#1401,.T.);
#1872=ORIENTED_EDGE('',*,*,#1402,.T.);
#1873=ORIENTED_EDGE('',*,*,#1403,.F.);
#1874=ORIENTED_EDGE('',*,*,#1394,.F.);
#1875=ORIENTED_EDGE('',*,*,#1399,.T.);
#1876=ORIENTED_EDGE('',*,*,#1392,.F.);
#1877=ORIENTED_EDGE('',*,*,#1404,.F.);
#1878=ORIENTED_EDGE('',*,*,#1405,.F.);
#1879=ORIENTED_EDGE('',*,*,#1406,.F.);
#1880=ORIENTED_EDGE('',*,*,#1407,.F.);
#1881=ORIENTED_EDGE('',*,*,#1408,.F.);
#1882=ORIENTED_EDGE('',*,*,#1409,.F.);
#1883=ORIENTED_EDGE('',*,*,#1410,.F.);
#1884=ORIENTED_EDGE('',*,*,#1411,.F.);
#1885=ORIENTED_EDGE('',*,*,#1412,.F.);
#1886=ORIENTED_EDGE('',*,*,#1413,.F.);
#1887=ORIENTED_EDGE('',*,*,#1414,.F.);
#1888=ORIENTED_EDGE('',*,*,#1415,.F.);
#1889=ORIENTED_EDGE('',*,*,#1416,.F.);
#1890=ORIENTED_EDGE('',*,*,#1417,.F.);
#1891=ORIENTED_EDGE('',*,*,#1418,.F.);
#1892=ORIENTED_EDGE('',*,*,#1419,.F.);
#1893=ORIENTED_EDGE('',*,*,#1420,.F.);
#1894=ORIENTED_EDGE('',*,*,#1421,.F.);
#1895=ORIENTED_EDGE('',*,*,#1422,.F.);
#1896=ORIENTED_EDGE('',*,*,#1423,.F.);
#1897=ORIENTED_EDGE('',*,*,#1424,.F.);
#1898=ORIENTED_EDGE('',*,*,#1425,.F.);
#1899=ORIENTED_EDGE('',*,*,#1426,.F.);
#1900=ORIENTED_EDGE('',*,*,#1426,.T.);
#1901=ORIENTED_EDGE('',*,*,#1427,.T.);
#1902=ORIENTED_EDGE('',*,*,#1428,.T.);
#1903=ORIENTED_EDGE('',*,*,#1429,.F.);
#1904=ORIENTED_EDGE('',*,*,#1430,.F.);
#1905=ORIENTED_EDGE('',*,*,#1431,.F.);
#1906=ORIENTED_EDGE('',*,*,#1432,.F.);
#1907=ORIENTED_EDGE('',*,*,#1433,.F.);
#1908=ORIENTED_EDGE('',*,*,#1428,.F.);
#1909=ORIENTED_EDGE('',*,*,#1434,.F.);
#1910=ORIENTED_EDGE('',*,*,#1435,.F.);
#1911=ORIENTED_EDGE('',*,*,#1436,.F.);
#1912=ORIENTED_EDGE('',*,*,#1437,.T.);
#1913=ORIENTED_EDGE('',*,*,#1438,.T.);
#1914=ORIENTED_EDGE('',*,*,#1430,.T.);
#1915=ORIENTED_EDGE('',*,*,#1439,.F.);
#1916=ORIENTED_EDGE('',*,*,#1440,.T.);
#1917=ORIENTED_EDGE('',*,*,#1441,.T.);
#1918=ORIENTED_EDGE('',*,*,#1431,.T.);
#1919=ORIENTED_EDGE('',*,*,#1438,.F.);
#1920=ORIENTED_EDGE('',*,*,#1442,.T.);
#1921=ORIENTED_EDGE('',*,*,#1443,.T.);
#1922=ORIENTED_EDGE('',*,*,#1432,.T.);
#1923=ORIENTED_EDGE('',*,*,#1441,.F.);
#1924=ORIENTED_EDGE('',*,*,#1444,.T.);
#1925=ORIENTED_EDGE('',*,*,#1439,.T.);
#1926=ORIENTED_EDGE('',*,*,#1433,.T.);
#1927=ORIENTED_EDGE('',*,*,#1443,.F.);
#1928=ORIENTED_EDGE('',*,*,#1437,.F.);
#1929=ORIENTED_EDGE('',*,*,#1444,.F.);
#1930=ORIENTED_EDGE('',*,*,#1442,.F.);
#1931=ORIENTED_EDGE('',*,*,#1440,.F.);
#1932=ORIENTED_EDGE('',*,*,#1445,.T.);
#1933=ORIENTED_EDGE('',*,*,#1446,.T.);
#1934=ORIENTED_EDGE('',*,*,#1404,.T.);
#1935=ORIENTED_EDGE('',*,*,#1391,.F.);
#1936=ORIENTED_EDGE('',*,*,#1447,.T.);
#1937=ORIENTED_EDGE('',*,*,#1448,.T.);
#1938=ORIENTED_EDGE('',*,*,#1405,.T.);
#1939=ORIENTED_EDGE('',*,*,#1446,.F.);
#1940=ORIENTED_EDGE('',*,*,#1449,.T.);
#1941=ORIENTED_EDGE('',*,*,#1450,.T.);
#1942=ORIENTED_EDGE('',*,*,#1406,.T.);
#1943=ORIENTED_EDGE('',*,*,#1448,.F.);
#1944=ORIENTED_EDGE('',*,*,#1451,.T.);
#1945=ORIENTED_EDGE('',*,*,#1452,.T.);
#1946=ORIENTED_EDGE('',*,*,#1407,.T.);
#1947=ORIENTED_EDGE('',*,*,#1450,.F.);
#1948=ORIENTED_EDGE('',*,*,#1453,.T.);
#1949=ORIENTED_EDGE('',*,*,#1454,.T.);
#1950=ORIENTED_EDGE('',*,*,#1408,.T.);
#1951=ORIENTED_EDGE('',*,*,#1452,.F.);
#1952=ORIENTED_EDGE('',*,*,#1455,.T.);
#1953=ORIENTED_EDGE('',*,*,#1456,.T.);
#1954=ORIENTED_EDGE('',*,*,#1409,.T.);
#1955=ORIENTED_EDGE('',*,*,#1454,.F.);
#1956=ORIENTED_EDGE('',*,*,#1457,.T.);
#1957=ORIENTED_EDGE('',*,*,#1423,.T.);
#1958=ORIENTED_EDGE('',*,*,#1458,.T.);
#1959=ORIENTED_EDGE('',*,*,#1410,.T.);
#1960=ORIENTED_EDGE('',*,*,#1456,.F.);
#1961=ORIENTED_EDGE('',*,*,#1458,.F.);
#1962=ORIENTED_EDGE('',*,*,#1422,.T.);
#1963=ORIENTED_EDGE('',*,*,#1429,.T.);
#1964=ORIENTED_EDGE('',*,*,#1436,.T.);
#1965=ORIENTED_EDGE('',*,*,#1459,.F.);
#1966=ORIENTED_EDGE('',*,*,#1411,.T.);
#1967=ORIENTED_EDGE('',*,*,#1459,.T.);
#1968=ORIENTED_EDGE('',*,*,#1435,.T.);
#1969=ORIENTED_EDGE('',*,*,#1460,.F.);
#1970=ORIENTED_EDGE('',*,*,#1412,.T.);
#1971=ORIENTED_EDGE('',*,*,#1460,.T.);
#1972=ORIENTED_EDGE('',*,*,#1434,.T.);
#1973=ORIENTED_EDGE('',*,*,#1427,.F.);
#1974=ORIENTED_EDGE('',*,*,#1425,.T.);
#1975=ORIENTED_EDGE('',*,*,#1461,.T.);
#1976=ORIENTED_EDGE('',*,*,#1462,.T.);
#1977=ORIENTED_EDGE('',*,*,#1413,.T.);
#1978=ORIENTED_EDGE('',*,*,#1463,.T.);
#1979=ORIENTED_EDGE('',*,*,#1464,.T.);
#1980=ORIENTED_EDGE('',*,*,#1414,.T.);
#1981=ORIENTED_EDGE('',*,*,#1462,.F.);
#1982=ORIENTED_EDGE('',*,*,#1465,.T.);
#1983=ORIENTED_EDGE('',*,*,#1466,.T.);
#1984=ORIENTED_EDGE('',*,*,#1415,.T.);
#1985=ORIENTED_EDGE('',*,*,#1464,.F.);
#1986=ORIENTED_EDGE('',*,*,#1467,.T.);
#1987=ORIENTED_EDGE('',*,*,#1468,.T.);
#1988=ORIENTED_EDGE('',*,*,#1416,.T.);
#1989=ORIENTED_EDGE('',*,*,#1466,.F.);
#1990=ORIENTED_EDGE('',*,*,#1469,.T.);
#1991=ORIENTED_EDGE('',*,*,#1470,.T.);
#1992=ORIENTED_EDGE('',*,*,#1417,.T.);
#1993=ORIENTED_EDGE('',*,*,#1468,.F.);
#1994=ORIENTED_EDGE('',*,*,#1471,.T.);
#1995=ORIENTED_EDGE('',*,*,#1472,.T.);
#1996=ORIENTED_EDGE('',*,*,#1418,.T.);
#1997=ORIENTED_EDGE('',*,*,#1470,.F.);
#1998=ORIENTED_EDGE('',*,*,#1473,.T.);
#1999=ORIENTED_EDGE('',*,*,#1474,.T.);
#2000=ORIENTED_EDGE('',*,*,#1419,.T.);
#2001=ORIENTED_EDGE('',*,*,#1472,.F.);
#2002=ORIENTED_EDGE('',*,*,#1475,.T.);
#2003=ORIENTED_EDGE('',*,*,#1476,.T.);
#2004=ORIENTED_EDGE('',*,*,#1420,.T.);
#2005=ORIENTED_EDGE('',*,*,#1474,.F.);
#2006=ORIENTED_EDGE('',*,*,#1386,.F.);
#2007=ORIENTED_EDGE('',*,*,#1398,.T.);
#2008=ORIENTED_EDGE('',*,*,#1477,.F.);
#2009=ORIENTED_EDGE('',*,*,#1402,.F.);
#2010=ORIENTED_EDGE('',*,*,#1400,.T.);
#2011=ORIENTED_EDGE('',*,*,#1421,.T.);
#2012=ORIENTED_EDGE('',*,*,#1476,.F.);
#2013=ORIENTED_EDGE('',*,*,#1478,.T.);
#2014=ORIENTED_EDGE('',*,*,#1387,.T.);
#2015=ORIENTED_EDGE('',*,*,#1478,.F.);
#2016=ORIENTED_EDGE('',*,*,#1475,.F.);
#2017=ORIENTED_EDGE('',*,*,#1473,.F.);
#2018=ORIENTED_EDGE('',*,*,#1471,.F.);
#2019=ORIENTED_EDGE('',*,*,#1469,.F.);
#2020=ORIENTED_EDGE('',*,*,#1467,.F.);
#2021=ORIENTED_EDGE('',*,*,#1465,.F.);
#2022=ORIENTED_EDGE('',*,*,#1463,.F.);
#2023=ORIENTED_EDGE('',*,*,#1461,.F.);
#2024=ORIENTED_EDGE('',*,*,#1424,.T.);
#2025=ORIENTED_EDGE('',*,*,#1457,.F.);
#2026=ORIENTED_EDGE('',*,*,#1455,.F.);
#2027=ORIENTED_EDGE('',*,*,#1453,.F.);
#2028=ORIENTED_EDGE('',*,*,#1451,.F.);
#2029=ORIENTED_EDGE('',*,*,#1449,.F.);
#2030=ORIENTED_EDGE('',*,*,#1447,.F.);
#2031=ORIENTED_EDGE('',*,*,#1445,.F.);
#2032=ORIENTED_EDGE('',*,*,#1390,.F.);
#2033=ORIENTED_EDGE('',*,*,#1395,.T.);
#2034=ORIENTED_EDGE('',*,*,#1403,.T.);
#2035=ORIENTED_EDGE('',*,*,#1477,.T.);
#2036=ORIENTED_EDGE('',*,*,#1397,.T.);
#2037=ORIENTED_EDGE('',*,*,#1479,.T.);
#2038=ORIENTED_EDGE('',*,*,#1480,.F.);
#2039=ORIENTED_EDGE('',*,*,#1481,.T.);
#2040=ORIENTED_EDGE('',*,*,#1482,.F.);
#2041=ORIENTED_EDGE('',*,*,#1481,.F.);
#2042=ORIENTED_EDGE('',*,*,#1483,.T.);
#2043=ORIENTED_EDGE('',*,*,#1484,.T.);
#2044=ORIENTED_EDGE('',*,*,#1485,.T.);
#2045=ORIENTED_EDGE('',*,*,#1486,.T.);
#2046=ORIENTED_EDGE('',*,*,#1487,.T.);
#2047=ORIENTED_EDGE('',*,*,#1488,.F.);
#2048=ORIENTED_EDGE('',*,*,#1489,.F.);
#2049=ORIENTED_EDGE('',*,*,#1482,.T.);
#2050=ORIENTED_EDGE('',*,*,#1489,.T.);
#2051=ORIENTED_EDGE('',*,*,#1490,.F.);
#2052=ORIENTED_EDGE('',*,*,#1491,.F.);
#2053=ORIENTED_EDGE('',*,*,#1486,.F.);
#2054=ORIENTED_EDGE('',*,*,#1492,.F.);
#2055=ORIENTED_EDGE('',*,*,#1493,.F.);
#2056=ORIENTED_EDGE('',*,*,#1494,.F.);
#2057=ORIENTED_EDGE('',*,*,#1494,.T.);
#2058=ORIENTED_EDGE('',*,*,#1495,.T.);
#2059=ORIENTED_EDGE('',*,*,#1496,.F.);
#2060=ORIENTED_EDGE('',*,*,#1487,.F.);
#2061=ORIENTED_EDGE('',*,*,#1492,.T.);
#2062=ORIENTED_EDGE('',*,*,#1485,.F.);
#2063=ORIENTED_EDGE('',*,*,#1497,.F.);
#2064=ORIENTED_EDGE('',*,*,#1498,.F.);
#2065=ORIENTED_EDGE('',*,*,#1499,.F.);
#2066=ORIENTED_EDGE('',*,*,#1500,.F.);
#2067=ORIENTED_EDGE('',*,*,#1501,.F.);
#2068=ORIENTED_EDGE('',*,*,#1502,.F.);
#2069=ORIENTED_EDGE('',*,*,#1503,.F.);
#2070=ORIENTED_EDGE('',*,*,#1504,.F.);
#2071=ORIENTED_EDGE('',*,*,#1505,.F.);
#2072=ORIENTED_EDGE('',*,*,#1506,.F.);
#2073=ORIENTED_EDGE('',*,*,#1507,.F.);
#2074=ORIENTED_EDGE('',*,*,#1508,.F.);
#2075=ORIENTED_EDGE('',*,*,#1509,.F.);
#2076=ORIENTED_EDGE('',*,*,#1510,.F.);
#2077=ORIENTED_EDGE('',*,*,#1511,.F.);
#2078=ORIENTED_EDGE('',*,*,#1512,.F.);
#2079=ORIENTED_EDGE('',*,*,#1513,.F.);
#2080=ORIENTED_EDGE('',*,*,#1514,.F.);
#2081=ORIENTED_EDGE('',*,*,#1515,.F.);
#2082=ORIENTED_EDGE('',*,*,#1516,.F.);
#2083=ORIENTED_EDGE('',*,*,#1517,.F.);
#2084=ORIENTED_EDGE('',*,*,#1518,.F.);
#2085=ORIENTED_EDGE('',*,*,#1519,.F.);
#2086=ORIENTED_EDGE('',*,*,#1519,.T.);
#2087=ORIENTED_EDGE('',*,*,#1520,.T.);
#2088=ORIENTED_EDGE('',*,*,#1521,.T.);
#2089=ORIENTED_EDGE('',*,*,#1522,.F.);
#2090=ORIENTED_EDGE('',*,*,#1523,.F.);
#2091=ORIENTED_EDGE('',*,*,#1524,.F.);
#2092=ORIENTED_EDGE('',*,*,#1525,.F.);
#2093=ORIENTED_EDGE('',*,*,#1526,.F.);
#2094=ORIENTED_EDGE('',*,*,#1521,.F.);
#2095=ORIENTED_EDGE('',*,*,#1527,.F.);
#2096=ORIENTED_EDGE('',*,*,#1528,.F.);
#2097=ORIENTED_EDGE('',*,*,#1529,.F.);
#2098=ORIENTED_EDGE('',*,*,#1530,.T.);
#2099=ORIENTED_EDGE('',*,*,#1531,.T.);
#2100=ORIENTED_EDGE('',*,*,#1523,.T.);
#2101=ORIENTED_EDGE('',*,*,#1532,.F.);
#2102=ORIENTED_EDGE('',*,*,#1533,.T.);
#2103=ORIENTED_EDGE('',*,*,#1534,.T.);
#2104=ORIENTED_EDGE('',*,*,#1524,.T.);
#2105=ORIENTED_EDGE('',*,*,#1531,.F.);
#2106=ORIENTED_EDGE('',*,*,#1535,.T.);
#2107=ORIENTED_EDGE('',*,*,#1536,.T.);
#2108=ORIENTED_EDGE('',*,*,#1525,.T.);
#2109=ORIENTED_EDGE('',*,*,#1534,.F.);
#2110=ORIENTED_EDGE('',*,*,#1537,.T.);
#2111=ORIENTED_EDGE('',*,*,#1532,.T.);
#2112=ORIENTED_EDGE('',*,*,#1526,.T.);
#2113=ORIENTED_EDGE('',*,*,#1536,.F.);
#2114=ORIENTED_EDGE('',*,*,#1530,.F.);
#2115=ORIENTED_EDGE('',*,*,#1537,.F.);
#2116=ORIENTED_EDGE('',*,*,#1535,.F.);
#2117=ORIENTED_EDGE('',*,*,#1533,.F.);
#2118=ORIENTED_EDGE('',*,*,#1538,.T.);
#2119=ORIENTED_EDGE('',*,*,#1539,.T.);
#2120=ORIENTED_EDGE('',*,*,#1497,.T.);
#2121=ORIENTED_EDGE('',*,*,#1484,.F.);
#2122=ORIENTED_EDGE('',*,*,#1540,.T.);
#2123=ORIENTED_EDGE('',*,*,#1541,.T.);
#2124=ORIENTED_EDGE('',*,*,#1498,.T.);
#2125=ORIENTED_EDGE('',*,*,#1539,.F.);
#2126=ORIENTED_EDGE('',*,*,#1542,.T.);
#2127=ORIENTED_EDGE('',*,*,#1543,.T.);
#2128=ORIENTED_EDGE('',*,*,#1499,.T.);
#2129=ORIENTED_EDGE('',*,*,#1541,.F.);
#2130=ORIENTED_EDGE('',*,*,#1544,.T.);
#2131=ORIENTED_EDGE('',*,*,#1545,.T.);
#2132=ORIENTED_EDGE('',*,*,#1500,.T.);
#2133=ORIENTED_EDGE('',*,*,#1543,.F.);
#2134=ORIENTED_EDGE('',*,*,#1546,.T.);
#2135=ORIENTED_EDGE('',*,*,#1547,.T.);
#2136=ORIENTED_EDGE('',*,*,#1501,.T.);
#2137=ORIENTED_EDGE('',*,*,#1545,.F.);
#2138=ORIENTED_EDGE('',*,*,#1548,.T.);
#2139=ORIENTED_EDGE('',*,*,#1549,.T.);
#2140=ORIENTED_EDGE('',*,*,#1502,.T.);
#2141=ORIENTED_EDGE('',*,*,#1547,.F.);
#2142=ORIENTED_EDGE('',*,*,#1550,.T.);
#2143=ORIENTED_EDGE('',*,*,#1516,.T.);
#2144=ORIENTED_EDGE('',*,*,#1551,.T.);
#2145=ORIENTED_EDGE('',*,*,#1503,.T.);
#2146=ORIENTED_EDGE('',*,*,#1549,.F.);
#2147=ORIENTED_EDGE('',*,*,#1551,.F.);
#2148=ORIENTED_EDGE('',*,*,#1515,.T.);
#2149=ORIENTED_EDGE('',*,*,#1522,.T.);
#2150=ORIENTED_EDGE('',*,*,#1529,.T.);
#2151=ORIENTED_EDGE('',*,*,#1552,.F.);
#2152=ORIENTED_EDGE('',*,*,#1504,.T.);
#2153=ORIENTED_EDGE('',*,*,#1552,.T.);
#2154=ORIENTED_EDGE('',*,*,#1528,.T.);
#2155=ORIENTED_EDGE('',*,*,#1553,.F.);
#2156=ORIENTED_EDGE('',*,*,#1505,.T.);
#2157=ORIENTED_EDGE('',*,*,#1553,.T.);
#2158=ORIENTED_EDGE('',*,*,#1527,.T.);
#2159=ORIENTED_EDGE('',*,*,#1520,.F.);
#2160=ORIENTED_EDGE('',*,*,#1518,.T.);
#2161=ORIENTED_EDGE('',*,*,#1554,.T.);
#2162=ORIENTED_EDGE('',*,*,#1555,.T.);
#2163=ORIENTED_EDGE('',*,*,#1506,.T.);
#2164=ORIENTED_EDGE('',*,*,#1556,.T.);
#2165=ORIENTED_EDGE('',*,*,#1557,.T.);
#2166=ORIENTED_EDGE('',*,*,#1507,.T.);
#2167=ORIENTED_EDGE('',*,*,#1555,.F.);
#2168=ORIENTED_EDGE('',*,*,#1558,.T.);
#2169=ORIENTED_EDGE('',*,*,#1559,.T.);
#2170=ORIENTED_EDGE('',*,*,#1508,.T.);
#2171=ORIENTED_EDGE('',*,*,#1557,.F.);
#2172=ORIENTED_EDGE('',*,*,#1560,.T.);
#2173=ORIENTED_EDGE('',*,*,#1561,.T.);
#2174=ORIENTED_EDGE('',*,*,#1509,.T.);
#2175=ORIENTED_EDGE('',*,*,#1559,.F.);
#2176=ORIENTED_EDGE('',*,*,#1562,.T.);
#2177=ORIENTED_EDGE('',*,*,#1563,.T.);
#2178=ORIENTED_EDGE('',*,*,#1510,.T.);
#2179=ORIENTED_EDGE('',*,*,#1561,.F.);
#2180=ORIENTED_EDGE('',*,*,#1564,.T.);
#2181=ORIENTED_EDGE('',*,*,#1565,.T.);
#2182=ORIENTED_EDGE('',*,*,#1511,.T.);
#2183=ORIENTED_EDGE('',*,*,#1563,.F.);
#2184=ORIENTED_EDGE('',*,*,#1566,.T.);
#2185=ORIENTED_EDGE('',*,*,#1567,.T.);
#2186=ORIENTED_EDGE('',*,*,#1512,.T.);
#2187=ORIENTED_EDGE('',*,*,#1565,.F.);
#2188=ORIENTED_EDGE('',*,*,#1568,.T.);
#2189=ORIENTED_EDGE('',*,*,#1569,.T.);
#2190=ORIENTED_EDGE('',*,*,#1513,.T.);
#2191=ORIENTED_EDGE('',*,*,#1567,.F.);
#2192=ORIENTED_EDGE('',*,*,#1479,.F.);
#2193=ORIENTED_EDGE('',*,*,#1491,.T.);
#2194=ORIENTED_EDGE('',*,*,#1570,.F.);
#2195=ORIENTED_EDGE('',*,*,#1495,.F.);
#2196=ORIENTED_EDGE('',*,*,#1493,.T.);
#2197=ORIENTED_EDGE('',*,*,#1514,.T.);
#2198=ORIENTED_EDGE('',*,*,#1569,.F.);
#2199=ORIENTED_EDGE('',*,*,#1571,.T.);
#2200=ORIENTED_EDGE('',*,*,#1480,.T.);
#2201=ORIENTED_EDGE('',*,*,#1571,.F.);
#2202=ORIENTED_EDGE('',*,*,#1568,.F.);
#2203=ORIENTED_EDGE('',*,*,#1566,.F.);
#2204=ORIENTED_EDGE('',*,*,#1564,.F.);
#2205=ORIENTED_EDGE('',*,*,#1562,.F.);
#2206=ORIENTED_EDGE('',*,*,#1560,.F.);
#2207=ORIENTED_EDGE('',*,*,#1558,.F.);
#2208=ORIENTED_EDGE('',*,*,#1556,.F.);
#2209=ORIENTED_EDGE('',*,*,#1554,.F.);
#2210=ORIENTED_EDGE('',*,*,#1517,.T.);
#2211=ORIENTED_EDGE('',*,*,#1550,.F.);
#2212=ORIENTED_EDGE('',*,*,#1548,.F.);
#2213=ORIENTED_EDGE('',*,*,#1546,.F.);
#2214=ORIENTED_EDGE('',*,*,#1544,.F.);
#2215=ORIENTED_EDGE('',*,*,#1542,.F.);
#2216=ORIENTED_EDGE('',*,*,#1540,.F.);
#2217=ORIENTED_EDGE('',*,*,#1538,.F.);
#2218=ORIENTED_EDGE('',*,*,#1483,.F.);
#2219=ORIENTED_EDGE('',*,*,#1488,.T.);
#2220=ORIENTED_EDGE('',*,*,#1496,.T.);
#2221=ORIENTED_EDGE('',*,*,#1570,.T.);
#2222=ORIENTED_EDGE('',*,*,#1490,.T.);
#2223=ORIENTED_EDGE('',*,*,#1572,.T.);
#2224=ORIENTED_EDGE('',*,*,#1573,.F.);
#2225=ORIENTED_EDGE('',*,*,#1574,.T.);
#2226=ORIENTED_EDGE('',*,*,#1575,.F.);
#2227=ORIENTED_EDGE('',*,*,#1574,.F.);
#2228=ORIENTED_EDGE('',*,*,#1576,.T.);
#2229=ORIENTED_EDGE('',*,*,#1577,.T.);
#2230=ORIENTED_EDGE('',*,*,#1578,.T.);
#2231=ORIENTED_EDGE('',*,*,#1579,.T.);
#2232=ORIENTED_EDGE('',*,*,#1580,.T.);
#2233=ORIENTED_EDGE('',*,*,#1581,.F.);
#2234=ORIENTED_EDGE('',*,*,#1582,.F.);
#2235=ORIENTED_EDGE('',*,*,#1575,.T.);
#2236=ORIENTED_EDGE('',*,*,#1582,.T.);
#2237=ORIENTED_EDGE('',*,*,#1583,.F.);
#2238=ORIENTED_EDGE('',*,*,#1584,.F.);
#2239=ORIENTED_EDGE('',*,*,#1579,.F.);
#2240=ORIENTED_EDGE('',*,*,#1585,.F.);
#2241=ORIENTED_EDGE('',*,*,#1586,.F.);
#2242=ORIENTED_EDGE('',*,*,#1587,.F.);
#2243=ORIENTED_EDGE('',*,*,#1587,.T.);
#2244=ORIENTED_EDGE('',*,*,#1588,.T.);
#2245=ORIENTED_EDGE('',*,*,#1589,.F.);
#2246=ORIENTED_EDGE('',*,*,#1580,.F.);
#2247=ORIENTED_EDGE('',*,*,#1585,.T.);
#2248=ORIENTED_EDGE('',*,*,#1578,.F.);
#2249=ORIENTED_EDGE('',*,*,#1590,.F.);
#2250=ORIENTED_EDGE('',*,*,#1591,.F.);
#2251=ORIENTED_EDGE('',*,*,#1592,.F.);
#2252=ORIENTED_EDGE('',*,*,#1593,.F.);
#2253=ORIENTED_EDGE('',*,*,#1594,.F.);
#2254=ORIENTED_EDGE('',*,*,#1595,.F.);
#2255=ORIENTED_EDGE('',*,*,#1596,.F.);
#2256=ORIENTED_EDGE('',*,*,#1597,.F.);
#2257=ORIENTED_EDGE('',*,*,#1598,.F.);
#2258=ORIENTED_EDGE('',*,*,#1599,.F.);
#2259=ORIENTED_EDGE('',*,*,#1600,.F.);
#2260=ORIENTED_EDGE('',*,*,#1601,.F.);
#2261=ORIENTED_EDGE('',*,*,#1602,.F.);
#2262=ORIENTED_EDGE('',*,*,#1603,.F.);
#2263=ORIENTED_EDGE('',*,*,#1604,.F.);
#2264=ORIENTED_EDGE('',*,*,#1605,.F.);
#2265=ORIENTED_EDGE('',*,*,#1606,.F.);
#2266=ORIENTED_EDGE('',*,*,#1607,.F.);
#2267=ORIENTED_EDGE('',*,*,#1608,.F.);
#2268=ORIENTED_EDGE('',*,*,#1609,.F.);
#2269=ORIENTED_EDGE('',*,*,#1610,.F.);
#2270=ORIENTED_EDGE('',*,*,#1611,.F.);
#2271=ORIENTED_EDGE('',*,*,#1612,.F.);
#2272=ORIENTED_EDGE('',*,*,#1612,.T.);
#2273=ORIENTED_EDGE('',*,*,#1613,.T.);
#2274=ORIENTED_EDGE('',*,*,#1614,.T.);
#2275=ORIENTED_EDGE('',*,*,#1615,.F.);
#2276=ORIENTED_EDGE('',*,*,#1616,.F.);
#2277=ORIENTED_EDGE('',*,*,#1617,.F.);
#2278=ORIENTED_EDGE('',*,*,#1618,.F.);
#2279=ORIENTED_EDGE('',*,*,#1619,.F.);
#2280=ORIENTED_EDGE('',*,*,#1614,.F.);
#2281=ORIENTED_EDGE('',*,*,#1620,.F.);
#2282=ORIENTED_EDGE('',*,*,#1621,.F.);
#2283=ORIENTED_EDGE('',*,*,#1622,.F.);
#2284=ORIENTED_EDGE('',*,*,#1623,.T.);
#2285=ORIENTED_EDGE('',*,*,#1624,.T.);
#2286=ORIENTED_EDGE('',*,*,#1616,.T.);
#2287=ORIENTED_EDGE('',*,*,#1625,.F.);
#2288=ORIENTED_EDGE('',*,*,#1626,.T.);
#2289=ORIENTED_EDGE('',*,*,#1627,.T.);
#2290=ORIENTED_EDGE('',*,*,#1617,.T.);
#2291=ORIENTED_EDGE('',*,*,#1624,.F.);
#2292=ORIENTED_EDGE('',*,*,#1628,.T.);
#2293=ORIENTED_EDGE('',*,*,#1629,.T.);
#2294=ORIENTED_EDGE('',*,*,#1618,.T.);
#2295=ORIENTED_EDGE('',*,*,#1627,.F.);
#2296=ORIENTED_EDGE('',*,*,#1630,.T.);
#2297=ORIENTED_EDGE('',*,*,#1625,.T.);
#2298=ORIENTED_EDGE('',*,*,#1619,.T.);
#2299=ORIENTED_EDGE('',*,*,#1629,.F.);
#2300=ORIENTED_EDGE('',*,*,#1623,.F.);
#2301=ORIENTED_EDGE('',*,*,#1630,.F.);
#2302=ORIENTED_EDGE('',*,*,#1628,.F.);
#2303=ORIENTED_EDGE('',*,*,#1626,.F.);
#2304=ORIENTED_EDGE('',*,*,#1631,.T.);
#2305=ORIENTED_EDGE('',*,*,#1632,.T.);
#2306=ORIENTED_EDGE('',*,*,#1590,.T.);
#2307=ORIENTED_EDGE('',*,*,#1577,.F.);
#2308=ORIENTED_EDGE('',*,*,#1633,.T.);
#2309=ORIENTED_EDGE('',*,*,#1634,.T.);
#2310=ORIENTED_EDGE('',*,*,#1591,.T.);
#2311=ORIENTED_EDGE('',*,*,#1632,.F.);
#2312=ORIENTED_EDGE('',*,*,#1635,.T.);
#2313=ORIENTED_EDGE('',*,*,#1636,.T.);
#2314=ORIENTED_EDGE('',*,*,#1592,.T.);
#2315=ORIENTED_EDGE('',*,*,#1634,.F.);
#2316=ORIENTED_EDGE('',*,*,#1637,.T.);
#2317=ORIENTED_EDGE('',*,*,#1638,.T.);
#2318=ORIENTED_EDGE('',*,*,#1593,.T.);
#2319=ORIENTED_EDGE('',*,*,#1636,.F.);
#2320=ORIENTED_EDGE('',*,*,#1639,.T.);
#2321=ORIENTED_EDGE('',*,*,#1640,.T.);
#2322=ORIENTED_EDGE('',*,*,#1594,.T.);
#2323=ORIENTED_EDGE('',*,*,#1638,.F.);
#2324=ORIENTED_EDGE('',*,*,#1641,.T.);
#2325=ORIENTED_EDGE('',*,*,#1642,.T.);
#2326=ORIENTED_EDGE('',*,*,#1595,.T.);
#2327=ORIENTED_EDGE('',*,*,#1640,.F.);
#2328=ORIENTED_EDGE('',*,*,#1643,.T.);
#2329=ORIENTED_EDGE('',*,*,#1609,.T.);
#2330=ORIENTED_EDGE('',*,*,#1644,.T.);
#2331=ORIENTED_EDGE('',*,*,#1596,.T.);
#2332=ORIENTED_EDGE('',*,*,#1642,.F.);
#2333=ORIENTED_EDGE('',*,*,#1644,.F.);
#2334=ORIENTED_EDGE('',*,*,#1608,.T.);
#2335=ORIENTED_EDGE('',*,*,#1615,.T.);
#2336=ORIENTED_EDGE('',*,*,#1622,.T.);
#2337=ORIENTED_EDGE('',*,*,#1645,.F.);
#2338=ORIENTED_EDGE('',*,*,#1597,.T.);
#2339=ORIENTED_EDGE('',*,*,#1645,.T.);
#2340=ORIENTED_EDGE('',*,*,#1621,.T.);
#2341=ORIENTED_EDGE('',*,*,#1646,.F.);
#2342=ORIENTED_EDGE('',*,*,#1598,.T.);
#2343=ORIENTED_EDGE('',*,*,#1646,.T.);
#2344=ORIENTED_EDGE('',*,*,#1620,.T.);
#2345=ORIENTED_EDGE('',*,*,#1613,.F.);
#2346=ORIENTED_EDGE('',*,*,#1611,.T.);
#2347=ORIENTED_EDGE('',*,*,#1647,.T.);
#2348=ORIENTED_EDGE('',*,*,#1648,.T.);
#2349=ORIENTED_EDGE('',*,*,#1599,.T.);
#2350=ORIENTED_EDGE('',*,*,#1649,.T.);
#2351=ORIENTED_EDGE('',*,*,#1650,.T.);
#2352=ORIENTED_EDGE('',*,*,#1600,.T.);
#2353=ORIENTED_EDGE('',*,*,#1648,.F.);
#2354=ORIENTED_EDGE('',*,*,#1651,.T.);
#2355=ORIENTED_EDGE('',*,*,#1652,.T.);
#2356=ORIENTED_EDGE('',*,*,#1601,.T.);
#2357=ORIENTED_EDGE('',*,*,#1650,.F.);
#2358=ORIENTED_EDGE('',*,*,#1653,.T.);
#2359=ORIENTED_EDGE('',*,*,#1654,.T.);
#2360=ORIENTED_EDGE('',*,*,#1602,.T.);
#2361=ORIENTED_EDGE('',*,*,#1652,.F.);
#2362=ORIENTED_EDGE('',*,*,#1655,.T.);
#2363=ORIENTED_EDGE('',*,*,#1656,.T.);
#2364=ORIENTED_EDGE('',*,*,#1603,.T.);
#2365=ORIENTED_EDGE('',*,*,#1654,.F.);
#2366=ORIENTED_EDGE('',*,*,#1657,.T.);
#2367=ORIENTED_EDGE('',*,*,#1658,.T.);
#2368=ORIENTED_EDGE('',*,*,#1604,.T.);
#2369=ORIENTED_EDGE('',*,*,#1656,.F.);
#2370=ORIENTED_EDGE('',*,*,#1659,.T.);
#2371=ORIENTED_EDGE('',*,*,#1660,.T.);
#2372=ORIENTED_EDGE('',*,*,#1605,.T.);
#2373=ORIENTED_EDGE('',*,*,#1658,.F.);
#2374=ORIENTED_EDGE('',*,*,#1661,.T.);
#2375=ORIENTED_EDGE('',*,*,#1662,.T.);
#2376=ORIENTED_EDGE('',*,*,#1606,.T.);
#2377=ORIENTED_EDGE('',*,*,#1660,.F.);
#2378=ORIENTED_EDGE('',*,*,#1572,.F.);
#2379=ORIENTED_EDGE('',*,*,#1584,.T.);
#2380=ORIENTED_EDGE('',*,*,#1663,.F.);
#2381=ORIENTED_EDGE('',*,*,#1588,.F.);
#2382=ORIENTED_EDGE('',*,*,#1586,.T.);
#2383=ORIENTED_EDGE('',*,*,#1607,.T.);
#2384=ORIENTED_EDGE('',*,*,#1662,.F.);
#2385=ORIENTED_EDGE('',*,*,#1664,.T.);
#2386=ORIENTED_EDGE('',*,*,#1573,.T.);
#2387=ORIENTED_EDGE('',*,*,#1664,.F.);
#2388=ORIENTED_EDGE('',*,*,#1661,.F.);
#2389=ORIENTED_EDGE('',*,*,#1659,.F.);
#2390=ORIENTED_EDGE('',*,*,#1657,.F.);
#2391=ORIENTED_EDGE('',*,*,#1655,.F.);
#2392=ORIENTED_EDGE('',*,*,#1653,.F.);
#2393=ORIENTED_EDGE('',*,*,#1651,.F.);
#2394=ORIENTED_EDGE('',*,*,#1649,.F.);
#2395=ORIENTED_EDGE('',*,*,#1647,.F.);
#2396=ORIENTED_EDGE('',*,*,#1610,.T.);
#2397=ORIENTED_EDGE('',*,*,#1643,.F.);
#2398=ORIENTED_EDGE('',*,*,#1641,.F.);
#2399=ORIENTED_EDGE('',*,*,#1639,.F.);
#2400=ORIENTED_EDGE('',*,*,#1637,.F.);
#2401=ORIENTED_EDGE('',*,*,#1635,.F.);
#2402=ORIENTED_EDGE('',*,*,#1633,.F.);
#2403=ORIENTED_EDGE('',*,*,#1631,.F.);
#2404=ORIENTED_EDGE('',*,*,#1576,.F.);
#2405=ORIENTED_EDGE('',*,*,#1581,.T.);
#2406=ORIENTED_EDGE('',*,*,#1589,.T.);
#2407=ORIENTED_EDGE('',*,*,#1663,.T.);
#2408=ORIENTED_EDGE('',*,*,#1583,.T.);
#2409=CYLINDRICAL_SURFACE('',#2775,0.0393700787401575);
#2410=CYLINDRICAL_SURFACE('',#2781,0.0393700787401575);
#2411=CYLINDRICAL_SURFACE('',#2793,0.0393700787401575);
#2412=CYLINDRICAL_SURFACE('',#2803,0.0393700787401575);
#2413=CYLINDRICAL_SURFACE('',#2806,0.0393700787401579);
#2414=CYLINDRICAL_SURFACE('',#2809,0.0393700787401572);
#2415=CYLINDRICAL_SURFACE('',#2812,0.0393700787401578);
#2416=CYLINDRICAL_SURFACE('',#2817,0.0393700787401575);
#2417=CYLINDRICAL_SURFACE('',#2820,0.0393700787401577);
#2418=CYLINDRICAL_SURFACE('',#2823,0.039370078740158);
#2419=CYLINDRICAL_SURFACE('',#2826,0.0393700787401577);
#2420=CYLINDRICAL_SURFACE('',#2831,0.0393700787401575);
#2421=CYLINDRICAL_SURFACE('',#2837,0.0393700787401575);
#2422=CYLINDRICAL_SURFACE('',#2849,0.0393700787401575);
#2423=CYLINDRICAL_SURFACE('',#2859,0.0393700787401575);
#2424=CYLINDRICAL_SURFACE('',#2862,0.0393700787401579);
#2425=CYLINDRICAL_SURFACE('',#2865,0.0393700787401572);
#2426=CYLINDRICAL_SURFACE('',#2868,0.0393700787401578);
#2427=CYLINDRICAL_SURFACE('',#2873,0.0393700787401575);
#2428=CYLINDRICAL_SURFACE('',#2876,0.0393700787401577);
#2429=CYLINDRICAL_SURFACE('',#2879,0.039370078740158);
#2430=CYLINDRICAL_SURFACE('',#2882,0.0393700787401577);
#2431=CYLINDRICAL_SURFACE('',#2887,0.0393700787401575);
#2432=CYLINDRICAL_SURFACE('',#2893,0.0393700787401575);
#2433=CYLINDRICAL_SURFACE('',#2905,0.0393700787401575);
#2434=CYLINDRICAL_SURFACE('',#2915,0.0393700787401575);
#2435=CYLINDRICAL_SURFACE('',#2918,0.0393700787401579);
#2436=CYLINDRICAL_SURFACE('',#2921,0.0393700787401572);
#2437=CYLINDRICAL_SURFACE('',#2924,0.0393700787401578);
#2438=CYLINDRICAL_SURFACE('',#2929,0.0393700787401575);
#2439=CYLINDRICAL_SURFACE('',#2932,0.0393700787401577);
#2440=CYLINDRICAL_SURFACE('',#2935,0.039370078740158);
#2441=CYLINDRICAL_SURFACE('',#2938,0.0393700787401577);
#2442=CYLINDRICAL_SURFACE('',#2943,0.0393700787401575);
#2443=CYLINDRICAL_SURFACE('',#2949,0.0393700787401575);
#2444=CYLINDRICAL_SURFACE('',#2961,0.0393700787401575);
#2445=CYLINDRICAL_SURFACE('',#2971,0.0393700787401575);
#2446=CYLINDRICAL_SURFACE('',#2974,0.0393700787401579);
#2447=CYLINDRICAL_SURFACE('',#2977,0.0393700787401572);
#2448=CYLINDRICAL_SURFACE('',#2980,0.0393700787401578);
#2449=CYLINDRICAL_SURFACE('',#2985,0.0393700787401575);
#2450=CYLINDRICAL_SURFACE('',#2988,0.0393700787401577);
#2451=CYLINDRICAL_SURFACE('',#2991,0.039370078740158);
#2452=CYLINDRICAL_SURFACE('',#2994,0.0393700787401577);
#2453=STYLED_ITEM('',(#2744),#2589);
#2454=STYLED_ITEM('',(#2744),#2590);
#2455=STYLED_ITEM('',(#2744),#2591);
#2456=STYLED_ITEM('',(#2744),#2592);
#2457=STYLED_ITEM('',(#2744),#2593);
#2458=STYLED_ITEM('',(#2744),#2594);
#2459=STYLED_ITEM('',(#2744),#2595);
#2460=STYLED_ITEM('',(#2744),#2596);
#2461=STYLED_ITEM('',(#2744),#2597);
#2462=STYLED_ITEM('',(#2744),#2598);
#2463=STYLED_ITEM('',(#2744),#2599);
#2464=STYLED_ITEM('',(#2744),#2600);
#2465=STYLED_ITEM('',(#2744),#2601);
#2466=STYLED_ITEM('',(#2744),#2602);
#2467=STYLED_ITEM('',(#2744),#2603);
#2468=STYLED_ITEM('',(#2744),#2604);
#2469=STYLED_ITEM('',(#2744),#2605);
#2470=STYLED_ITEM('',(#2744),#2606);
#2471=STYLED_ITEM('',(#2744),#2607);
#2472=STYLED_ITEM('',(#2744),#2608);
#2473=STYLED_ITEM('',(#2744),#2609);
#2474=STYLED_ITEM('',(#2744),#2610);
#2475=STYLED_ITEM('',(#2744),#2611);
#2476=STYLED_ITEM('',(#2744),#2612);
#2477=STYLED_ITEM('',(#2744),#2613);
#2478=STYLED_ITEM('',(#2744),#2614);
#2479=STYLED_ITEM('',(#2744),#2615);
#2480=STYLED_ITEM('',(#2744),#2616);
#2481=STYLED_ITEM('',(#2744),#2617);
#2482=STYLED_ITEM('',(#2744),#2618);
#2483=STYLED_ITEM('',(#2744),#2619);
#2484=STYLED_ITEM('',(#2744),#2620);
#2485=STYLED_ITEM('',(#2744),#2621);
#2486=STYLED_ITEM('',(#2743),#17);
#2487=STYLED_ITEM('',(#2744),#2623);
#2488=STYLED_ITEM('',(#2744),#2624);
#2489=STYLED_ITEM('',(#2744),#2625);
#2490=STYLED_ITEM('',(#2744),#2626);
#2491=STYLED_ITEM('',(#2744),#2627);
#2492=STYLED_ITEM('',(#2744),#2628);
#2493=STYLED_ITEM('',(#2744),#2629);
#2494=STYLED_ITEM('',(#2744),#2630);
#2495=STYLED_ITEM('',(#2744),#2631);
#2496=STYLED_ITEM('',(#2744),#2632);
#2497=STYLED_ITEM('',(#2744),#2633);
#2498=STYLED_ITEM('',(#2744),#2634);
#2499=STYLED_ITEM('',(#2744),#2635);
#2500=STYLED_ITEM('',(#2744),#2636);
#2501=STYLED_ITEM('',(#2744),#2637);
#2502=STYLED_ITEM('',(#2744),#2638);
#2503=STYLED_ITEM('',(#2744),#2639);
#2504=STYLED_ITEM('',(#2744),#2640);
#2505=STYLED_ITEM('',(#2744),#2641);
#2506=STYLED_ITEM('',(#2744),#2642);
#2507=STYLED_ITEM('',(#2744),#2643);
#2508=STYLED_ITEM('',(#2744),#2644);
#2509=STYLED_ITEM('',(#2744),#2645);
#2510=STYLED_ITEM('',(#2744),#2646);
#2511=STYLED_ITEM('',(#2744),#2647);
#2512=STYLED_ITEM('',(#2744),#2648);
#2513=STYLED_ITEM('',(#2744),#2649);
#2514=STYLED_ITEM('',(#2744),#2650);
#2515=STYLED_ITEM('',(#2744),#2651);
#2516=STYLED_ITEM('',(#2744),#2652);
#2517=STYLED_ITEM('',(#2744),#2653);
#2518=STYLED_ITEM('',(#2744),#2654);
#2519=STYLED_ITEM('',(#2744),#2655);
#2520=STYLED_ITEM('',(#2743),#18);
#2521=STYLED_ITEM('',(#2744),#2657);
#2522=STYLED_ITEM('',(#2744),#2658);
#2523=STYLED_ITEM('',(#2744),#2659);
#2524=STYLED_ITEM('',(#2744),#2660);
#2525=STYLED_ITEM('',(#2744),#2661);
#2526=STYLED_ITEM('',(#2744),#2662);
#2527=STYLED_ITEM('',(#2744),#2663);
#2528=STYLED_ITEM('',(#2744),#2664);
#2529=STYLED_ITEM('',(#2744),#2665);
#2530=STYLED_ITEM('',(#2744),#2666);
#2531=STYLED_ITEM('',(#2744),#2667);
#2532=STYLED_ITEM('',(#2744),#2668);
#2533=STYLED_ITEM('',(#2744),#2669);
#2534=STYLED_ITEM('',(#2744),#2670);
#2535=STYLED_ITEM('',(#2744),#2671);
#2536=STYLED_ITEM('',(#2744),#2672);
#2537=STYLED_ITEM('',(#2744),#2673);
#2538=STYLED_ITEM('',(#2744),#2674);
#2539=STYLED_ITEM('',(#2744),#2675);
#2540=STYLED_ITEM('',(#2744),#2676);
#2541=STYLED_ITEM('',(#2744),#2677);
#2542=STYLED_ITEM('',(#2744),#2678);
#2543=STYLED_ITEM('',(#2744),#2679);
#2544=STYLED_ITEM('',(#2744),#2680);
#2545=STYLED_ITEM('',(#2744),#2681);
#2546=STYLED_ITEM('',(#2744),#2682);
#2547=STYLED_ITEM('',(#2744),#2683);
#2548=STYLED_ITEM('',(#2744),#2684);
#2549=STYLED_ITEM('',(#2744),#2685);
#2550=STYLED_ITEM('',(#2744),#2686);
#2551=STYLED_ITEM('',(#2744),#2687);
#2552=STYLED_ITEM('',(#2744),#2688);
#2553=STYLED_ITEM('',(#2744),#2689);
#2554=STYLED_ITEM('',(#2743),#19);
#2555=STYLED_ITEM('',(#2744),#2691);
#2556=STYLED_ITEM('',(#2744),#2692);
#2557=STYLED_ITEM('',(#2744),#2693);
#2558=STYLED_ITEM('',(#2744),#2694);
#2559=STYLED_ITEM('',(#2744),#2695);
#2560=STYLED_ITEM('',(#2744),#2696);
#2561=STYLED_ITEM('',(#2744),#2697);
#2562=STYLED_ITEM('',(#2744),#2698);
#2563=STYLED_ITEM('',(#2744),#2699);
#2564=STYLED_ITEM('',(#2744),#2700);
#2565=STYLED_ITEM('',(#2744),#2701);
#2566=STYLED_ITEM('',(#2744),#2702);
#2567=STYLED_ITEM('',(#2744),#2703);
#2568=STYLED_ITEM('',(#2744),#2704);
#2569=STYLED_ITEM('',(#2744),#2705);
#2570=STYLED_ITEM('',(#2744),#2706);
#2571=STYLED_ITEM('',(#2744),#2707);
#2572=STYLED_ITEM('',(#2744),#2708);
#2573=STYLED_ITEM('',(#2744),#2709);
#2574=STYLED_ITEM('',(#2744),#2710);
#2575=STYLED_ITEM('',(#2744),#2711);
#2576=STYLED_ITEM('',(#2744),#2712);
#2577=STYLED_ITEM('',(#2744),#2713);
#2578=STYLED_ITEM('',(#2744),#2714);
#2579=STYLED_ITEM('',(#2744),#2715);
#2580=STYLED_ITEM('',(#2744),#2716);
#2581=STYLED_ITEM('',(#2744),#2717);
#2582=STYLED_ITEM('',(#2744),#2718);
#2583=STYLED_ITEM('',(#2744),#2719);
#2584=STYLED_ITEM('',(#2744),#2720);
#2585=STYLED_ITEM('',(#2744),#2721);
#2586=STYLED_ITEM('',(#2744),#2722);
#2587=STYLED_ITEM('',(#2744),#2723);
#2588=STYLED_ITEM('',(#2743),#20);
#2589=ADVANCED_FACE('',(#121),#2409,.T.);
#2590=ADVANCED_FACE('',(#122),#29,.F.);
#2591=ADVANCED_FACE('',(#123),#30,.F.);
#2592=ADVANCED_FACE('',(#124),#2410,.F.);
#2593=ADVANCED_FACE('',(#125),#31,.F.);
#2594=ADVANCED_FACE('',(#126),#32,.T.);
#2595=ADVANCED_FACE('',(#127),#2411,.F.);
#2596=ADVANCED_FACE('',(#128),#33,.T.);
#2597=ADVANCED_FACE('',(#129,#21),#34,.T.);
#2598=ADVANCED_FACE('',(#130),#35,.F.);
#2599=ADVANCED_FACE('',(#131),#36,.F.);
#2600=ADVANCED_FACE('',(#132),#37,.F.);
#2601=ADVANCED_FACE('',(#133),#38,.F.);
#2602=ADVANCED_FACE('',(#134),#39,.F.);
#2603=ADVANCED_FACE('',(#135),#2412,.F.);
#2604=ADVANCED_FACE('',(#136),#40,.F.);
#2605=ADVANCED_FACE('',(#137),#2413,.F.);
#2606=ADVANCED_FACE('',(#138),#41,.F.);
#2607=ADVANCED_FACE('',(#139),#2414,.F.);
#2608=ADVANCED_FACE('',(#140),#42,.F.);
#2609=ADVANCED_FACE('',(#141),#2415,.F.);
#2610=ADVANCED_FACE('',(#142),#43,.F.);
#2611=ADVANCED_FACE('',(#143),#44,.F.);
#2612=ADVANCED_FACE('',(#144),#45,.F.);
#2613=ADVANCED_FACE('',(#145),#2416,.T.);
#2614=ADVANCED_FACE('',(#146),#46,.F.);
#2615=ADVANCED_FACE('',(#147),#2417,.T.);
#2616=ADVANCED_FACE('',(#148),#47,.F.);
#2617=ADVANCED_FACE('',(#149),#2418,.T.);
#2618=ADVANCED_FACE('',(#150),#48,.F.);
#2619=ADVANCED_FACE('',(#151),#2419,.T.);
#2620=ADVANCED_FACE('',(#152),#49,.F.);
#2621=ADVANCED_FACE('',(#153),#50,.F.);
#2622=ADVANCED_FACE('',(#154),#51,.T.);
#2623=ADVANCED_FACE('',(#155),#2420,.T.);
#2624=ADVANCED_FACE('',(#156),#52,.F.);
#2625=ADVANCED_FACE('',(#157),#53,.F.);
#2626=ADVANCED_FACE('',(#158),#2421,.F.);
#2627=ADVANCED_FACE('',(#159),#54,.F.);
#2628=ADVANCED_FACE('',(#160),#55,.T.);
#2629=ADVANCED_FACE('',(#161),#2422,.F.);
#2630=ADVANCED_FACE('',(#162),#56,.T.);
#2631=ADVANCED_FACE('',(#163,#22),#57,.T.);
#2632=ADVANCED_FACE('',(#164),#58,.F.);
#2633=ADVANCED_FACE('',(#165),#59,.F.);
#2634=ADVANCED_FACE('',(#166),#60,.F.);
#2635=ADVANCED_FACE('',(#167),#61,.F.);
#2636=ADVANCED_FACE('',(#168),#62,.F.);
#2637=ADVANCED_FACE('',(#169),#2423,.F.);
#2638=ADVANCED_FACE('',(#170),#63,.F.);
#2639=ADVANCED_FACE('',(#171),#2424,.F.);
#2640=ADVANCED_FACE('',(#172),#64,.F.);
#2641=ADVANCED_FACE('',(#173),#2425,.F.);
#2642=ADVANCED_FACE('',(#174),#65,.F.);
#2643=ADVANCED_FACE('',(#175),#2426,.F.);
#2644=ADVANCED_FACE('',(#176),#66,.F.);
#2645=ADVANCED_FACE('',(#177),#67,.F.);
#2646=ADVANCED_FACE('',(#178),#68,.F.);
#2647=ADVANCED_FACE('',(#179),#2427,.T.);
#2648=ADVANCED_FACE('',(#180),#69,.F.);
#2649=ADVANCED_FACE('',(#181),#2428,.T.);
#2650=ADVANCED_FACE('',(#182),#70,.F.);
#2651=ADVANCED_FACE('',(#183),#2429,.T.);
#2652=ADVANCED_FACE('',(#184),#71,.F.);
#2653=ADVANCED_FACE('',(#185),#2430,.T.);
#2654=ADVANCED_FACE('',(#186),#72,.F.);
#2655=ADVANCED_FACE('',(#187),#73,.F.);
#2656=ADVANCED_FACE('',(#188),#74,.T.);
#2657=ADVANCED_FACE('',(#189),#2431,.T.);
#2658=ADVANCED_FACE('',(#190),#75,.F.);
#2659=ADVANCED_FACE('',(#191),#76,.F.);
#2660=ADVANCED_FACE('',(#192),#2432,.F.);
#2661=ADVANCED_FACE('',(#193),#77,.F.);
#2662=ADVANCED_FACE('',(#194),#78,.T.);
#2663=ADVANCED_FACE('',(#195),#2433,.F.);
#2664=ADVANCED_FACE('',(#196),#79,.T.);
#2665=ADVANCED_FACE('',(#197,#23),#80,.T.);
#2666=ADVANCED_FACE('',(#198),#81,.F.);
#2667=ADVANCED_FACE('',(#199),#82,.F.);
#2668=ADVANCED_FACE('',(#200),#83,.F.);
#2669=ADVANCED_FACE('',(#201),#84,.F.);
#2670=ADVANCED_FACE('',(#202),#85,.F.);
#2671=ADVANCED_FACE('',(#203),#2434,.F.);
#2672=ADVANCED_FACE('',(#204),#86,.F.);
#2673=ADVANCED_FACE('',(#205),#2435,.F.);
#2674=ADVANCED_FACE('',(#206),#87,.F.);
#2675=ADVANCED_FACE('',(#207),#2436,.F.);
#2676=ADVANCED_FACE('',(#208),#88,.F.);
#2677=ADVANCED_FACE('',(#209),#2437,.F.);
#2678=ADVANCED_FACE('',(#210),#89,.F.);
#2679=ADVANCED_FACE('',(#211),#90,.F.);
#2680=ADVANCED_FACE('',(#212),#91,.F.);
#2681=ADVANCED_FACE('',(#213),#2438,.T.);
#2682=ADVANCED_FACE('',(#214),#92,.F.);
#2683=ADVANCED_FACE('',(#215),#2439,.T.);
#2684=ADVANCED_FACE('',(#216),#93,.F.);
#2685=ADVANCED_FACE('',(#217),#2440,.T.);
#2686=ADVANCED_FACE('',(#218),#94,.F.);
#2687=ADVANCED_FACE('',(#219),#2441,.T.);
#2688=ADVANCED_FACE('',(#220),#95,.F.);
#2689=ADVANCED_FACE('',(#221),#96,.F.);
#2690=ADVANCED_FACE('',(#222),#97,.T.);
#2691=ADVANCED_FACE('',(#223),#2442,.T.);
#2692=ADVANCED_FACE('',(#224),#98,.F.);
#2693=ADVANCED_FACE('',(#225),#99,.F.);
#2694=ADVANCED_FACE('',(#226),#2443,.F.);
#2695=ADVANCED_FACE('',(#227),#100,.F.);
#2696=ADVANCED_FACE('',(#228),#101,.T.);
#2697=ADVANCED_FACE('',(#229),#2444,.F.);
#2698=ADVANCED_FACE('',(#230),#102,.T.);
#2699=ADVANCED_FACE('',(#231,#24),#103,.T.);
#2700=ADVANCED_FACE('',(#232),#104,.F.);
#2701=ADVANCED_FACE('',(#233),#105,.F.);
#2702=ADVANCED_FACE('',(#234),#106,.F.);
#2703=ADVANCED_FACE('',(#235),#107,.F.);
#2704=ADVANCED_FACE('',(#236),#108,.F.);
#2705=ADVANCED_FACE('',(#237),#2445,.F.);
#2706=ADVANCED_FACE('',(#238),#109,.F.);
#2707=ADVANCED_FACE('',(#239),#2446,.F.);
#2708=ADVANCED_FACE('',(#240),#110,.F.);
#2709=ADVANCED_FACE('',(#241),#2447,.F.);
#2710=ADVANCED_FACE('',(#242),#111,.F.);
#2711=ADVANCED_FACE('',(#243),#2448,.F.);
#2712=ADVANCED_FACE('',(#244),#112,.F.);
#2713=ADVANCED_FACE('',(#245),#113,.F.);
#2714=ADVANCED_FACE('',(#246),#114,.F.);
#2715=ADVANCED_FACE('',(#247),#2449,.T.);
#2716=ADVANCED_FACE('',(#248),#115,.F.);
#2717=ADVANCED_FACE('',(#249),#2450,.T.);
#2718=ADVANCED_FACE('',(#250),#116,.F.);
#2719=ADVANCED_FACE('',(#251),#2451,.T.);
#2720=ADVANCED_FACE('',(#252),#117,.F.);
#2721=ADVANCED_FACE('',(#253),#2452,.T.);
#2722=ADVANCED_FACE('',(#254),#118,.F.);
#2723=ADVANCED_FACE('',(#255),#119,.F.);
#2724=ADVANCED_FACE('',(#256),#120,.T.);
#2725=CLOSED_SHELL('',(#2589,#2590,#2591,#2592,#2593,#2594,#2595,#2596,
#2597,#2598,#2599,#2600,#2601,#2602,#2603,#2604,#2605,#2606,#2607,#2608,
#2609,#2610,#2611,#2612,#2613,#2614,#2615,#2616,#2617,#2618,#2619,#2620,
#2621,#2622));
#2726=CLOSED_SHELL('',(#2623,#2624,#2625,#2626,#2627,#2628,#2629,#2630,
#2631,#2632,#2633,#2634,#2635,#2636,#2637,#2638,#2639,#2640,#2641,#2642,
#2643,#2644,#2645,#2646,#2647,#2648,#2649,#2650,#2651,#2652,#2653,#2654,
#2655,#2656));
#2727=CLOSED_SHELL('',(#2657,#2658,#2659,#2660,#2661,#2662,#2663,#2664,
#2665,#2666,#2667,#2668,#2669,#2670,#2671,#2672,#2673,#2674,#2675,#2676,
#2677,#2678,#2679,#2680,#2681,#2682,#2683,#2684,#2685,#2686,#2687,#2688,
#2689,#2690));
#2728=CLOSED_SHELL('',(#2691,#2692,#2693,#2694,#2695,#2696,#2697,#2698,
#2699,#2700,#2701,#2702,#2703,#2704,#2705,#2706,#2707,#2708,#2709,#2710,
#2711,#2712,#2713,#2714,#2715,#2716,#2717,#2718,#2719,#2720,#2721,#2722,
#2723,#2724));
#2729=DERIVED_UNIT_ELEMENT(#2731,1.);
#2730=DERIVED_UNIT_ELEMENT(#4539,-3.);
#2731=(
CONVERSION_BASED_UNIT('gram',#2733)
MASS_UNIT()
NAMED_UNIT(#4536)
);
#2732=(
MASS_UNIT()
NAMED_UNIT(*)
SI_UNIT(.KILO.,.GRAM.)
);
#2733=MASS_MEASURE_WITH_UNIT(MASS_MEASURE(0.001),#2732);
#2734=DERIVED_UNIT((#2729,#2730));
#2735=MEASURE_REPRESENTATION_ITEM('density measure',
POSITIVE_RATIO_MEASURE(1.),#2734);
#2736=PROPERTY_DEFINITION_REPRESENTATION(#2741,#2738);
#2737=PROPERTY_DEFINITION_REPRESENTATION(#2742,#2739);
#2738=REPRESENTATION('material name',(#2740),#4533);
#2739=REPRESENTATION('density',(#2735),#4533);
#2740=DESCRIPTIVE_REPRESENTATION_ITEM('Generic','Generic');
#2741=PROPERTY_DEFINITION('material property','material name',#4552);
#2742=PROPERTY_DEFINITION('material property','density of part',#4552);
#2743=PRESENTATION_STYLE_ASSIGNMENT((#2745));
#2744=PRESENTATION_STYLE_ASSIGNMENT((#2746));
#2745=SURFACE_STYLE_USAGE(.BOTH.,#2751);
#2746=SURFACE_STYLE_USAGE(.BOTH.,#2752);
#2747=SURFACE_STYLE_RENDERING_WITH_PROPERTIES($,#2759,(#2749));
#2748=SURFACE_STYLE_RENDERING_WITH_PROPERTIES($,#2760,(#2750));
#2749=SURFACE_STYLE_TRANSPARENT(0.);
#2750=SURFACE_STYLE_TRANSPARENT(0.339999973773956);
#2751=SURFACE_SIDE_STYLE('',(#2753,#2747));
#2752=SURFACE_SIDE_STYLE('',(#2754,#2748));
#2753=SURFACE_STYLE_FILL_AREA(#2755);
#2754=SURFACE_STYLE_FILL_AREA(#2756);
#2755=FILL_AREA_STYLE('',(#2757));
#2756=FILL_AREA_STYLE('',(#2758));
#2757=FILL_AREA_STYLE_COLOUR('',#2759);
#2758=FILL_AREA_STYLE_COLOUR('',#2760);
#2759=COLOUR_RGB('',0.749019607843137,0.749019607843137,0.749019607843137);
#2760=COLOUR_RGB('',0.925490196078431,0.945098039215686,0.937254901960784);
#2761=DATE_TIME_ROLE('creation_date');
#2762=DATE_TIME_ROLE('creation_date');
#2763=APPLIED_DATE_AND_TIME_ASSIGNMENT(#2765,#2761,(#4551));
#2764=APPLIED_DATE_AND_TIME_ASSIGNMENT(#2766,#2762,(#4552));
#2765=DATE_AND_TIME(#2767,#2769);
#2766=DATE_AND_TIME(#2768,#2770);
#2767=CALENDAR_DATE(2026,4,6);
#2768=CALENDAR_DATE(2026,4,6);
#2769=LOCAL_TIME(0,0,0.,#2771);
#2770=LOCAL_TIME(0,0,0.,#2772);
#2771=COORDINATED_UNIVERSAL_TIME_OFFSET(0,0,.BEHIND.);
#2772=COORDINATED_UNIVERSAL_TIME_OFFSET(0,0,.BEHIND.);
#2773=AXIS2_PLACEMENT_3D('',#3734,#3000,#3001);
#2774=AXIS2_PLACEMENT_3D('',#3735,#3002,#3003);
#2775=AXIS2_PLACEMENT_3D('',#3736,#3004,#3005);
#2776=AXIS2_PLACEMENT_3D('',#3739,#3006,#3007);
#2777=AXIS2_PLACEMENT_3D('',#3743,#3009,#3010);
#2778=AXIS2_PLACEMENT_3D('',#3745,#3012,#3013);
#2779=AXIS2_PLACEMENT_3D('',#3753,#3017,#3018);
#2780=AXIS2_PLACEMENT_3D('',#3759,#3022,#3023);
#2781=AXIS2_PLACEMENT_3D('',#3763,#3026,#3027);
#2782=AXIS2_PLACEMENT_3D('',#3767,#3029,#3030);
#2783=AXIS2_PLACEMENT_3D('',#3769,#3032,#3033);
#2784=AXIS2_PLACEMENT_3D('',#3773,#3036,#3037);
#2785=AXIS2_PLACEMENT_3D('',#3775,#3038,#3039);
#2786=AXIS2_PLACEMENT_3D('',#3779,#3041,#3042);
#2787=AXIS2_PLACEMENT_3D('',#3783,#3044,#3045);
#2788=AXIS2_PLACEMENT_3D('',#3787,#3047,#3048);
#2789=AXIS2_PLACEMENT_3D('',#3795,#3052,#3053);
#2790=AXIS2_PLACEMENT_3D('',#3799,#3055,#3056);
#2791=AXIS2_PLACEMENT_3D('',#3803,#3058,#3059);
#2792=AXIS2_PLACEMENT_3D('',#3807,#3061,#3062);
#2793=AXIS2_PLACEMENT_3D('',#3809,#3064,#3065);
#2794=AXIS2_PLACEMENT_3D('',#3812,#3066,#3067);
#2795=AXIS2_PLACEMENT_3D('',#3827,#3069,#3070);
#2796=AXIS2_PLACEMENT_3D('',#3829,#3072,#3073);
#2797=AXIS2_PLACEMENT_3D('',#3835,#3077,#3078);
#2798=AXIS2_PLACEMENT_3D('',#3849,#3086,#3087);
#2799=AXIS2_PLACEMENT_3D('',#3855,#3091,#3092);
#2800=AXIS2_PLACEMENT_3D('',#3859,#3095,#3096);
#2801=AXIS2_PLACEMENT_3D('',#3863,#3099,#3100);
#2802=AXIS2_PLACEMENT_3D('',#3865,#3102,#3103);
#2803=AXIS2_PLACEMENT_3D('',#3866,#3104,#3105);
#2804=AXIS2_PLACEMENT_3D('',#3868,#3106,#3107);
#2805=AXIS2_PLACEMENT_3D('',#3870,#3109,#3110);
#2806=AXIS2_PLACEMENT_3D('',#3874,#3113,#3114);
#2807=AXIS2_PLACEMENT_3D('',#3876,#3115,#3116);
#2808=AXIS2_PLACEMENT_3D('',#3878,#3118,#3119);
#2809=AXIS2_PLACEMENT_3D('',#3882,#3122,#3123);
#2810=AXIS2_PLACEMENT_3D('',#3884,#3124,#3125);
#2811=AXIS2_PLACEMENT_3D('',#3886,#3127,#3128);
#2812=AXIS2_PLACEMENT_3D('',#3890,#3131,#3132);
#2813=AXIS2_PLACEMENT_3D('',#3891,#3133,#3134);
#2814=AXIS2_PLACEMENT_3D('',#3893,#3136,#3137);
#2815=AXIS2_PLACEMENT_3D('',#3895,#3139,#3140);
#2816=AXIS2_PLACEMENT_3D('',#3897,#3142,#3143);
#2817=AXIS2_PLACEMENT_3D('',#3901,#3146,#3147);
#2818=AXIS2_PLACEMENT_3D('',#3903,#3148,#3149);
#2819=AXIS2_PLACEMENT_3D('',#3905,#3151,#3152);
#2820=AXIS2_PLACEMENT_3D('',#3909,#3155,#3156);
#2821=AXIS2_PLACEMENT_3D('',#3911,#3157,#3158);
#2822=AXIS2_PLACEMENT_3D('',#3913,#3160,#3161);
#2823=AXIS2_PLACEMENT_3D('',#3917,#3164,#3165);
#2824=AXIS2_PLACEMENT_3D('',#3919,#3166,#3167);
#2825=AXIS2_PLACEMENT_3D('',#3921,#3169,#3170);
#2826=AXIS2_PLACEMENT_3D('',#3925,#3173,#3174);
#2827=AXIS2_PLACEMENT_3D('',#3927,#3175,#3176);
#2828=AXIS2_PLACEMENT_3D('',#3929,#3178,#3179);
#2829=AXIS2_PLACEMENT_3D('',#3932,#3182,#3183);
#2830=AXIS2_PLACEMENT_3D('',#3933,#3184,#3185);
#2831=AXIS2_PLACEMENT_3D('',#3934,#3186,#3187);
#2832=AXIS2_PLACEMENT_3D('',#3937,#3188,#3189);
#2833=AXIS2_PLACEMENT_3D('',#3941,#3191,#3192);
#2834=AXIS2_PLACEMENT_3D('',#3943,#3194,#3195);
#2835=AXIS2_PLACEMENT_3D('',#3951,#3199,#3200);
#2836=AXIS2_PLACEMENT_3D('',#3957,#3204,#3205);
#2837=AXIS2_PLACEMENT_3D('',#3961,#3208,#3209);
#2838=AXIS2_PLACEMENT_3D('',#3965,#3211,#3212);
#2839=AXIS2_PLACEMENT_3D('',#3967,#3214,#3215);
#2840=AXIS2_PLACEMENT_3D('',#3971,#3218,#3219);
#2841=AXIS2_PLACEMENT_3D('',#3973,#3220,#3221);
#2842=AXIS2_PLACEMENT_3D('',#3977,#3223,#3224);
#2843=AXIS2_PLACEMENT_3D('',#3981,#3226,#3227);
#2844=AXIS2_PLACEMENT_3D('',#3985,#3229,#3230);
#2845=AXIS2_PLACEMENT_3D('',#3993,#3234,#3235);
#2846=AXIS2_PLACEMENT_3D('',#3997,#3237,#3238);
#2847=AXIS2_PLACEMENT_3D('',#4001,#3240,#3241);
#2848=AXIS2_PLACEMENT_3D('',#4005,#3243,#3244);
#2849=AXIS2_PLACEMENT_3D('',#4007,#3246,#3247);
#2850=AXIS2_PLACEMENT_3D('',#4010,#3248,#3249);
#2851=AXIS2_PLACEMENT_3D('',#4025,#3251,#3252);
#2852=AXIS2_PLACEMENT_3D('',#4027,#3254,#3255);
#2853=AXIS2_PLACEMENT_3D('',#4033,#3259,#3260);
#2854=AXIS2_PLACEMENT_3D('',#4047,#3268,#3269);
#2855=AXIS2_PLACEMENT_3D('',#4053,#3273,#3274);
#2856=AXIS2_PLACEMENT_3D('',#4057,#3277,#3278);
#2857=AXIS2_PLACEMENT_3D('',#4061,#3281,#3282);
#2858=AXIS2_PLACEMENT_3D('',#4063,#3284,#3285);
#2859=AXIS2_PLACEMENT_3D('',#4064,#3286,#3287);
#2860=AXIS2_PLACEMENT_3D('',#4066,#3288,#3289);
#2861=AXIS2_PLACEMENT_3D('',#4068,#3291,#3292);
#2862=AXIS2_PLACEMENT_3D('',#4072,#3295,#3296);
#2863=AXIS2_PLACEMENT_3D('',#4074,#3297,#3298);
#2864=AXIS2_PLACEMENT_3D('',#4076,#3300,#3301);
#2865=AXIS2_PLACEMENT_3D('',#4080,#3304,#3305);
#2866=AXIS2_PLACEMENT_3D('',#4082,#3306,#3307);
#2867=AXIS2_PLACEMENT_3D('',#4084,#3309,#3310);
#2868=AXIS2_PLACEMENT_3D('',#4088,#3313,#3314);
#2869=AXIS2_PLACEMENT_3D('',#4089,#3315,#3316);
#2870=AXIS2_PLACEMENT_3D('',#4091,#3318,#3319);
#2871=AXIS2_PLACEMENT_3D('',#4093,#3321,#3322);
#2872=AXIS2_PLACEMENT_3D('',#4095,#3324,#3325);
#2873=AXIS2_PLACEMENT_3D('',#4099,#3328,#3329);
#2874=AXIS2_PLACEMENT_3D('',#4101,#3330,#3331);
#2875=AXIS2_PLACEMENT_3D('',#4103,#3333,#3334);
#2876=AXIS2_PLACEMENT_3D('',#4107,#3337,#3338);
#2877=AXIS2_PLACEMENT_3D('',#4109,#3339,#3340);
#2878=AXIS2_PLACEMENT_3D('',#4111,#3342,#3343);
#2879=AXIS2_PLACEMENT_3D('',#4115,#3346,#3347);
#2880=AXIS2_PLACEMENT_3D('',#4117,#3348,#3349);
#2881=AXIS2_PLACEMENT_3D('',#4119,#3351,#3352);
#2882=AXIS2_PLACEMENT_3D('',#4123,#3355,#3356);
#2883=AXIS2_PLACEMENT_3D('',#4125,#3357,#3358);
#2884=AXIS2_PLACEMENT_3D('',#4127,#3360,#3361);
#2885=AXIS2_PLACEMENT_3D('',#4130,#3364,#3365);
#2886=AXIS2_PLACEMENT_3D('',#4131,#3366,#3367);
#2887=AXIS2_PLACEMENT_3D('',#4132,#3368,#3369);
#2888=AXIS2_PLACEMENT_3D('',#4135,#3370,#3371);
#2889=AXIS2_PLACEMENT_3D('',#4139,#3373,#3374);
#2890=AXIS2_PLACEMENT_3D('',#4141,#3376,#3377);
#2891=AXIS2_PLACEMENT_3D('',#4149,#3381,#3382);
#2892=AXIS2_PLACEMENT_3D('',#4155,#3386,#3387);
#2893=AXIS2_PLACEMENT_3D('',#4159,#3390,#3391);
#2894=AXIS2_PLACEMENT_3D('',#4163,#3393,#3394);
#2895=AXIS2_PLACEMENT_3D('',#4165,#3396,#3397);
#2896=AXIS2_PLACEMENT_3D('',#4169,#3400,#3401);
#2897=AXIS2_PLACEMENT_3D('',#4171,#3402,#3403);
#2898=AXIS2_PLACEMENT_3D('',#4175,#3405,#3406);
#2899=AXIS2_PLACEMENT_3D('',#4179,#3408,#3409);
#2900=AXIS2_PLACEMENT_3D('',#4183,#3411,#3412);
#2901=AXIS2_PLACEMENT_3D('',#4191,#3416,#3417);
#2902=AXIS2_PLACEMENT_3D('',#4195,#3419,#3420);
#2903=AXIS2_PLACEMENT_3D('',#4199,#3422,#3423);
#2904=AXIS2_PLACEMENT_3D('',#4203,#3425,#3426);
#2905=AXIS2_PLACEMENT_3D('',#4205,#3428,#3429);
#2906=AXIS2_PLACEMENT_3D('',#4208,#3430,#3431);
#2907=AXIS2_PLACEMENT_3D('',#4223,#3433,#3434);
#2908=AXIS2_PLACEMENT_3D('',#4225,#3436,#3437);
#2909=AXIS2_PLACEMENT_3D('',#4231,#3441,#3442);
#2910=AXIS2_PLACEMENT_3D('',#4245,#3450,#3451);
#2911=AXIS2_PLACEMENT_3D('',#4251,#3455,#3456);
#2912=AXIS2_PLACEMENT_3D('',#4255,#3459,#3460);
#2913=AXIS2_PLACEMENT_3D('',#4259,#3463,#3464);
#2914=AXIS2_PLACEMENT_3D('',#4261,#3466,#3467);
#2915=AXIS2_PLACEMENT_3D('',#4262,#3468,#3469);
#2916=AXIS2_PLACEMENT_3D('',#4264,#3470,#3471);
#2917=AXIS2_PLACEMENT_3D('',#4266,#3473,#3474);
#2918=AXIS2_PLACEMENT_3D('',#4270,#3477,#3478);
#2919=AXIS2_PLACEMENT_3D('',#4272,#3479,#3480);
#2920=AXIS2_PLACEMENT_3D('',#4274,#3482,#3483);
#2921=AXIS2_PLACEMENT_3D('',#4278,#3486,#3487);
#2922=AXIS2_PLACEMENT_3D('',#4280,#3488,#3489);
#2923=AXIS2_PLACEMENT_3D('',#4282,#3491,#3492);
#2924=AXIS2_PLACEMENT_3D('',#4286,#3495,#3496);
#2925=AXIS2_PLACEMENT_3D('',#4287,#3497,#3498);
#2926=AXIS2_PLACEMENT_3D('',#4289,#3500,#3501);
#2927=AXIS2_PLACEMENT_3D('',#4291,#3503,#3504);
#2928=AXIS2_PLACEMENT_3D('',#4293,#3506,#3507);
#2929=AXIS2_PLACEMENT_3D('',#4297,#3510,#3511);
#2930=AXIS2_PLACEMENT_3D('',#4299,#3512,#3513);
#2931=AXIS2_PLACEMENT_3D('',#4301,#3515,#3516);
#2932=AXIS2_PLACEMENT_3D('',#4305,#3519,#3520);
#2933=AXIS2_PLACEMENT_3D('',#4307,#3521,#3522);
#2934=AXIS2_PLACEMENT_3D('',#4309,#3524,#3525);
#2935=AXIS2_PLACEMENT_3D('',#4313,#3528,#3529);
#2936=AXIS2_PLACEMENT_3D('',#4315,#3530,#3531);
#2937=AXIS2_PLACEMENT_3D('',#4317,#3533,#3534);
#2938=AXIS2_PLACEMENT_3D('',#4321,#3537,#3538);
#2939=AXIS2_PLACEMENT_3D('',#4323,#3539,#3540);
#2940=AXIS2_PLACEMENT_3D('',#4325,#3542,#3543);
#2941=AXIS2_PLACEMENT_3D('',#4328,#3546,#3547);
#2942=AXIS2_PLACEMENT_3D('',#4329,#3548,#3549);
#2943=AXIS2_PLACEMENT_3D('',#4330,#3550,#3551);
#2944=AXIS2_PLACEMENT_3D('',#4333,#3552,#3553);
#2945=AXIS2_PLACEMENT_3D('',#4337,#3555,#3556);
#2946=AXIS2_PLACEMENT_3D('',#4339,#3558,#3559);
#2947=AXIS2_PLACEMENT_3D('',#4347,#3563,#3564);
#2948=AXIS2_PLACEMENT_3D('',#4353,#3568,#3569);
#2949=AXIS2_PLACEMENT_3D('',#4357,#3572,#3573);
#2950=AXIS2_PLACEMENT_3D('',#4361,#3575,#3576);
#2951=AXIS2_PLACEMENT_3D('',#4363,#3578,#3579);
#2952=AXIS2_PLACEMENT_3D('',#4367,#3582,#3583);
#2953=AXIS2_PLACEMENT_3D('',#4369,#3584,#3585);
#2954=AXIS2_PLACEMENT_3D('',#4373,#3587,#3588);
#2955=AXIS2_PLACEMENT_3D('',#4377,#3590,#3591);
#2956=AXIS2_PLACEMENT_3D('',#4381,#3593,#3594);
#2957=AXIS2_PLACEMENT_3D('',#4389,#3598,#3599);
#2958=AXIS2_PLACEMENT_3D('',#4393,#3601,#3602);
#2959=AXIS2_PLACEMENT_3D('',#4397,#3604,#3605);
#2960=AXIS2_PLACEMENT_3D('',#4401,#3607,#3608);
#2961=AXIS2_PLACEMENT_3D('',#4403,#3610,#3611);
#2962=AXIS2_PLACEMENT_3D('',#4406,#3612,#3613);
#2963=AXIS2_PLACEMENT_3D('',#4421,#3615,#3616);
#2964=AXIS2_PLACEMENT_3D('',#4423,#3618,#3619);
#2965=AXIS2_PLACEMENT_3D('',#4429,#3623,#3624);
#2966=AXIS2_PLACEMENT_3D('',#4443,#3632,#3633);
#2967=AXIS2_PLACEMENT_3D('',#4449,#3637,#3638);
#2968=AXIS2_PLACEMENT_3D('',#4453,#3641,#3642);
#2969=AXIS2_PLACEMENT_3D('',#4457,#3645,#3646);
#2970=AXIS2_PLACEMENT_3D('',#4459,#3648,#3649);
#2971=AXIS2_PLACEMENT_3D('',#4460,#3650,#3651);
#2972=AXIS2_PLACEMENT_3D('',#4462,#3652,#3653);
#2973=AXIS2_PLACEMENT_3D('',#4464,#3655,#3656);
#2974=AXIS2_PLACEMENT_3D('',#4468,#3659,#3660);
#2975=AXIS2_PLACEMENT_3D('',#4470,#3661,#3662);
#2976=AXIS2_PLACEMENT_3D('',#4472,#3664,#3665);
#2977=AXIS2_PLACEMENT_3D('',#4476,#3668,#3669);
#2978=AXIS2_PLACEMENT_3D('',#4478,#3670,#3671);
#2979=AXIS2_PLACEMENT_3D('',#4480,#3673,#3674);
#2980=AXIS2_PLACEMENT_3D('',#4484,#3677,#3678);
#2981=AXIS2_PLACEMENT_3D('',#4485,#3679,#3680);
#2982=AXIS2_PLACEMENT_3D('',#4487,#3682,#3683);
#2983=AXIS2_PLACEMENT_3D('',#4489,#3685,#3686);
#2984=AXIS2_PLACEMENT_3D('',#4491,#3688,#3689);
#2985=AXIS2_PLACEMENT_3D('',#4495,#3692,#3693);
#2986=AXIS2_PLACEMENT_3D('',#4497,#3694,#3695);
#2987=AXIS2_PLACEMENT_3D('',#4499,#3697,#3698);
#2988=AXIS2_PLACEMENT_3D('',#4503,#3701,#3702);
#2989=AXIS2_PLACEMENT_3D('',#4505,#3703,#3704);
#2990=AXIS2_PLACEMENT_3D('',#4507,#3706,#3707);
#2991=AXIS2_PLACEMENT_3D('',#4511,#3710,#3711);
#2992=AXIS2_PLACEMENT_3D('',#4513,#3712,#3713);
#2993=AXIS2_PLACEMENT_3D('',#4515,#3715,#3716);
#2994=AXIS2_PLACEMENT_3D('',#4519,#3719,#3720);
#2995=AXIS2_PLACEMENT_3D('',#4521,#3721,#3722);
#2996=AXIS2_PLACEMENT_3D('',#4523,#3724,#3725);
#2997=AXIS2_PLACEMENT_3D('',#4526,#3728,#3729);
#2998=AXIS2_PLACEMENT_3D('',#4527,#3730,#3731);
#2999=AXIS2_PLACEMENT_3D('',#4528,#3732,#3733);
#3000=DIRECTION('axis',(0.,0.,1.));
#3001=DIRECTION('refdir',(1.,0.,0.));
#3002=DIRECTION('axis',(0.,0.,1.));
#3003=DIRECTION('refdir',(1.,0.,0.));
#3004=DIRECTION('center_axis',(-1.,0.,-4.44089209850062E-15));
#3005=DIRECTION('ref_axis',(6.28036983473508E-15,-0.707106781186546,-0.707106781186549));
#3006=DIRECTION('center_axis',(-1.,0.,0.));
#3007=DIRECTION('ref_axis',(6.28036983473508E-15,-0.707106781186546,-0.707106781186549));
#3008=DIRECTION('',(1.,0.,4.44089209850062E-15));
#3009=DIRECTION('center_axis',(1.,0.,-1.5419764230905E-15));
#3010=DIRECTION('ref_axis',(6.28036983473508E-15,-0.707106781186546,-0.707106781186549));
#3011=DIRECTION('',(-1.,0.,-4.44089209850062E-15));
#3012=DIRECTION('center_axis',(1.,0.,-1.5419764230905E-15));
#3013=DIRECTION('ref_axis',(-1.5419764230905E-15,0.,-1.));
#3014=DIRECTION('',(1.5419764230905E-15,0.,1.));
#3015=DIRECTION('',(0.,1.,0.));
#3016=DIRECTION('',(-1.5419764230905E-15,0.,-1.));
#3017=DIRECTION('center_axis',(-1.,0.,1.5419764230905E-15));
#3018=DIRECTION('ref_axis',(0.,-0.707106781186546,-0.707106781186549));
#3019=DIRECTION('',(0.,1.,0.));
#3020=DIRECTION('',(1.5419764230905E-15,0.,1.));
#3021=DIRECTION('',(0.,1.,0.));
#3022=DIRECTION('center_axis',(-4.44089209850062E-15,0.,1.));
#3023=DIRECTION('ref_axis',(1.,0.,4.44089209850062E-15));
#3024=DIRECTION('',(-1.,0.,-4.44089209850062E-15));
#3025=DIRECTION('',(0.,1.,0.));
#3026=DIRECTION('center_axis',(-1.,0.,0.));
#3027=DIRECTION('ref_axis',(0.,-0.707106781186546,-0.707106781186549));
#3028=DIRECTION('',(-1.,0.,0.));
#3029=DIRECTION('center_axis',(1.,0.,0.));
#3030=DIRECTION('ref_axis',(0.,-0.707106781186546,-0.707106781186549));
#3031=DIRECTION('',(1.,0.,0.));
#3032=DIRECTION('center_axis',(0.,0.,-1.));
#3033=DIRECTION('ref_axis',(-1.,0.,0.));
#3034=DIRECTION('',(0.,1.,0.));
#3035=DIRECTION('',(1.,0.,0.));
#3036=DIRECTION('center_axis',(0.,1.,0.));
#3037=DIRECTION('ref_axis',(0.,0.,1.));
#3038=DIRECTION('center_axis',(0.,1.,0.));
#3039=DIRECTION('ref_axis',(0.,0.,1.));
#3040=DIRECTION('',(1.,0.,0.));
#3041=DIRECTION('center_axis',(0.,1.,0.));
#3042=DIRECTION('ref_axis',(-1.,0.,8.88178419700117E-15));
#3043=DIRECTION('',(0.,0.,1.));
#3044=DIRECTION('center_axis',(0.,1.,0.));
#3045=DIRECTION('ref_axis',(4.44089209850066E-15,0.,-1.));
#3046=DIRECTION('',(-1.,0.,-8.88178419700124E-16));
#3047=DIRECTION('center_axis',(0.,1.,0.));
#3048=DIRECTION('ref_axis',(1.,0.,-4.44089209850059E-15));
#3049=DIRECTION('',(0.,0.,-1.));
#3050=DIRECTION('',(-1.,0.,-7.40148683083438E-16));
#3051=DIRECTION('',(0.,0.,1.));
#3052=DIRECTION('center_axis',(0.,-1.,0.));
#3053=DIRECTION('ref_axis',(-1.,0.,-2.22044604925031E-15));
#3054=DIRECTION('',(1.,0.,1.11022302462516E-15));
#3055=DIRECTION('center_axis',(0.,-1.,0.));
#3056=DIRECTION('ref_axis',(8.8817841970012E-15,0.,1.));
#3057=DIRECTION('',(0.,0.,-1.));
#3058=DIRECTION('center_axis',(0.,-1.,0.));
#3059=DIRECTION('ref_axis',(1.,0.,-8.88178419700113E-15));
#3060=DIRECTION('',(-1.,0.,3.41607084500048E-16));
#3061=DIRECTION('center_axis',(0.,-1.,0.));
#3062=DIRECTION('ref_axis',(-8.8817841970012E-15,0.,-1.));
#3063=DIRECTION('',(0.,0.,1.));
#3064=DIRECTION('center_axis',(1.,0.,0.));
#3065=DIRECTION('ref_axis',(0.,0.707106781186549,0.707106781186546));
#3066=DIRECTION('center_axis',(-1.,0.,0.));
#3067=DIRECTION('ref_axis',(0.,0.707106781186549,0.707106781186546));
#3068=DIRECTION('',(-1.,0.,0.));
#3069=DIRECTION('center_axis',(1.,0.,0.));
#3070=DIRECTION('ref_axis',(0.,0.707106781186549,0.707106781186546));
#3071=DIRECTION('',(1.,0.,0.));
#3072=DIRECTION('center_axis',(0.,0.,-1.));
#3073=DIRECTION('ref_axis',(1.,0.,0.));
#3074=DIRECTION('',(0.,-1.,0.));
#3075=DIRECTION('',(-1.,0.,0.));
#3076=DIRECTION('',(0.,-1.,0.));
#3077=DIRECTION('center_axis',(0.,1.,0.));
#3078=DIRECTION('ref_axis',(0.,0.,1.));
#3079=DIRECTION('',(-1.,0.,1.77635683940025E-16));
#3080=DIRECTION('',(2.22044604925031E-17,0.,1.));
#3081=DIRECTION('',(1.,0.,1.52964061170577E-16));
#3082=DIRECTION('',(0.,0.,-1.));
#3083=DIRECTION('',(0.,0.,-1.));
#3084=DIRECTION('',(1.,0.,0.));
#3085=DIRECTION('',(0.,0.,1.));
#3086=DIRECTION('center_axis',(-1.77635683940025E-16,0.,-1.));
#3087=DIRECTION('ref_axis',(-1.,0.,1.77635683940025E-16));
#3088=DIRECTION('',(1.,0.,-1.77635683940025E-16));
#3089=DIRECTION('',(0.,1.,0.));
#3090=DIRECTION('',(0.,1.,0.));
#3091=DIRECTION('center_axis',(-1.,0.,2.22044604925031E-17));
#3092=DIRECTION('ref_axis',(2.22044604925031E-17,0.,1.));
#3093=DIRECTION('',(-2.22044604925031E-17,0.,-1.));
#3094=DIRECTION('',(0.,1.,0.));
#3095=DIRECTION('center_axis',(-1.52964061170577E-16,0.,1.));
#3096=DIRECTION('ref_axis',(1.,0.,1.52964061170577E-16));
#3097=DIRECTION('',(-1.,0.,-1.52964061170577E-16));
#3098=DIRECTION('',(0.,1.,0.));
#3099=DIRECTION('center_axis',(1.,0.,0.));
#3100=DIRECTION('ref_axis',(0.,0.,-1.));
#3101=DIRECTION('',(0.,0.,1.));
#3102=DIRECTION('center_axis',(0.,1.,0.));
#3103=DIRECTION('ref_axis',(0.,0.,1.));
#3104=DIRECTION('center_axis',(0.,1.,0.));
#3105=DIRECTION('ref_axis',(0.,0.,1.));
#3106=DIRECTION('center_axis',(0.,-1.,0.));
#3107=DIRECTION('ref_axis',(0.,0.,1.));
#3108=DIRECTION('',(0.,1.,0.));
#3109=DIRECTION('center_axis',(0.,0.,1.));
#3110=DIRECTION('ref_axis',(1.,0.,0.));
#3111=DIRECTION('',(-1.,0.,0.));
#3112=DIRECTION('',(0.,1.,0.));
#3113=DIRECTION('center_axis',(0.,1.,0.));
#3114=DIRECTION('ref_axis',(-1.,0.,8.88178419700117E-15));
#3115=DIRECTION('center_axis',(0.,-1.,0.));
#3116=DIRECTION('ref_axis',(-1.,0.,8.88178419700117E-15));
#3117=DIRECTION('',(0.,1.,0.));
#3118=DIRECTION('center_axis',(-1.,0.,0.));
#3119=DIRECTION('ref_axis',(0.,0.,1.));
#3120=DIRECTION('',(0.,0.,-1.));
#3121=DIRECTION('',(0.,1.,0.));
#3122=DIRECTION('center_axis',(0.,1.,0.));
#3123=DIRECTION('ref_axis',(4.44089209850066E-15,0.,-1.));
#3124=DIRECTION('center_axis',(0.,-1.,0.));
#3125=DIRECTION('ref_axis',(4.44089209850066E-15,0.,-1.));
#3126=DIRECTION('',(0.,1.,0.));
#3127=DIRECTION('center_axis',(8.88178419700124E-16,0.,-1.));
#3128=DIRECTION('ref_axis',(-1.,0.,-8.88178419700124E-16));
#3129=DIRECTION('',(1.,0.,8.88178419700124E-16));
#3130=DIRECTION('',(0.,1.,0.));
#3131=DIRECTION('center_axis',(0.,1.,0.));
#3132=DIRECTION('ref_axis',(1.,0.,-4.44089209850059E-15));
#3133=DIRECTION('center_axis',(0.,-1.,0.));
#3134=DIRECTION('ref_axis',(1.,0.,-4.44089209850059E-15));
#3135=DIRECTION('',(0.,1.,0.));
#3136=DIRECTION('center_axis',(1.,0.,0.));
#3137=DIRECTION('ref_axis',(0.,0.,-1.));
#3138=DIRECTION('',(0.,-1.,0.));
#3139=DIRECTION('center_axis',(7.40148683083438E-16,0.,-1.));
#3140=DIRECTION('ref_axis',(-1.,0.,-7.40148683083438E-16));
#3141=DIRECTION('',(0.,-1.,0.));
#3142=DIRECTION('center_axis',(-1.,0.,0.));
#3143=DIRECTION('ref_axis',(0.,0.,1.));
#3144=DIRECTION('',(0.,0.,-1.));
#3145=DIRECTION('',(0.,1.,0.));
#3146=DIRECTION('center_axis',(0.,1.,0.));
#3147=DIRECTION('ref_axis',(-1.,0.,-2.22044604925031E-15));
#3148=DIRECTION('center_axis',(0.,1.,0.));
#3149=DIRECTION('ref_axis',(-1.,0.,-2.22044604925031E-15));
#3150=DIRECTION('',(0.,1.,0.));
#3151=DIRECTION('center_axis',(-1.11022302462516E-15,0.,1.));
#3152=DIRECTION('ref_axis',(1.,0.,1.11022302462516E-15));
#3153=DIRECTION('',(-1.,0.,-1.11022302462516E-15));
#3154=DIRECTION('',(0.,1.,0.));
#3155=DIRECTION('center_axis',(0.,1.,0.));
#3156=DIRECTION('ref_axis',(8.8817841970012E-15,0.,1.));
#3157=DIRECTION('center_axis',(0.,1.,0.));
#3158=DIRECTION('ref_axis',(8.8817841970012E-15,0.,1.));
#3159=DIRECTION('',(0.,1.,0.));
#3160=DIRECTION('center_axis',(1.,0.,0.));
#3161=DIRECTION('ref_axis',(0.,0.,-1.));
#3162=DIRECTION('',(0.,0.,1.));
#3163=DIRECTION('',(0.,1.,0.));
#3164=DIRECTION('center_axis',(0.,1.,0.));
#3165=DIRECTION('ref_axis',(1.,0.,-8.88178419700113E-15));
#3166=DIRECTION('center_axis',(0.,1.,0.));
#3167=DIRECTION('ref_axis',(1.,0.,-8.88178419700113E-15));
#3168=DIRECTION('',(0.,1.,0.));
#3169=DIRECTION('center_axis',(-3.41607084500048E-16,0.,-1.));
#3170=DIRECTION('ref_axis',(-1.,0.,3.41607084500048E-16));
#3171=DIRECTION('',(1.,0.,-3.41607084500048E-16));
#3172=DIRECTION('',(0.,1.,0.));
#3173=DIRECTION('center_axis',(0.,1.,0.));
#3174=DIRECTION('ref_axis',(-8.8817841970012E-15,0.,-1.));
#3175=DIRECTION('center_axis',(0.,1.,0.));
#3176=DIRECTION('ref_axis',(-8.8817841970012E-15,0.,-1.));
#3177=DIRECTION('',(0.,1.,0.));
#3178=DIRECTION('center_axis',(-1.,0.,0.));
#3179=DIRECTION('ref_axis',(0.,0.,1.));
#3180=DIRECTION('',(0.,0.,-1.));
#3181=DIRECTION('',(0.,0.,-1.));
#3182=DIRECTION('center_axis',(0.,1.,0.));
#3183=DIRECTION('ref_axis',(0.,0.,1.));
#3184=DIRECTION('center_axis',(0.,1.,0.));
#3185=DIRECTION('ref_axis',(0.,0.,1.));
#3186=DIRECTION('center_axis',(-1.,0.,-4.44089209850062E-15));
#3187=DIRECTION('ref_axis',(6.28036983473508E-15,-0.707106781186546,-0.707106781186549));
#3188=DIRECTION('center_axis',(-1.,0.,0.));
#3189=DIRECTION('ref_axis',(6.28036983473508E-15,-0.707106781186546,-0.707106781186549));
#3190=DIRECTION('',(1.,0.,4.44089209850062E-15));
#3191=DIRECTION('center_axis',(1.,0.,-1.5419764230905E-15));
#3192=DIRECTION('ref_axis',(6.28036983473508E-15,-0.707106781186546,-0.707106781186549));
#3193=DIRECTION('',(-1.,0.,-4.44089209850062E-15));
#3194=DIRECTION('center_axis',(1.,0.,-1.5419764230905E-15));
#3195=DIRECTION('ref_axis',(-1.5419764230905E-15,0.,-1.));
#3196=DIRECTION('',(1.5419764230905E-15,0.,1.));
#3197=DIRECTION('',(0.,1.,0.));
#3198=DIRECTION('',(-1.5419764230905E-15,0.,-1.));
#3199=DIRECTION('center_axis',(-1.,0.,1.5419764230905E-15));
#3200=DIRECTION('ref_axis',(0.,-0.707106781186546,-0.707106781186549));
#3201=DIRECTION('',(0.,1.,0.));
#3202=DIRECTION('',(1.5419764230905E-15,0.,1.));
#3203=DIRECTION('',(0.,1.,0.));
#3204=DIRECTION('center_axis',(-4.44089209850062E-15,0.,1.));
#3205=DIRECTION('ref_axis',(1.,0.,4.44089209850062E-15));
#3206=DIRECTION('',(-1.,0.,-4.44089209850062E-15));
#3207=DIRECTION('',(0.,1.,0.));
#3208=DIRECTION('center_axis',(-1.,0.,0.));
#3209=DIRECTION('ref_axis',(0.,-0.707106781186546,-0.707106781186549));
#3210=DIRECTION('',(-1.,0.,0.));
#3211=DIRECTION('center_axis',(1.,0.,0.));
#3212=DIRECTION('ref_axis',(0.,-0.707106781186546,-0.707106781186549));
#3213=DIRECTION('',(1.,0.,0.));
#3214=DIRECTION('center_axis',(0.,0.,-1.));
#3215=DIRECTION('ref_axis',(-1.,0.,0.));
#3216=DIRECTION('',(0.,1.,0.));
#3217=DIRECTION('',(1.,0.,0.));
#3218=DIRECTION('center_axis',(0.,1.,0.));
#3219=DIRECTION('ref_axis',(0.,0.,1.));
#3220=DIRECTION('center_axis',(0.,1.,0.));
#3221=DIRECTION('ref_axis',(0.,0.,1.));
#3222=DIRECTION('',(1.,0.,0.));
#3223=DIRECTION('center_axis',(0.,1.,0.));
#3224=DIRECTION('ref_axis',(-1.,0.,8.88178419700117E-15));
#3225=DIRECTION('',(0.,0.,1.));
#3226=DIRECTION('center_axis',(0.,1.,0.));
#3227=DIRECTION('ref_axis',(4.44089209850066E-15,0.,-1.));
#3228=DIRECTION('',(-1.,0.,-8.88178419700124E-16));
#3229=DIRECTION('center_axis',(0.,1.,0.));
#3230=DIRECTION('ref_axis',(1.,0.,-4.44089209850059E-15));
#3231=DIRECTION('',(0.,0.,-1.));
#3232=DIRECTION('',(-1.,0.,-7.40148683083438E-16));
#3233=DIRECTION('',(0.,0.,1.));
#3234=DIRECTION('center_axis',(0.,-1.,0.));
#3235=DIRECTION('ref_axis',(-1.,0.,-2.22044604925031E-15));
#3236=DIRECTION('',(1.,0.,1.11022302462516E-15));
#3237=DIRECTION('center_axis',(0.,-1.,0.));
#3238=DIRECTION('ref_axis',(8.8817841970012E-15,0.,1.));
#3239=DIRECTION('',(0.,0.,-1.));
#3240=DIRECTION('center_axis',(0.,-1.,0.));
#3241=DIRECTION('ref_axis',(1.,0.,-8.88178419700113E-15));
#3242=DIRECTION('',(-1.,0.,3.41607084500048E-16));
#3243=DIRECTION('center_axis',(0.,-1.,0.));
#3244=DIRECTION('ref_axis',(-8.8817841970012E-15,0.,-1.));
#3245=DIRECTION('',(0.,0.,1.));
#3246=DIRECTION('center_axis',(1.,0.,0.));
#3247=DIRECTION('ref_axis',(0.,0.707106781186549,0.707106781186546));
#3248=DIRECTION('center_axis',(-1.,0.,0.));
#3249=DIRECTION('ref_axis',(0.,0.707106781186549,0.707106781186546));
#3250=DIRECTION('',(-1.,0.,0.));
#3251=DIRECTION('center_axis',(1.,0.,0.));
#3252=DIRECTION('ref_axis',(0.,0.707106781186549,0.707106781186546));
#3253=DIRECTION('',(1.,0.,0.));
#3254=DIRECTION('center_axis',(0.,0.,-1.));
#3255=DIRECTION('ref_axis',(1.,0.,0.));
#3256=DIRECTION('',(0.,-1.,0.));
#3257=DIRECTION('',(-1.,0.,0.));
#3258=DIRECTION('',(0.,-1.,0.));
#3259=DIRECTION('center_axis',(0.,1.,0.));
#3260=DIRECTION('ref_axis',(0.,0.,1.));
#3261=DIRECTION('',(-1.,0.,1.77635683940025E-16));
#3262=DIRECTION('',(2.22044604925031E-17,0.,1.));
#3263=DIRECTION('',(1.,0.,1.52964061170577E-16));
#3264=DIRECTION('',(0.,0.,-1.));
#3265=DIRECTION('',(0.,0.,-1.));
#3266=DIRECTION('',(1.,0.,0.));
#3267=DIRECTION('',(0.,0.,1.));
#3268=DIRECTION('center_axis',(-1.77635683940025E-16,0.,-1.));
#3269=DIRECTION('ref_axis',(-1.,0.,1.77635683940025E-16));
#3270=DIRECTION('',(1.,0.,-1.77635683940025E-16));
#3271=DIRECTION('',(0.,1.,0.));
#3272=DIRECTION('',(0.,1.,0.));
#3273=DIRECTION('center_axis',(-1.,0.,2.22044604925031E-17));
#3274=DIRECTION('ref_axis',(2.22044604925031E-17,0.,1.));
#3275=DIRECTION('',(-2.22044604925031E-17,0.,-1.));
#3276=DIRECTION('',(0.,1.,0.));
#3277=DIRECTION('center_axis',(-1.52964061170577E-16,0.,1.));
#3278=DIRECTION('ref_axis',(1.,0.,1.52964061170577E-16));
#3279=DIRECTION('',(-1.,0.,-1.52964061170577E-16));
#3280=DIRECTION('',(0.,1.,0.));
#3281=DIRECTION('center_axis',(1.,0.,0.));
#3282=DIRECTION('ref_axis',(0.,0.,-1.));
#3283=DIRECTION('',(0.,0.,1.));
#3284=DIRECTION('center_axis',(0.,1.,0.));
#3285=DIRECTION('ref_axis',(0.,0.,1.));
#3286=DIRECTION('center_axis',(0.,1.,0.));
#3287=DIRECTION('ref_axis',(0.,0.,1.));
#3288=DIRECTION('center_axis',(0.,-1.,0.));
#3289=DIRECTION('ref_axis',(0.,0.,1.));
#3290=DIRECTION('',(0.,1.,0.));
#3291=DIRECTION('center_axis',(0.,0.,1.));
#3292=DIRECTION('ref_axis',(1.,0.,0.));
#3293=DIRECTION('',(-1.,0.,0.));
#3294=DIRECTION('',(0.,1.,0.));
#3295=DIRECTION('center_axis',(0.,1.,0.));
#3296=DIRECTION('ref_axis',(-1.,0.,8.88178419700117E-15));
#3297=DIRECTION('center_axis',(0.,-1.,0.));
#3298=DIRECTION('ref_axis',(-1.,0.,8.88178419700117E-15));
#3299=DIRECTION('',(0.,1.,0.));
#3300=DIRECTION('center_axis',(-1.,0.,0.));
#3301=DIRECTION('ref_axis',(0.,0.,1.));
#3302=DIRECTION('',(0.,0.,-1.));
#3303=DIRECTION('',(0.,1.,0.));
#3304=DIRECTION('center_axis',(0.,1.,0.));
#3305=DIRECTION('ref_axis',(4.44089209850066E-15,0.,-1.));
#3306=DIRECTION('center_axis',(0.,-1.,0.));
#3307=DIRECTION('ref_axis',(4.44089209850066E-15,0.,-1.));
#3308=DIRECTION('',(0.,1.,0.));
#3309=DIRECTION('center_axis',(8.88178419700124E-16,0.,-1.));
#3310=DIRECTION('ref_axis',(-1.,0.,-8.88178419700124E-16));
#3311=DIRECTION('',(1.,0.,8.88178419700124E-16));
#3312=DIRECTION('',(0.,1.,0.));
#3313=DIRECTION('center_axis',(0.,1.,0.));
#3314=DIRECTION('ref_axis',(1.,0.,-4.44089209850059E-15));
#3315=DIRECTION('center_axis',(0.,-1.,0.));
#3316=DIRECTION('ref_axis',(1.,0.,-4.44089209850059E-15));
#3317=DIRECTION('',(0.,1.,0.));
#3318=DIRECTION('center_axis',(1.,0.,0.));
#3319=DIRECTION('ref_axis',(0.,0.,-1.));
#3320=DIRECTION('',(0.,-1.,0.));
#3321=DIRECTION('center_axis',(7.40148683083438E-16,0.,-1.));
#3322=DIRECTION('ref_axis',(-1.,0.,-7.40148683083438E-16));
#3323=DIRECTION('',(0.,-1.,0.));
#3324=DIRECTION('center_axis',(-1.,0.,0.));
#3325=DIRECTION('ref_axis',(0.,0.,1.));
#3326=DIRECTION('',(0.,0.,-1.));
#3327=DIRECTION('',(0.,1.,0.));
#3328=DIRECTION('center_axis',(0.,1.,0.));
#3329=DIRECTION('ref_axis',(-1.,0.,-2.22044604925031E-15));
#3330=DIRECTION('center_axis',(0.,1.,0.));
#3331=DIRECTION('ref_axis',(-1.,0.,-2.22044604925031E-15));
#3332=DIRECTION('',(0.,1.,0.));
#3333=DIRECTION('center_axis',(-1.11022302462516E-15,0.,1.));
#3334=DIRECTION('ref_axis',(1.,0.,1.11022302462516E-15));
#3335=DIRECTION('',(-1.,0.,-1.11022302462516E-15));
#3336=DIRECTION('',(0.,1.,0.));
#3337=DIRECTION('center_axis',(0.,1.,0.));
#3338=DIRECTION('ref_axis',(8.8817841970012E-15,0.,1.));
#3339=DIRECTION('center_axis',(0.,1.,0.));
#3340=DIRECTION('ref_axis',(8.8817841970012E-15,0.,1.));
#3341=DIRECTION('',(0.,1.,0.));
#3342=DIRECTION('center_axis',(1.,0.,0.));
#3343=DIRECTION('ref_axis',(0.,0.,-1.));
#3344=DIRECTION('',(0.,0.,1.));
#3345=DIRECTION('',(0.,1.,0.));
#3346=DIRECTION('center_axis',(0.,1.,0.));
#3347=DIRECTION('ref_axis',(1.,0.,-8.88178419700113E-15));
#3348=DIRECTION('center_axis',(0.,1.,0.));
#3349=DIRECTION('ref_axis',(1.,0.,-8.88178419700113E-15));
#3350=DIRECTION('',(0.,1.,0.));
#3351=DIRECTION('center_axis',(-3.41607084500048E-16,0.,-1.));
#3352=DIRECTION('ref_axis',(-1.,0.,3.41607084500048E-16));
#3353=DIRECTION('',(1.,0.,-3.41607084500048E-16));
#3354=DIRECTION('',(0.,1.,0.));
#3355=DIRECTION('center_axis',(0.,1.,0.));
#3356=DIRECTION('ref_axis',(-8.8817841970012E-15,0.,-1.));
#3357=DIRECTION('center_axis',(0.,1.,0.));
#3358=DIRECTION('ref_axis',(-8.8817841970012E-15,0.,-1.));
#3359=DIRECTION('',(0.,1.,0.));
#3360=DIRECTION('center_axis',(-1.,0.,0.));
#3361=DIRECTION('ref_axis',(0.,0.,1.));
#3362=DIRECTION('',(0.,0.,-1.));
#3363=DIRECTION('',(0.,0.,-1.));
#3364=DIRECTION('center_axis',(0.,1.,0.));
#3365=DIRECTION('ref_axis',(0.,0.,1.));
#3366=DIRECTION('center_axis',(0.,1.,0.));
#3367=DIRECTION('ref_axis',(0.,0.,1.));
#3368=DIRECTION('center_axis',(-1.,0.,-4.44089209850062E-15));
#3369=DIRECTION('ref_axis',(6.28036983473508E-15,-0.707106781186546,-0.707106781186549));
#3370=DIRECTION('center_axis',(-1.,0.,0.));
#3371=DIRECTION('ref_axis',(6.28036983473508E-15,-0.707106781186546,-0.707106781186549));
#3372=DIRECTION('',(1.,0.,4.44089209850062E-15));
#3373=DIRECTION('center_axis',(1.,0.,-1.5419764230905E-15));
#3374=DIRECTION('ref_axis',(6.28036983473508E-15,-0.707106781186546,-0.707106781186549));
#3375=DIRECTION('',(-1.,0.,-4.44089209850062E-15));
#3376=DIRECTION('center_axis',(1.,0.,-1.5419764230905E-15));
#3377=DIRECTION('ref_axis',(-1.5419764230905E-15,0.,-1.));
#3378=DIRECTION('',(1.5419764230905E-15,0.,1.));
#3379=DIRECTION('',(0.,1.,0.));
#3380=DIRECTION('',(-1.5419764230905E-15,0.,-1.));
#3381=DIRECTION('center_axis',(-1.,0.,1.5419764230905E-15));
#3382=DIRECTION('ref_axis',(0.,-0.707106781186546,-0.707106781186549));
#3383=DIRECTION('',(0.,1.,0.));
#3384=DIRECTION('',(1.5419764230905E-15,0.,1.));
#3385=DIRECTION('',(0.,1.,0.));
#3386=DIRECTION('center_axis',(-4.44089209850062E-15,0.,1.));
#3387=DIRECTION('ref_axis',(1.,0.,4.44089209850062E-15));
#3388=DIRECTION('',(-1.,0.,-4.44089209850062E-15));
#3389=DIRECTION('',(0.,1.,0.));
#3390=DIRECTION('center_axis',(-1.,0.,0.));
#3391=DIRECTION('ref_axis',(0.,-0.707106781186546,-0.707106781186549));
#3392=DIRECTION('',(-1.,0.,0.));
#3393=DIRECTION('center_axis',(1.,0.,0.));
#3394=DIRECTION('ref_axis',(0.,-0.707106781186546,-0.707106781186549));
#3395=DIRECTION('',(1.,0.,0.));
#3396=DIRECTION('center_axis',(0.,0.,-1.));
#3397=DIRECTION('ref_axis',(-1.,0.,0.));
#3398=DIRECTION('',(0.,1.,0.));
#3399=DIRECTION('',(1.,0.,0.));
#3400=DIRECTION('center_axis',(0.,1.,0.));
#3401=DIRECTION('ref_axis',(0.,0.,1.));
#3402=DIRECTION('center_axis',(0.,1.,0.));
#3403=DIRECTION('ref_axis',(0.,0.,1.));
#3404=DIRECTION('',(1.,0.,0.));
#3405=DIRECTION('center_axis',(0.,1.,0.));
#3406=DIRECTION('ref_axis',(-1.,0.,8.88178419700117E-15));
#3407=DIRECTION('',(0.,0.,1.));
#3408=DIRECTION('center_axis',(0.,1.,0.));
#3409=DIRECTION('ref_axis',(4.44089209850066E-15,0.,-1.));
#3410=DIRECTION('',(-1.,0.,-8.88178419700124E-16));
#3411=DIRECTION('center_axis',(0.,1.,0.));
#3412=DIRECTION('ref_axis',(1.,0.,-4.44089209850059E-15));
#3413=DIRECTION('',(0.,0.,-1.));
#3414=DIRECTION('',(-1.,0.,-7.40148683083438E-16));
#3415=DIRECTION('',(0.,0.,1.));
#3416=DIRECTION('center_axis',(0.,-1.,0.));
#3417=DIRECTION('ref_axis',(-1.,0.,-2.22044604925031E-15));
#3418=DIRECTION('',(1.,0.,1.11022302462516E-15));
#3419=DIRECTION('center_axis',(0.,-1.,0.));
#3420=DIRECTION('ref_axis',(8.8817841970012E-15,0.,1.));
#3421=DIRECTION('',(0.,0.,-1.));
#3422=DIRECTION('center_axis',(0.,-1.,0.));
#3423=DIRECTION('ref_axis',(1.,0.,-8.88178419700113E-15));
#3424=DIRECTION('',(-1.,0.,3.41607084500048E-16));
#3425=DIRECTION('center_axis',(0.,-1.,0.));
#3426=DIRECTION('ref_axis',(-8.8817841970012E-15,0.,-1.));
#3427=DIRECTION('',(0.,0.,1.));
#3428=DIRECTION('center_axis',(1.,0.,0.));
#3429=DIRECTION('ref_axis',(0.,0.707106781186549,0.707106781186546));
#3430=DIRECTION('center_axis',(-1.,0.,0.));
#3431=DIRECTION('ref_axis',(0.,0.707106781186549,0.707106781186546));
#3432=DIRECTION('',(-1.,0.,0.));
#3433=DIRECTION('center_axis',(1.,0.,0.));
#3434=DIRECTION('ref_axis',(0.,0.707106781186549,0.707106781186546));
#3435=DIRECTION('',(1.,0.,0.));
#3436=DIRECTION('center_axis',(0.,0.,-1.));
#3437=DIRECTION('ref_axis',(1.,0.,0.));
#3438=DIRECTION('',(0.,-1.,0.));
#3439=DIRECTION('',(-1.,0.,0.));
#3440=DIRECTION('',(0.,-1.,0.));
#3441=DIRECTION('center_axis',(0.,1.,0.));
#3442=DIRECTION('ref_axis',(0.,0.,1.));
#3443=DIRECTION('',(-1.,0.,1.77635683940025E-16));
#3444=DIRECTION('',(2.22044604925031E-17,0.,1.));
#3445=DIRECTION('',(1.,0.,1.52964061170577E-16));
#3446=DIRECTION('',(0.,0.,-1.));
#3447=DIRECTION('',(0.,0.,-1.));
#3448=DIRECTION('',(1.,0.,0.));
#3449=DIRECTION('',(0.,0.,1.));
#3450=DIRECTION('center_axis',(-1.77635683940025E-16,0.,-1.));
#3451=DIRECTION('ref_axis',(-1.,0.,1.77635683940025E-16));
#3452=DIRECTION('',(1.,0.,-1.77635683940025E-16));
#3453=DIRECTION('',(0.,1.,0.));
#3454=DIRECTION('',(0.,1.,0.));
#3455=DIRECTION('center_axis',(-1.,0.,2.22044604925031E-17));
#3456=DIRECTION('ref_axis',(2.22044604925031E-17,0.,1.));
#3457=DIRECTION('',(-2.22044604925031E-17,0.,-1.));
#3458=DIRECTION('',(0.,1.,0.));
#3459=DIRECTION('center_axis',(-1.52964061170577E-16,0.,1.));
#3460=DIRECTION('ref_axis',(1.,0.,1.52964061170577E-16));
#3461=DIRECTION('',(-1.,0.,-1.52964061170577E-16));
#3462=DIRECTION('',(0.,1.,0.));
#3463=DIRECTION('center_axis',(1.,0.,0.));
#3464=DIRECTION('ref_axis',(0.,0.,-1.));
#3465=DIRECTION('',(0.,0.,1.));
#3466=DIRECTION('center_axis',(0.,1.,0.));
#3467=DIRECTION('ref_axis',(0.,0.,1.));
#3468=DIRECTION('center_axis',(0.,1.,0.));
#3469=DIRECTION('ref_axis',(0.,0.,1.));
#3470=DIRECTION('center_axis',(0.,-1.,0.));
#3471=DIRECTION('ref_axis',(0.,0.,1.));
#3472=DIRECTION('',(0.,1.,0.));
#3473=DIRECTION('center_axis',(0.,0.,1.));
#3474=DIRECTION('ref_axis',(1.,0.,0.));
#3475=DIRECTION('',(-1.,0.,0.));
#3476=DIRECTION('',(0.,1.,0.));
#3477=DIRECTION('center_axis',(0.,1.,0.));
#3478=DIRECTION('ref_axis',(-1.,0.,8.88178419700117E-15));
#3479=DIRECTION('center_axis',(0.,-1.,0.));
#3480=DIRECTION('ref_axis',(-1.,0.,8.88178419700117E-15));
#3481=DIRECTION('',(0.,1.,0.));
#3482=DIRECTION('center_axis',(-1.,0.,0.));
#3483=DIRECTION('ref_axis',(0.,0.,1.));
#3484=DIRECTION('',(0.,0.,-1.));
#3485=DIRECTION('',(0.,1.,0.));
#3486=DIRECTION('center_axis',(0.,1.,0.));
#3487=DIRECTION('ref_axis',(4.44089209850066E-15,0.,-1.));
#3488=DIRECTION('center_axis',(0.,-1.,0.));
#3489=DIRECTION('ref_axis',(4.44089209850066E-15,0.,-1.));
#3490=DIRECTION('',(0.,1.,0.));
#3491=DIRECTION('center_axis',(8.88178419700124E-16,0.,-1.));
#3492=DIRECTION('ref_axis',(-1.,0.,-8.88178419700124E-16));
#3493=DIRECTION('',(1.,0.,8.88178419700124E-16));
#3494=DIRECTION('',(0.,1.,0.));
#3495=DIRECTION('center_axis',(0.,1.,0.));
#3496=DIRECTION('ref_axis',(1.,0.,-4.44089209850059E-15));
#3497=DIRECTION('center_axis',(0.,-1.,0.));
#3498=DIRECTION('ref_axis',(1.,0.,-4.44089209850059E-15));
#3499=DIRECTION('',(0.,1.,0.));
#3500=DIRECTION('center_axis',(1.,0.,0.));
#3501=DIRECTION('ref_axis',(0.,0.,-1.));
#3502=DIRECTION('',(0.,-1.,0.));
#3503=DIRECTION('center_axis',(7.40148683083438E-16,0.,-1.));
#3504=DIRECTION('ref_axis',(-1.,0.,-7.40148683083438E-16));
#3505=DIRECTION('',(0.,-1.,0.));
#3506=DIRECTION('center_axis',(-1.,0.,0.));
#3507=DIRECTION('ref_axis',(0.,0.,1.));
#3508=DIRECTION('',(0.,0.,-1.));
#3509=DIRECTION('',(0.,1.,0.));
#3510=DIRECTION('center_axis',(0.,1.,0.));
#3511=DIRECTION('ref_axis',(-1.,0.,-2.22044604925031E-15));
#3512=DIRECTION('center_axis',(0.,1.,0.));
#3513=DIRECTION('ref_axis',(-1.,0.,-2.22044604925031E-15));
#3514=DIRECTION('',(0.,1.,0.));
#3515=DIRECTION('center_axis',(-1.11022302462516E-15,0.,1.));
#3516=DIRECTION('ref_axis',(1.,0.,1.11022302462516E-15));
#3517=DIRECTION('',(-1.,0.,-1.11022302462516E-15));
#3518=DIRECTION('',(0.,1.,0.));
#3519=DIRECTION('center_axis',(0.,1.,0.));
#3520=DIRECTION('ref_axis',(8.8817841970012E-15,0.,1.));
#3521=DIRECTION('center_axis',(0.,1.,0.));
#3522=DIRECTION('ref_axis',(8.8817841970012E-15,0.,1.));
#3523=DIRECTION('',(0.,1.,0.));
#3524=DIRECTION('center_axis',(1.,0.,0.));
#3525=DIRECTION('ref_axis',(0.,0.,-1.));
#3526=DIRECTION('',(0.,0.,1.));
#3527=DIRECTION('',(0.,1.,0.));
#3528=DIRECTION('center_axis',(0.,1.,0.));
#3529=DIRECTION('ref_axis',(1.,0.,-8.88178419700113E-15));
#3530=DIRECTION('center_axis',(0.,1.,0.));
#3531=DIRECTION('ref_axis',(1.,0.,-8.88178419700113E-15));
#3532=DIRECTION('',(0.,1.,0.));
#3533=DIRECTION('center_axis',(-3.41607084500048E-16,0.,-1.));
#3534=DIRECTION('ref_axis',(-1.,0.,3.41607084500048E-16));
#3535=DIRECTION('',(1.,0.,-3.41607084500048E-16));
#3536=DIRECTION('',(0.,1.,0.));
#3537=DIRECTION('center_axis',(0.,1.,0.));
#3538=DIRECTION('ref_axis',(-8.8817841970012E-15,0.,-1.));
#3539=DIRECTION('center_axis',(0.,1.,0.));
#3540=DIRECTION('ref_axis',(-8.8817841970012E-15,0.,-1.));
#3541=DIRECTION('',(0.,1.,0.));
#3542=DIRECTION('center_axis',(-1.,0.,0.));
#3543=DIRECTION('ref_axis',(0.,0.,1.));
#3544=DIRECTION('',(0.,0.,-1.));
#3545=DIRECTION('',(0.,0.,-1.));
#3546=DIRECTION('center_axis',(0.,1.,0.));
#3547=DIRECTION('ref_axis',(0.,0.,1.));
#3548=DIRECTION('center_axis',(0.,1.,0.));
#3549=DIRECTION('ref_axis',(0.,0.,1.));
#3550=DIRECTION('center_axis',(-1.,0.,-4.44089209850062E-15));
#3551=DIRECTION('ref_axis',(6.28036983473508E-15,-0.707106781186546,-0.707106781186549));
#3552=DIRECTION('center_axis',(-1.,0.,0.));
#3553=DIRECTION('ref_axis',(6.28036983473508E-15,-0.707106781186546,-0.707106781186549));
#3554=DIRECTION('',(1.,0.,4.44089209850062E-15));
#3555=DIRECTION('center_axis',(1.,0.,-1.5419764230905E-15));
#3556=DIRECTION('ref_axis',(6.28036983473508E-15,-0.707106781186546,-0.707106781186549));
#3557=DIRECTION('',(-1.,0.,-4.44089209850062E-15));
#3558=DIRECTION('center_axis',(1.,0.,-1.5419764230905E-15));
#3559=DIRECTION('ref_axis',(-1.5419764230905E-15,0.,-1.));
#3560=DIRECTION('',(1.5419764230905E-15,0.,1.));
#3561=DIRECTION('',(0.,1.,0.));
#3562=DIRECTION('',(-1.5419764230905E-15,0.,-1.));
#3563=DIRECTION('center_axis',(-1.,0.,1.5419764230905E-15));
#3564=DIRECTION('ref_axis',(0.,-0.707106781186546,-0.707106781186549));
#3565=DIRECTION('',(0.,1.,0.));
#3566=DIRECTION('',(1.5419764230905E-15,0.,1.));
#3567=DIRECTION('',(0.,1.,0.));
#3568=DIRECTION('center_axis',(-4.44089209850062E-15,0.,1.));
#3569=DIRECTION('ref_axis',(1.,0.,4.44089209850062E-15));
#3570=DIRECTION('',(-1.,0.,-4.44089209850062E-15));
#3571=DIRECTION('',(0.,1.,0.));
#3572=DIRECTION('center_axis',(-1.,0.,0.));
#3573=DIRECTION('ref_axis',(0.,-0.707106781186546,-0.707106781186549));
#3574=DIRECTION('',(-1.,0.,0.));
#3575=DIRECTION('center_axis',(1.,0.,0.));
#3576=DIRECTION('ref_axis',(0.,-0.707106781186546,-0.707106781186549));
#3577=DIRECTION('',(1.,0.,0.));
#3578=DIRECTION('center_axis',(0.,0.,-1.));
#3579=DIRECTION('ref_axis',(-1.,0.,0.));
#3580=DIRECTION('',(0.,1.,0.));
#3581=DIRECTION('',(1.,0.,0.));
#3582=DIRECTION('center_axis',(0.,1.,0.));
#3583=DIRECTION('ref_axis',(0.,0.,1.));
#3584=DIRECTION('center_axis',(0.,1.,0.));
#3585=DIRECTION('ref_axis',(0.,0.,1.));
#3586=DIRECTION('',(1.,0.,0.));
#3587=DIRECTION('center_axis',(0.,1.,0.));
#3588=DIRECTION('ref_axis',(-1.,0.,8.88178419700117E-15));
#3589=DIRECTION('',(0.,0.,1.));
#3590=DIRECTION('center_axis',(0.,1.,0.));
#3591=DIRECTION('ref_axis',(4.44089209850066E-15,0.,-1.));
#3592=DIRECTION('',(-1.,0.,-8.88178419700124E-16));
#3593=DIRECTION('center_axis',(0.,1.,0.));
#3594=DIRECTION('ref_axis',(1.,0.,-4.44089209850059E-15));
#3595=DIRECTION('',(0.,0.,-1.));
#3596=DIRECTION('',(-1.,0.,-7.40148683083438E-16));
#3597=DIRECTION('',(0.,0.,1.));
#3598=DIRECTION('center_axis',(0.,-1.,0.));
#3599=DIRECTION('ref_axis',(-1.,0.,-2.22044604925031E-15));
#3600=DIRECTION('',(1.,0.,1.11022302462516E-15));
#3601=DIRECTION('center_axis',(0.,-1.,0.));
#3602=DIRECTION('ref_axis',(8.8817841970012E-15,0.,1.));
#3603=DIRECTION('',(0.,0.,-1.));
#3604=DIRECTION('center_axis',(0.,-1.,0.));
#3605=DIRECTION('ref_axis',(1.,0.,-8.88178419700113E-15));
#3606=DIRECTION('',(-1.,0.,3.41607084500048E-16));
#3607=DIRECTION('center_axis',(0.,-1.,0.));
#3608=DIRECTION('ref_axis',(-8.8817841970012E-15,0.,-1.));
#3609=DIRECTION('',(0.,0.,1.));
#3610=DIRECTION('center_axis',(1.,0.,0.));
#3611=DIRECTION('ref_axis',(0.,0.707106781186549,0.707106781186546));
#3612=DIRECTION('center_axis',(-1.,0.,0.));
#3613=DIRECTION('ref_axis',(0.,0.707106781186549,0.707106781186546));
#3614=DIRECTION('',(-1.,0.,0.));
#3615=DIRECTION('center_axis',(1.,0.,0.));
#3616=DIRECTION('ref_axis',(0.,0.707106781186549,0.707106781186546));
#3617=DIRECTION('',(1.,0.,0.));
#3618=DIRECTION('center_axis',(0.,0.,-1.));
#3619=DIRECTION('ref_axis',(1.,0.,0.));
#3620=DIRECTION('',(0.,-1.,0.));
#3621=DIRECTION('',(-1.,0.,0.));
#3622=DIRECTION('',(0.,-1.,0.));
#3623=DIRECTION('center_axis',(0.,1.,0.));
#3624=DIRECTION('ref_axis',(0.,0.,1.));
#3625=DIRECTION('',(-1.,0.,1.77635683940025E-16));
#3626=DIRECTION('',(2.22044604925031E-17,0.,1.));
#3627=DIRECTION('',(1.,0.,1.52964061170577E-16));
#3628=DIRECTION('',(0.,0.,-1.));
#3629=DIRECTION('',(0.,0.,-1.));
#3630=DIRECTION('',(1.,0.,0.));
#3631=DIRECTION('',(0.,0.,1.));
#3632=DIRECTION('center_axis',(-1.77635683940025E-16,0.,-1.));
#3633=DIRECTION('ref_axis',(-1.,0.,1.77635683940025E-16));
#3634=DIRECTION('',(1.,0.,-1.77635683940025E-16));
#3635=DIRECTION('',(0.,1.,0.));
#3636=DIRECTION('',(0.,1.,0.));
#3637=DIRECTION('center_axis',(-1.,0.,2.22044604925031E-17));
#3638=DIRECTION('ref_axis',(2.22044604925031E-17,0.,1.));
#3639=DIRECTION('',(-2.22044604925031E-17,0.,-1.));
#3640=DIRECTION('',(0.,1.,0.));
#3641=DIRECTION('center_axis',(-1.52964061170577E-16,0.,1.));
#3642=DIRECTION('ref_axis',(1.,0.,1.52964061170577E-16));
#3643=DIRECTION('',(-1.,0.,-1.52964061170577E-16));
#3644=DIRECTION('',(0.,1.,0.));
#3645=DIRECTION('center_axis',(1.,0.,0.));
#3646=DIRECTION('ref_axis',(0.,0.,-1.));
#3647=DIRECTION('',(0.,0.,1.));
#3648=DIRECTION('center_axis',(0.,1.,0.));
#3649=DIRECTION('ref_axis',(0.,0.,1.));
#3650=DIRECTION('center_axis',(0.,1.,0.));
#3651=DIRECTION('ref_axis',(0.,0.,1.));
#3652=DIRECTION('center_axis',(0.,-1.,0.));
#3653=DIRECTION('ref_axis',(0.,0.,1.));
#3654=DIRECTION('',(0.,1.,0.));
#3655=DIRECTION('center_axis',(0.,0.,1.));
#3656=DIRECTION('ref_axis',(1.,0.,0.));
#3657=DIRECTION('',(-1.,0.,0.));
#3658=DIRECTION('',(0.,1.,0.));
#3659=DIRECTION('center_axis',(0.,1.,0.));
#3660=DIRECTION('ref_axis',(-1.,0.,8.88178419700117E-15));
#3661=DIRECTION('center_axis',(0.,-1.,0.));
#3662=DIRECTION('ref_axis',(-1.,0.,8.88178419700117E-15));
#3663=DIRECTION('',(0.,1.,0.));
#3664=DIRECTION('center_axis',(-1.,0.,0.));
#3665=DIRECTION('ref_axis',(0.,0.,1.));
#3666=DIRECTION('',(0.,0.,-1.));
#3667=DIRECTION('',(0.,1.,0.));
#3668=DIRECTION('center_axis',(0.,1.,0.));
#3669=DIRECTION('ref_axis',(4.44089209850066E-15,0.,-1.));
#3670=DIRECTION('center_axis',(0.,-1.,0.));
#3671=DIRECTION('ref_axis',(4.44089209850066E-15,0.,-1.));
#3672=DIRECTION('',(0.,1.,0.));
#3673=DIRECTION('center_axis',(8.88178419700124E-16,0.,-1.));
#3674=DIRECTION('ref_axis',(-1.,0.,-8.88178419700124E-16));
#3675=DIRECTION('',(1.,0.,8.88178419700124E-16));
#3676=DIRECTION('',(0.,1.,0.));
#3677=DIRECTION('center_axis',(0.,1.,0.));
#3678=DIRECTION('ref_axis',(1.,0.,-4.44089209850059E-15));
#3679=DIRECTION('center_axis',(0.,-1.,0.));
#3680=DIRECTION('ref_axis',(1.,0.,-4.44089209850059E-15));
#3681=DIRECTION('',(0.,1.,0.));
#3682=DIRECTION('center_axis',(1.,0.,0.));
#3683=DIRECTION('ref_axis',(0.,0.,-1.));
#3684=DIRECTION('',(0.,-1.,0.));
#3685=DIRECTION('center_axis',(7.40148683083438E-16,0.,-1.));
#3686=DIRECTION('ref_axis',(-1.,0.,-7.40148683083438E-16));
#3687=DIRECTION('',(0.,-1.,0.));
#3688=DIRECTION('center_axis',(-1.,0.,0.));
#3689=DIRECTION('ref_axis',(0.,0.,1.));
#3690=DIRECTION('',(0.,0.,-1.));
#3691=DIRECTION('',(0.,1.,0.));
#3692=DIRECTION('center_axis',(0.,1.,0.));
#3693=DIRECTION('ref_axis',(-1.,0.,-2.22044604925031E-15));
#3694=DIRECTION('center_axis',(0.,1.,0.));
#3695=DIRECTION('ref_axis',(-1.,0.,-2.22044604925031E-15));
#3696=DIRECTION('',(0.,1.,0.));
#3697=DIRECTION('center_axis',(-1.11022302462516E-15,0.,1.));
#3698=DIRECTION('ref_axis',(1.,0.,1.11022302462516E-15));
#3699=DIRECTION('',(-1.,0.,-1.11022302462516E-15));
#3700=DIRECTION('',(0.,1.,0.));
#3701=DIRECTION('center_axis',(0.,1.,0.));
#3702=DIRECTION('ref_axis',(8.8817841970012E-15,0.,1.));
#3703=DIRECTION('center_axis',(0.,1.,0.));
#3704=DIRECTION('ref_axis',(8.8817841970012E-15,0.,1.));
#3705=DIRECTION('',(0.,1.,0.));
#3706=DIRECTION('center_axis',(1.,0.,0.));
#3707=DIRECTION('ref_axis',(0.,0.,-1.));
#3708=DIRECTION('',(0.,0.,1.));
#3709=DIRECTION('',(0.,1.,0.));
#3710=DIRECTION('center_axis',(0.,1.,0.));
#3711=DIRECTION('ref_axis',(1.,0.,-8.88178419700113E-15));
#3712=DIRECTION('center_axis',(0.,1.,0.));
#3713=DIRECTION('ref_axis',(1.,0.,-8.88178419700113E-15));
#3714=DIRECTION('',(0.,1.,0.));
#3715=DIRECTION('center_axis',(-3.41607084500048E-16,0.,-1.));
#3716=DIRECTION('ref_axis',(-1.,0.,3.41607084500048E-16));
#3717=DIRECTION('',(1.,0.,-3.41607084500048E-16));
#3718=DIRECTION('',(0.,1.,0.));
#3719=DIRECTION('center_axis',(0.,1.,0.));
#3720=DIRECTION('ref_axis',(-8.8817841970012E-15,0.,-1.));
#3721=DIRECTION('center_axis',(0.,1.,0.));
#3722=DIRECTION('ref_axis',(-8.8817841970012E-15,0.,-1.));
#3723=DIRECTION('',(0.,1.,0.));
#3724=DIRECTION('center_axis',(-1.,0.,0.));
#3725=DIRECTION('ref_axis',(0.,0.,1.));
#3726=DIRECTION('',(0.,0.,-1.));
#3727=DIRECTION('',(0.,0.,-1.));
#3728=DIRECTION('center_axis',(0.,1.,0.));
#3729=DIRECTION('ref_axis',(0.,0.,1.));
#3730=DIRECTION('center_axis',(0.,1.,0.));
#3731=DIRECTION('ref_axis',(0.,0.,1.));
#3732=DIRECTION('',(0.,0.,1.));
#3733=DIRECTION('',(1.,0.,0.));
#3734=CARTESIAN_POINT('',(0.,0.,0.));
#3735=CARTESIAN_POINT('',(0.,0.,0.));
#3736=CARTESIAN_POINT('Origin',(-1.04330708661417,0.590551181102362,0.950066087314115));
#3737=CARTESIAN_POINT('',(-0.866141732283464,0.590551181102362,0.910696008573957));
#3738=CARTESIAN_POINT('',(-0.866141732283464,0.551181102362205,0.950066087314115));
#3739=CARTESIAN_POINT('Origin',(-0.866141732283464,0.590551181102362,0.950066087314115));
#3740=CARTESIAN_POINT('',(-1.10236220472441,0.551181102362205,0.950066087314114));
#3741=CARTESIAN_POINT('',(-1.04330708661417,0.551181102362205,0.950066087314115));
#3742=CARTESIAN_POINT('',(-1.10236220472441,0.590551181102362,0.910696008573957));
#3743=CARTESIAN_POINT('Origin',(-1.10236220472441,0.590551181102362,0.950066087314114));
#3744=CARTESIAN_POINT('',(-1.04330708661417,0.590551181102362,0.910696008573957));
#3745=CARTESIAN_POINT('Origin',(-1.10236220472441,0.551181102362205,1.18156215030624));
#3746=CARTESIAN_POINT('',(-1.10236220472441,0.551181102362205,1.18156215030624));
#3747=CARTESIAN_POINT('',(-1.10236220472441,0.551181102362205,1.08290705940509));
#3748=CARTESIAN_POINT('',(-1.10236220472441,0.708661417322835,1.18156215030624));
#3749=CARTESIAN_POINT('',(-1.10236220472441,0.551181102362205,1.18156215030624));
#3750=CARTESIAN_POINT('',(-1.10236220472441,0.708661417322835,1.10754640227474));
#3751=CARTESIAN_POINT('',(-1.10236220472441,0.708661417322835,1.18156215030624));
#3752=CARTESIAN_POINT('',(-1.10236220472441,0.748031496062992,1.06817632353459));
#3753=CARTESIAN_POINT('Origin',(-1.10236220472441,0.748031496062992,1.10754640227474));
#3754=CARTESIAN_POINT('',(-1.10236220472441,0.826771653543307,1.06817632353459));
#3755=CARTESIAN_POINT('',(-1.10236220472441,0.708661417322835,1.06817632353459));
#3756=CARTESIAN_POINT('',(-1.10236220472441,0.826771653543307,0.910696008573957));
#3757=CARTESIAN_POINT('',(-1.10236220472441,0.826771653543307,1.08290705940509));
#3758=CARTESIAN_POINT('',(-1.10236220472441,0.551181102362205,0.910696008573957));
#3759=CARTESIAN_POINT('Origin',(-1.10236220472441,0.551181102362205,0.910696008573957));
#3760=CARTESIAN_POINT('',(-0.866141732283464,0.826771653543307,0.910696008573957));
#3761=CARTESIAN_POINT('',(-1.04330708661417,0.826771653543307,0.910696008573957));
#3762=CARTESIAN_POINT('',(-0.866141732283464,0.551181102362205,0.910696008573957));
#3763=CARTESIAN_POINT('Origin',(-0.925196850393701,0.748031496062992,1.10754640227474));
#3764=CARTESIAN_POINT('',(-0.866141732283464,0.708661417322835,1.10754640227474));
#3765=CARTESIAN_POINT('',(-0.925196850393701,0.708661417322835,1.10754640227474));
#3766=CARTESIAN_POINT('',(-0.866141732283464,0.748031496062992,1.06817632353459));
#3767=CARTESIAN_POINT('Origin',(-0.866141732283464,0.748031496062992,1.10754640227474));
#3768=CARTESIAN_POINT('',(-0.925196850393701,0.748031496062992,1.06817632353459));
#3769=CARTESIAN_POINT('Origin',(-0.866141732283464,0.708661417322835,1.06817632353459));
#3770=CARTESIAN_POINT('',(-0.866141732283464,0.826771653543307,1.06817632353459));
#3771=CARTESIAN_POINT('',(-0.866141732283464,0.708661417322835,1.06817632353459));
#3772=CARTESIAN_POINT('',(-0.9251968503937,0.826771653543307,1.06817632353459));
#3773=CARTESIAN_POINT('Origin',(-0.984251968503937,0.708661417322835,0.984251968503937));
#3774=CARTESIAN_POINT('',(-1.14173228346457,0.708661417322835,1.2209322290464));
#3775=CARTESIAN_POINT('Origin',(-1.14173228346457,0.708661417322835,1.18156215030624));
#3776=CARTESIAN_POINT('',(-1.18110236220472,0.708661417322835,1.2209322290464));
#3777=CARTESIAN_POINT('',(-1.18110236220472,0.708661417322835,1.2209322290464));
#3778=CARTESIAN_POINT('',(-1.22047244094488,0.708661417322835,1.18156215030624));
#3779=CARTESIAN_POINT('Origin',(-1.18110236220472,0.708661417322835,1.18156215030624));
#3780=CARTESIAN_POINT('',(-1.22047244094488,0.708661417322835,0.897310181802303));
#3781=CARTESIAN_POINT('',(-1.22047244094488,0.708661417322835,0.897310181802303));
#3782=CARTESIAN_POINT('',(-1.18110236220472,0.708661417322835,0.857940103062145));
#3783=CARTESIAN_POINT('Origin',(-1.18110236220472,0.708661417322835,0.897310181802303));
#3784=CARTESIAN_POINT('',(-0.787401574803149,0.708661417322835,0.857940103062146));
#3785=CARTESIAN_POINT('',(-0.787401574803149,0.708661417322835,0.857940103062146));
#3786=CARTESIAN_POINT('',(-0.748031496062992,0.708661417322835,0.897310181802303));
#3787=CARTESIAN_POINT('Origin',(-0.787401574803149,0.708661417322835,0.897310181802303));
#3788=CARTESIAN_POINT('',(-0.748031496062992,0.708661417322835,1.06817632353459));
#3789=CARTESIAN_POINT('',(-0.748031496062992,0.708661417322835,1.06817632353459));
#3790=CARTESIAN_POINT('',(-0.511811023622047,0.708661417322835,1.06817632353459));
#3791=CARTESIAN_POINT('',(-0.511811023622047,0.708661417322835,1.06817632353459));
#3792=CARTESIAN_POINT('',(-0.511811023622047,0.708661417322835,0.661089709361358));
#3793=CARTESIAN_POINT('',(-0.511811023622047,0.708661417322835,0.661089709361358));
#3794=CARTESIAN_POINT('',(-0.551181102362204,0.708661417322835,0.621719630621201));
#3795=CARTESIAN_POINT('Origin',(-0.551181102362204,0.708661417322835,0.661089709361358));
#3796=CARTESIAN_POINT('',(-1.41732283464567,0.708661417322835,0.621719630621201));
#3797=CARTESIAN_POINT('',(-1.41732283464567,0.708661417322835,0.621719630621201));
#3798=CARTESIAN_POINT('',(-1.45669291338583,0.708661417322835,0.661089709361358));
#3799=CARTESIAN_POINT('Origin',(-1.41732283464567,0.708661417322835,0.661089709361358));
#3800=CARTESIAN_POINT('',(-1.45669291338583,0.708661417322835,1.41778262274719));
#3801=CARTESIAN_POINT('',(-1.45669291338583,0.708661417322835,1.41778262274719));
#3802=CARTESIAN_POINT('',(-1.41732283464567,0.708661417322835,1.45715270148734));
#3803=CARTESIAN_POINT('Origin',(-1.41732283464567,0.708661417322835,1.41778262274718));
#3804=CARTESIAN_POINT('',(-0.905511811023622,0.708661417322835,1.45715270148734));
#3805=CARTESIAN_POINT('',(-0.905511811023622,0.708661417322835,1.45715270148734));
#3806=CARTESIAN_POINT('',(-0.866141732283464,0.708661417322835,1.41778262274719));
#3807=CARTESIAN_POINT('Origin',(-0.905511811023622,0.708661417322835,1.41778262274719));
#3808=CARTESIAN_POINT('',(-0.866141732283464,0.708661417322835,0.910696008573957));
#3809=CARTESIAN_POINT('Origin',(-0.866141732283464,0.511811023622047,0.871325929833799));
#3810=CARTESIAN_POINT('',(-0.748031496062992,0.541388409403138,0.897310181802303));
#3811=CARTESIAN_POINT('',(-0.748031496062992,0.511811023622047,0.910696008573956));
#3812=CARTESIAN_POINT('Origin',(-0.748031496062992,0.511811023622047,0.871325929833799));
#3813=CARTESIAN_POINT('',(-0.757824189022058,0.551181102362205,0.871325929833799));
#3814=CARTESIAN_POINT('Ctrl Pts',(-0.748031496062992,0.54138840940314,0.8973101818023));
#3815=CARTESIAN_POINT('Ctrl Pts',(-0.748031496062992,0.542337627138706,
0.896229705089363));
#3816=CARTESIAN_POINT('Ctrl Pts',(-0.74807612770595,0.543222012297147,0.895103329887903));
#3817=CARTESIAN_POINT('Ctrl Pts',(-0.748389761122759,0.545785662810611,
0.89145041753797));
#3818=CARTESIAN_POINT('Ctrl Pts',(-0.748895075846108,0.547351975453303,
0.888552647873601));
#3819=CARTESIAN_POINT('Ctrl Pts',(-0.750720092293646,0.549638320305386,
0.882684391694176));
#3820=CARTESIAN_POINT('Ctrl Pts',(-0.752049818774248,0.550365523889148,
0.879719824880128));
#3821=CARTESIAN_POINT('Ctrl Pts',(-0.75481901218093,0.551055421287439,0.87508384602779));
#3822=CARTESIAN_POINT('Ctrl Pts',(-0.756233600265505,0.551181102362205,
0.873136467128798));
#3823=CARTESIAN_POINT('Ctrl Pts',(-0.757824189022058,0.551181102362205,
0.871325929833799));
#3824=CARTESIAN_POINT('',(-0.511811023622047,0.551181102362205,0.871325929833799));
#3825=CARTESIAN_POINT('',(-0.866141732283464,0.551181102362205,0.871325929833799));
#3826=CARTESIAN_POINT('',(-0.511811023622047,0.511811023622047,0.910696008573956));
#3827=CARTESIAN_POINT('Origin',(-0.511811023622047,0.511811023622047,0.871325929833799));
#3828=CARTESIAN_POINT('',(-0.866141732283464,0.511811023622047,0.910696008573956));
#3829=CARTESIAN_POINT('Origin',(-0.748031496062992,0.551181102362205,0.910696008573956));
#3830=CARTESIAN_POINT('',(-0.511811023622047,0.433070866141732,0.910696008573956));
#3831=CARTESIAN_POINT('',(-0.511811023622047,0.551181102362205,0.910696008573956));
#3832=CARTESIAN_POINT('',(-0.748031496062992,0.433070866141732,0.910696008573956));
#3833=CARTESIAN_POINT('',(-0.866141732283464,0.433070866141732,0.910696008573957));
#3834=CARTESIAN_POINT('',(-0.748031496062992,0.551181102362205,0.910696008573956));
#3835=CARTESIAN_POINT('Origin',(-0.984251968503936,0.433070866141732,0.984251968503936));
#3836=CARTESIAN_POINT('',(7.4306265427668E-16,0.433070866141732,1.96850393700787));
#3837=CARTESIAN_POINT('',(-1.96850393700787,0.433070866141732,1.96850393700787));
#3838=CARTESIAN_POINT('',(6.99353086378051E-16,0.433070866141732,1.96850393700787));
#3839=CARTESIAN_POINT('',(6.99353086378051E-16,0.433070866141732,-1.04902962956708E-15));
#3840=CARTESIAN_POINT('',(6.99353086378051E-16,0.433070866141732,-1.04902962956708E-15));
#3841=CARTESIAN_POINT('',(-1.96850393700787,0.433070866141732,-1.04902962956708E-15));
#3842=CARTESIAN_POINT('',(-1.96850393700787,0.433070866141732,-1.20201311721228E-15));
#3843=CARTESIAN_POINT('',(-1.96850393700787,0.433070866141732,1.96850393700787));
#3844=CARTESIAN_POINT('',(-0.511811023622047,0.433070866141732,1.06817632353459));
#3845=CARTESIAN_POINT('',(-0.511811023622047,0.433070866141732,0.947473988538946));
#3846=CARTESIAN_POINT('',(-0.748031496062992,0.433070866141732,1.06817632353459));
#3847=CARTESIAN_POINT('',(-0.748031496062992,0.433070866141732,1.06817632353459));
#3848=CARTESIAN_POINT('',(-0.748031496062992,0.433070866141732,1.02621414601926));
#3849=CARTESIAN_POINT('Origin',(7.4306265427668E-16,0.118110236220472,1.96850393700787));
#3850=CARTESIAN_POINT('',(-1.96850393700787,0.118110236220472,1.96850393700787));
#3851=CARTESIAN_POINT('',(7.4306265427668E-16,0.118110236220472,1.96850393700787));
#3852=CARTESIAN_POINT('',(-0.492125984251968,0.118110236220472,1.96850393700787));
#3853=CARTESIAN_POINT('',(7.4306265427668E-16,0.118110236220472,1.96850393700787));
#3854=CARTESIAN_POINT('',(-1.96850393700787,0.118110236220472,1.96850393700787));
#3855=CARTESIAN_POINT('Origin',(6.99353086378051E-16,0.118110236220472,
-9.00902760577282E-16));
#3856=CARTESIAN_POINT('',(6.99353086378051E-16,0.118110236220472,-9.00902760577282E-16));
#3857=CARTESIAN_POINT('',(6.99353086378051E-16,0.118110236220472,0.492125984251968));
#3858=CARTESIAN_POINT('',(6.99353086378051E-16,0.118110236220472,-9.00902760577282E-16));
#3859=CARTESIAN_POINT('Origin',(-1.96850393700787,0.118110236220472,-1.20201311721228E-15));
#3860=CARTESIAN_POINT('',(-1.96850393700787,0.118110236220472,-1.20201311721228E-15));
#3861=CARTESIAN_POINT('',(-1.4763779527559,0.118110236220472,-1.13644876536433E-15));
#3862=CARTESIAN_POINT('',(-1.96850393700787,0.118110236220472,-1.20201311721228E-15));
#3863=CARTESIAN_POINT('Origin',(-1.96850393700787,0.118110236220472,1.96850393700787));
#3864=CARTESIAN_POINT('',(-1.96850393700787,0.118110236220472,1.4763779527559));
#3865=CARTESIAN_POINT('Origin',(-0.984251968503937,0.118110236220472,0.984251968503937));
#3866=CARTESIAN_POINT('Origin',(-1.14173228346457,0.551181102362205,1.18156215030624));
#3867=CARTESIAN_POINT('',(-1.14173228346457,0.551181102362205,1.2209322290464));
#3868=CARTESIAN_POINT('Origin',(-1.14173228346457,0.551181102362205,1.18156215030624));
#3869=CARTESIAN_POINT('',(-1.14173228346457,0.551181102362205,1.2209322290464));
#3870=CARTESIAN_POINT('Origin',(-1.18110236220472,0.551181102362205,1.2209322290464));
#3871=CARTESIAN_POINT('',(-1.18110236220472,0.551181102362205,1.2209322290464));
#3872=CARTESIAN_POINT('',(-1.08267716535433,0.551181102362205,1.2209322290464));
#3873=CARTESIAN_POINT('',(-1.18110236220472,0.551181102362205,1.2209322290464));
#3874=CARTESIAN_POINT('Origin',(-1.18110236220472,0.551181102362205,1.18156215030624));
#3875=CARTESIAN_POINT('',(-1.22047244094488,0.551181102362205,1.18156215030624));
#3876=CARTESIAN_POINT('Origin',(-1.18110236220472,0.551181102362205,1.18156215030624));
#3877=CARTESIAN_POINT('',(-1.22047244094488,0.551181102362205,1.18156215030624));
#3878=CARTESIAN_POINT('Origin',(-1.22047244094488,0.551181102362205,0.897310181802303));
#3879=CARTESIAN_POINT('',(-1.22047244094488,0.551181102362205,0.897310181802303));
#3880=CARTESIAN_POINT('',(-1.22047244094488,0.551181102362205,0.940781075153119));
#3881=CARTESIAN_POINT('',(-1.22047244094488,0.551181102362205,0.897310181802303));
#3882=CARTESIAN_POINT('Origin',(-1.18110236220472,0.551181102362205,0.897310181802303));
#3883=CARTESIAN_POINT('',(-1.18110236220472,0.551181102362205,0.857940103062145));
#3884=CARTESIAN_POINT('Origin',(-1.18110236220472,0.551181102362205,0.897310181802303));
#3885=CARTESIAN_POINT('',(-1.18110236220472,0.551181102362205,0.857940103062145));
#3886=CARTESIAN_POINT('Origin',(-0.787401574803149,0.551181102362205,0.857940103062146));
#3887=CARTESIAN_POINT('',(-0.787401574803149,0.551181102362205,0.857940103062146));
#3888=CARTESIAN_POINT('',(-0.885826771653543,0.551181102362205,0.857940103062146));
#3889=CARTESIAN_POINT('',(-0.787401574803149,0.551181102362205,0.857940103062146));
#3890=CARTESIAN_POINT('Origin',(-0.787401574803149,0.551181102362205,0.897310181802303));
#3891=CARTESIAN_POINT('Origin',(-0.787401574803149,0.551181102362205,0.897310181802303));
#3892=CARTESIAN_POINT('',(-0.748031496062992,0.551181102362205,0.897310181802303));
#3893=CARTESIAN_POINT('Origin',(-0.748031496062992,0.551181102362205,1.06817632353459));
#3894=CARTESIAN_POINT('',(-0.748031496062992,0.551181102362205,1.06817632353459));
#3895=CARTESIAN_POINT('Origin',(-0.511811023622047,0.551181102362205,1.06817632353459));
#3896=CARTESIAN_POINT('',(-0.511811023622047,0.551181102362205,1.06817632353459));
#3897=CARTESIAN_POINT('Origin',(-0.511811023622047,0.551181102362205,0.661089709361358));
#3898=CARTESIAN_POINT('',(-0.511811023622047,0.551181102362205,0.661089709361358));
#3899=CARTESIAN_POINT('',(-0.511811023622047,0.551181102362205,0.822670838932647));
#3900=CARTESIAN_POINT('',(-0.511811023622047,0.551181102362205,0.661089709361358));
#3901=CARTESIAN_POINT('Origin',(-0.551181102362204,0.551181102362205,0.661089709361358));
#3902=CARTESIAN_POINT('',(-0.551181102362204,0.551181102362205,0.621719630621201));
#3903=CARTESIAN_POINT('Origin',(-0.551181102362204,0.551181102362205,0.661089709361358));
#3904=CARTESIAN_POINT('',(-0.551181102362204,0.551181102362205,0.621719630621201));
#3905=CARTESIAN_POINT('Origin',(-1.41732283464567,0.551181102362205,0.621719630621201));
#3906=CARTESIAN_POINT('',(-1.41732283464567,0.551181102362205,0.621719630621201));
#3907=CARTESIAN_POINT('',(-1.2007874015748,0.551181102362205,0.621719630621201));
#3908=CARTESIAN_POINT('',(-1.41732283464567,0.551181102362205,0.621719630621201));
#3909=CARTESIAN_POINT('Origin',(-1.41732283464567,0.551181102362205,0.661089709361358));
#3910=CARTESIAN_POINT('',(-1.45669291338583,0.551181102362205,0.661089709361358));
#3911=CARTESIAN_POINT('Origin',(-1.41732283464567,0.551181102362205,0.661089709361358));
#3912=CARTESIAN_POINT('',(-1.45669291338583,0.551181102362205,0.661089709361358));
#3913=CARTESIAN_POINT('Origin',(-1.45669291338583,0.551181102362205,1.41778262274719));
#3914=CARTESIAN_POINT('',(-1.45669291338583,0.551181102362205,1.41778262274719));
#3915=CARTESIAN_POINT('',(-1.45669291338583,0.551181102362205,1.20101729562556));
#3916=CARTESIAN_POINT('',(-1.45669291338583,0.551181102362205,1.41778262274719));
#3917=CARTESIAN_POINT('Origin',(-1.41732283464567,0.551181102362205,1.41778262274718));
#3918=CARTESIAN_POINT('',(-1.41732283464567,0.551181102362205,1.45715270148734));
#3919=CARTESIAN_POINT('Origin',(-1.41732283464567,0.551181102362205,1.41778262274718));
#3920=CARTESIAN_POINT('',(-1.41732283464567,0.551181102362205,1.45715270148734));
#3921=CARTESIAN_POINT('Origin',(-0.905511811023622,0.551181102362205,1.45715270148734));
#3922=CARTESIAN_POINT('',(-0.905511811023622,0.551181102362205,1.45715270148734));
#3923=CARTESIAN_POINT('',(-0.944881889763779,0.551181102362205,1.45715270148734));
#3924=CARTESIAN_POINT('',(-0.905511811023622,0.551181102362205,1.45715270148734));
#3925=CARTESIAN_POINT('Origin',(-0.905511811023622,0.551181102362205,1.41778262274719));
#3926=CARTESIAN_POINT('',(-0.866141732283464,0.551181102362205,1.41778262274719));
#3927=CARTESIAN_POINT('Origin',(-0.905511811023622,0.551181102362205,1.41778262274719));
#3928=CARTESIAN_POINT('',(-0.866141732283464,0.551181102362205,1.41778262274719));
#3929=CARTESIAN_POINT('Origin',(-0.866141732283464,0.551181102362205,0.910696008573957));
#3930=CARTESIAN_POINT('',(-0.866141732283464,0.826771653543307,0.947473988538947));
#3931=CARTESIAN_POINT('',(-0.866141732283464,0.551181102362205,0.947473988538946));
#3932=CARTESIAN_POINT('Origin',(-0.984251968503936,0.551181102362205,0.984251968503936));
#3933=CARTESIAN_POINT('Origin',(-0.984251968503937,0.826771653543307,0.984251968503937));
#3934=CARTESIAN_POINT('Origin',(1.16141732283465,0.590551181102362,0.950066087314115));
#3935=CARTESIAN_POINT('',(1.33858267716535,0.590551181102362,0.910696008573957));
#3936=CARTESIAN_POINT('',(1.33858267716535,0.551181102362205,0.950066087314115));
#3937=CARTESIAN_POINT('Origin',(1.33858267716535,0.590551181102362,0.950066087314115));
#3938=CARTESIAN_POINT('',(1.10236220472441,0.551181102362205,0.950066087314114));
#3939=CARTESIAN_POINT('',(1.16141732283465,0.551181102362205,0.950066087314115));
#3940=CARTESIAN_POINT('',(1.10236220472441,0.590551181102362,0.910696008573957));
#3941=CARTESIAN_POINT('Origin',(1.10236220472441,0.590551181102362,0.950066087314114));
#3942=CARTESIAN_POINT('',(1.16141732283465,0.590551181102362,0.910696008573957));
#3943=CARTESIAN_POINT('Origin',(1.10236220472441,0.551181102362205,1.18156215030624));
#3944=CARTESIAN_POINT('',(1.10236220472441,0.551181102362205,1.18156215030624));
#3945=CARTESIAN_POINT('',(1.10236220472441,0.551181102362205,1.08290705940509));
#3946=CARTESIAN_POINT('',(1.10236220472441,0.708661417322835,1.18156215030624));
#3947=CARTESIAN_POINT('',(1.10236220472441,0.551181102362205,1.18156215030624));
#3948=CARTESIAN_POINT('',(1.10236220472441,0.708661417322835,1.10754640227474));
#3949=CARTESIAN_POINT('',(1.10236220472441,0.708661417322835,1.18156215030624));
#3950=CARTESIAN_POINT('',(1.10236220472441,0.748031496062992,1.06817632353459));
#3951=CARTESIAN_POINT('Origin',(1.10236220472441,0.748031496062992,1.10754640227474));
#3952=CARTESIAN_POINT('',(1.10236220472441,0.826771653543307,1.06817632353459));
#3953=CARTESIAN_POINT('',(1.10236220472441,0.708661417322835,1.06817632353459));
#3954=CARTESIAN_POINT('',(1.10236220472441,0.826771653543307,0.910696008573957));
#3955=CARTESIAN_POINT('',(1.10236220472441,0.826771653543307,1.08290705940509));
#3956=CARTESIAN_POINT('',(1.10236220472441,0.551181102362205,0.910696008573957));
#3957=CARTESIAN_POINT('Origin',(1.10236220472441,0.551181102362205,0.910696008573957));
#3958=CARTESIAN_POINT('',(1.33858267716535,0.826771653543307,0.910696008573957));
#3959=CARTESIAN_POINT('',(1.16141732283465,0.826771653543307,0.910696008573957));
#3960=CARTESIAN_POINT('',(1.33858267716535,0.551181102362205,0.910696008573957));
#3961=CARTESIAN_POINT('Origin',(1.27952755905512,0.748031496062992,1.10754640227474));
#3962=CARTESIAN_POINT('',(1.33858267716535,0.708661417322835,1.10754640227474));
#3963=CARTESIAN_POINT('',(1.27952755905512,0.708661417322835,1.10754640227474));
#3964=CARTESIAN_POINT('',(1.33858267716535,0.748031496062992,1.06817632353459));
#3965=CARTESIAN_POINT('Origin',(1.33858267716535,0.748031496062992,1.10754640227474));
#3966=CARTESIAN_POINT('',(1.27952755905512,0.748031496062992,1.06817632353459));
#3967=CARTESIAN_POINT('Origin',(1.33858267716535,0.708661417322835,1.06817632353459));
#3968=CARTESIAN_POINT('',(1.33858267716535,0.826771653543307,1.06817632353459));
#3969=CARTESIAN_POINT('',(1.33858267716535,0.708661417322835,1.06817632353459));
#3970=CARTESIAN_POINT('',(1.27952755905512,0.826771653543307,1.06817632353459));
#3971=CARTESIAN_POINT('Origin',(1.22047244094488,0.708661417322835,0.984251968503937));
#3972=CARTESIAN_POINT('',(1.06299212598425,0.708661417322835,1.2209322290464));
#3973=CARTESIAN_POINT('Origin',(1.06299212598425,0.708661417322835,1.18156215030624));
#3974=CARTESIAN_POINT('',(1.02362204724409,0.708661417322835,1.2209322290464));
#3975=CARTESIAN_POINT('',(1.02362204724409,0.708661417322835,1.2209322290464));
#3976=CARTESIAN_POINT('',(0.984251968503937,0.708661417322835,1.18156215030624));
#3977=CARTESIAN_POINT('Origin',(1.0236220472441,0.708661417322835,1.18156215030624));
#3978=CARTESIAN_POINT('',(0.984251968503937,0.708661417322835,0.897310181802303));
#3979=CARTESIAN_POINT('',(0.984251968503937,0.708661417322835,0.897310181802303));
#3980=CARTESIAN_POINT('',(1.02362204724409,0.708661417322835,0.857940103062145));
#3981=CARTESIAN_POINT('Origin',(1.02362204724409,0.708661417322835,0.897310181802303));
#3982=CARTESIAN_POINT('',(1.41732283464567,0.708661417322835,0.857940103062146));
#3983=CARTESIAN_POINT('',(1.41732283464567,0.708661417322835,0.857940103062146));
#3984=CARTESIAN_POINT('',(1.45669291338583,0.708661417322835,0.897310181802303));
#3985=CARTESIAN_POINT('Origin',(1.41732283464567,0.708661417322835,0.897310181802303));
#3986=CARTESIAN_POINT('',(1.45669291338583,0.708661417322835,1.06817632353459));
#3987=CARTESIAN_POINT('',(1.45669291338583,0.708661417322835,1.06817632353459));
#3988=CARTESIAN_POINT('',(1.69291338582677,0.708661417322835,1.06817632353459));
#3989=CARTESIAN_POINT('',(1.69291338582677,0.708661417322835,1.06817632353459));
#3990=CARTESIAN_POINT('',(1.69291338582677,0.708661417322835,0.661089709361358));
#3991=CARTESIAN_POINT('',(1.69291338582677,0.708661417322835,0.661089709361358));
#3992=CARTESIAN_POINT('',(1.65354330708661,0.708661417322835,0.621719630621201));
#3993=CARTESIAN_POINT('Origin',(1.65354330708661,0.708661417322835,0.661089709361358));
#3994=CARTESIAN_POINT('',(0.78740157480315,0.708661417322835,0.621719630621201));
#3995=CARTESIAN_POINT('',(0.78740157480315,0.708661417322835,0.621719630621201));
#3996=CARTESIAN_POINT('',(0.748031496062993,0.708661417322835,0.661089709361358));
#3997=CARTESIAN_POINT('Origin',(0.78740157480315,0.708661417322835,0.661089709361358));
#3998=CARTESIAN_POINT('',(0.748031496062993,0.708661417322835,1.41778262274719));
#3999=CARTESIAN_POINT('',(0.748031496062993,0.708661417322835,1.41778262274719));
#4000=CARTESIAN_POINT('',(0.78740157480315,0.708661417322835,1.45715270148734));
#4001=CARTESIAN_POINT('Origin',(0.787401574803151,0.708661417322835,1.41778262274718));
#4002=CARTESIAN_POINT('',(1.2992125984252,0.708661417322835,1.45715270148734));
#4003=CARTESIAN_POINT('',(1.2992125984252,0.708661417322835,1.45715270148734));
#4004=CARTESIAN_POINT('',(1.33858267716535,0.708661417322835,1.41778262274719));
#4005=CARTESIAN_POINT('Origin',(1.2992125984252,0.708661417322835,1.41778262274719));
#4006=CARTESIAN_POINT('',(1.33858267716535,0.708661417322835,0.910696008573957));
#4007=CARTESIAN_POINT('Origin',(1.33858267716535,0.511811023622047,0.871325929833799));
#4008=CARTESIAN_POINT('',(1.45669291338583,0.541388409403138,0.897310181802303));
#4009=CARTESIAN_POINT('',(1.45669291338583,0.511811023622047,0.910696008573956));
#4010=CARTESIAN_POINT('Origin',(1.45669291338583,0.511811023622047,0.871325929833799));
#4011=CARTESIAN_POINT('',(1.44690022042676,0.551181102362205,0.871325929833799));
#4012=CARTESIAN_POINT('Ctrl Pts',(1.45669291338583,0.54138840940314,0.8973101818023));
#4013=CARTESIAN_POINT('Ctrl Pts',(1.45669291338583,0.542337627138706,0.896229705089363));
#4014=CARTESIAN_POINT('Ctrl Pts',(1.45664828174287,0.543222012297147,0.895103329887903));
#4015=CARTESIAN_POINT('Ctrl Pts',(1.45633464832606,0.545785662810611,0.89145041753797));
#4016=CARTESIAN_POINT('Ctrl Pts',(1.45582933360271,0.547351975453303,0.888552647873601));
#4017=CARTESIAN_POINT('Ctrl Pts',(1.45400431715517,0.549638320305386,0.882684391694176));
#4018=CARTESIAN_POINT('Ctrl Pts',(1.45267459067457,0.550365523889148,0.879719824880128));
#4019=CARTESIAN_POINT('Ctrl Pts',(1.44990539726789,0.551055421287439,0.87508384602779));
#4020=CARTESIAN_POINT('Ctrl Pts',(1.44849080918331,0.551181102362205,0.873136467128798));
#4021=CARTESIAN_POINT('Ctrl Pts',(1.44690022042676,0.551181102362205,0.871325929833799));
#4022=CARTESIAN_POINT('',(1.69291338582677,0.551181102362205,0.871325929833799));
#4023=CARTESIAN_POINT('',(1.33858267716535,0.551181102362205,0.871325929833799));
#4024=CARTESIAN_POINT('',(1.69291338582677,0.511811023622047,0.910696008573956));
#4025=CARTESIAN_POINT('Origin',(1.69291338582677,0.511811023622047,0.871325929833799));
#4026=CARTESIAN_POINT('',(1.33858267716535,0.511811023622047,0.910696008573956));
#4027=CARTESIAN_POINT('Origin',(1.45669291338583,0.551181102362205,0.910696008573956));
#4028=CARTESIAN_POINT('',(1.69291338582677,0.433070866141732,0.910696008573956));
#4029=CARTESIAN_POINT('',(1.69291338582677,0.551181102362205,0.910696008573956));
#4030=CARTESIAN_POINT('',(1.45669291338583,0.433070866141732,0.910696008573956));
#4031=CARTESIAN_POINT('',(1.33858267716535,0.433070866141732,0.910696008573957));
#4032=CARTESIAN_POINT('',(1.45669291338583,0.551181102362205,0.910696008573956));
#4033=CARTESIAN_POINT('Origin',(1.22047244094488,0.433070866141732,0.984251968503936));
#4034=CARTESIAN_POINT('',(2.20472440944882,0.433070866141732,1.96850393700787));
#4035=CARTESIAN_POINT('',(0.236220472440946,0.433070866141732,1.96850393700787));
#4036=CARTESIAN_POINT('',(2.20472440944882,0.433070866141732,1.96850393700787));
#4037=CARTESIAN_POINT('',(2.20472440944882,0.433070866141732,-1.04902962956708E-15));
#4038=CARTESIAN_POINT('',(2.20472440944882,0.433070866141732,-1.04902962956708E-15));
#4039=CARTESIAN_POINT('',(0.236220472440946,0.433070866141732,-1.04902962956708E-15));
#4040=CARTESIAN_POINT('',(0.236220472440946,0.433070866141732,-1.20201311721228E-15));
#4041=CARTESIAN_POINT('',(0.236220472440946,0.433070866141732,1.96850393700787));
#4042=CARTESIAN_POINT('',(1.69291338582677,0.433070866141732,1.06817632353459));
#4043=CARTESIAN_POINT('',(1.69291338582677,0.433070866141732,0.947473988538946));
#4044=CARTESIAN_POINT('',(1.45669291338583,0.433070866141732,1.06817632353459));
#4045=CARTESIAN_POINT('',(1.45669291338583,0.433070866141732,1.06817632353459));
#4046=CARTESIAN_POINT('',(1.45669291338583,0.433070866141732,1.02621414601926));
#4047=CARTESIAN_POINT('Origin',(2.20472440944882,0.118110236220472,1.96850393700787));
#4048=CARTESIAN_POINT('',(0.236220472440946,0.118110236220472,1.96850393700787));
#4049=CARTESIAN_POINT('',(2.20472440944882,0.118110236220472,1.96850393700787));
#4050=CARTESIAN_POINT('',(1.71259842519685,0.118110236220472,1.96850393700787));
#4051=CARTESIAN_POINT('',(2.20472440944882,0.118110236220472,1.96850393700787));
#4052=CARTESIAN_POINT('',(0.236220472440946,0.118110236220472,1.96850393700787));
#4053=CARTESIAN_POINT('Origin',(2.20472440944882,0.118110236220472,-9.00902760577282E-16));
#4054=CARTESIAN_POINT('',(2.20472440944882,0.118110236220472,-9.00902760577282E-16));
#4055=CARTESIAN_POINT('',(2.20472440944882,0.118110236220472,0.492125984251968));
#4056=CARTESIAN_POINT('',(2.20472440944882,0.118110236220472,-9.00902760577282E-16));
#4057=CARTESIAN_POINT('Origin',(0.236220472440946,0.118110236220472,-1.20201311721228E-15));
#4058=CARTESIAN_POINT('',(0.236220472440946,0.118110236220472,-1.20201311721228E-15));
#4059=CARTESIAN_POINT('',(0.728346456692914,0.118110236220472,-1.13644876536433E-15));
#4060=CARTESIAN_POINT('',(0.236220472440946,0.118110236220472,-1.20201311721228E-15));
#4061=CARTESIAN_POINT('Origin',(0.236220472440946,0.118110236220472,1.96850393700787));
#4062=CARTESIAN_POINT('',(0.236220472440946,0.118110236220472,1.4763779527559));
#4063=CARTESIAN_POINT('Origin',(1.22047244094488,0.118110236220472,0.984251968503937));
#4064=CARTESIAN_POINT('Origin',(1.06299212598425,0.551181102362205,1.18156215030624));
#4065=CARTESIAN_POINT('',(1.06299212598425,0.551181102362205,1.2209322290464));
#4066=CARTESIAN_POINT('Origin',(1.06299212598425,0.551181102362205,1.18156215030624));
#4067=CARTESIAN_POINT('',(1.06299212598425,0.551181102362205,1.2209322290464));
#4068=CARTESIAN_POINT('Origin',(1.02362204724409,0.551181102362205,1.2209322290464));
#4069=CARTESIAN_POINT('',(1.02362204724409,0.551181102362205,1.2209322290464));
#4070=CARTESIAN_POINT('',(1.12204724409449,0.551181102362205,1.2209322290464));
#4071=CARTESIAN_POINT('',(1.02362204724409,0.551181102362205,1.2209322290464));
#4072=CARTESIAN_POINT('Origin',(1.0236220472441,0.551181102362205,1.18156215030624));
#4073=CARTESIAN_POINT('',(0.984251968503937,0.551181102362205,1.18156215030624));
#4074=CARTESIAN_POINT('Origin',(1.0236220472441,0.551181102362205,1.18156215030624));
#4075=CARTESIAN_POINT('',(0.984251968503937,0.551181102362205,1.18156215030624));
#4076=CARTESIAN_POINT('Origin',(0.984251968503937,0.551181102362205,0.897310181802303));
#4077=CARTESIAN_POINT('',(0.984251968503937,0.551181102362205,0.897310181802303));
#4078=CARTESIAN_POINT('',(0.984251968503937,0.551181102362205,0.940781075153119));
#4079=CARTESIAN_POINT('',(0.984251968503937,0.551181102362205,0.897310181802303));
#4080=CARTESIAN_POINT('Origin',(1.02362204724409,0.551181102362205,0.897310181802303));
#4081=CARTESIAN_POINT('',(1.02362204724409,0.551181102362205,0.857940103062145));
#4082=CARTESIAN_POINT('Origin',(1.02362204724409,0.551181102362205,0.897310181802303));
#4083=CARTESIAN_POINT('',(1.02362204724409,0.551181102362205,0.857940103062145));
#4084=CARTESIAN_POINT('Origin',(1.41732283464567,0.551181102362205,0.857940103062146));
#4085=CARTESIAN_POINT('',(1.41732283464567,0.551181102362205,0.857940103062146));
#4086=CARTESIAN_POINT('',(1.31889763779528,0.551181102362205,0.857940103062146));
#4087=CARTESIAN_POINT('',(1.41732283464567,0.551181102362205,0.857940103062146));
#4088=CARTESIAN_POINT('Origin',(1.41732283464567,0.551181102362205,0.897310181802303));
#4089=CARTESIAN_POINT('Origin',(1.41732283464567,0.551181102362205,0.897310181802303));
#4090=CARTESIAN_POINT('',(1.45669291338583,0.551181102362205,0.897310181802303));
#4091=CARTESIAN_POINT('Origin',(1.45669291338583,0.551181102362205,1.06817632353459));
#4092=CARTESIAN_POINT('',(1.45669291338583,0.551181102362205,1.06817632353459));
#4093=CARTESIAN_POINT('Origin',(1.69291338582677,0.551181102362205,1.06817632353459));
#4094=CARTESIAN_POINT('',(1.69291338582677,0.551181102362205,1.06817632353459));
#4095=CARTESIAN_POINT('Origin',(1.69291338582677,0.551181102362205,0.661089709361358));
#4096=CARTESIAN_POINT('',(1.69291338582677,0.551181102362205,0.661089709361358));
#4097=CARTESIAN_POINT('',(1.69291338582677,0.551181102362205,0.822670838932647));
#4098=CARTESIAN_POINT('',(1.69291338582677,0.551181102362205,0.661089709361358));
#4099=CARTESIAN_POINT('Origin',(1.65354330708661,0.551181102362205,0.661089709361358));
#4100=CARTESIAN_POINT('',(1.65354330708661,0.551181102362205,0.621719630621201));
#4101=CARTESIAN_POINT('Origin',(1.65354330708661,0.551181102362205,0.661089709361358));
#4102=CARTESIAN_POINT('',(1.65354330708661,0.551181102362205,0.621719630621201));
#4103=CARTESIAN_POINT('Origin',(0.78740157480315,0.551181102362205,0.621719630621201));
#4104=CARTESIAN_POINT('',(0.78740157480315,0.551181102362205,0.621719630621201));
#4105=CARTESIAN_POINT('',(1.00393700787402,0.551181102362205,0.621719630621201));
#4106=CARTESIAN_POINT('',(0.78740157480315,0.551181102362205,0.621719630621201));
#4107=CARTESIAN_POINT('Origin',(0.78740157480315,0.551181102362205,0.661089709361358));
#4108=CARTESIAN_POINT('',(0.748031496062993,0.551181102362205,0.661089709361358));
#4109=CARTESIAN_POINT('Origin',(0.78740157480315,0.551181102362205,0.661089709361358));
#4110=CARTESIAN_POINT('',(0.748031496062993,0.551181102362205,0.661089709361358));
#4111=CARTESIAN_POINT('Origin',(0.748031496062993,0.551181102362205,1.41778262274719));
#4112=CARTESIAN_POINT('',(0.748031496062993,0.551181102362205,1.41778262274719));
#4113=CARTESIAN_POINT('',(0.748031496062993,0.551181102362205,1.20101729562556));
#4114=CARTESIAN_POINT('',(0.748031496062993,0.551181102362205,1.41778262274719));
#4115=CARTESIAN_POINT('Origin',(0.787401574803151,0.551181102362205,1.41778262274718));
#4116=CARTESIAN_POINT('',(0.78740157480315,0.551181102362205,1.45715270148734));
#4117=CARTESIAN_POINT('Origin',(0.787401574803151,0.551181102362205,1.41778262274718));
#4118=CARTESIAN_POINT('',(0.78740157480315,0.551181102362205,1.45715270148734));
#4119=CARTESIAN_POINT('Origin',(1.2992125984252,0.551181102362205,1.45715270148734));
#4120=CARTESIAN_POINT('',(1.2992125984252,0.551181102362205,1.45715270148734));
#4121=CARTESIAN_POINT('',(1.25984251968504,0.551181102362205,1.45715270148734));
#4122=CARTESIAN_POINT('',(1.2992125984252,0.551181102362205,1.45715270148734));
#4123=CARTESIAN_POINT('Origin',(1.2992125984252,0.551181102362205,1.41778262274719));
#4124=CARTESIAN_POINT('',(1.33858267716535,0.551181102362205,1.41778262274719));
#4125=CARTESIAN_POINT('Origin',(1.2992125984252,0.551181102362205,1.41778262274719));
#4126=CARTESIAN_POINT('',(1.33858267716535,0.551181102362205,1.41778262274719));
#4127=CARTESIAN_POINT('Origin',(1.33858267716535,0.551181102362205,0.910696008573957));
#4128=CARTESIAN_POINT('',(1.33858267716535,0.826771653543307,0.947473988538947));
#4129=CARTESIAN_POINT('',(1.33858267716535,0.551181102362205,0.947473988538946));
#4130=CARTESIAN_POINT('Origin',(1.22047244094488,0.551181102362205,0.984251968503936));
#4131=CARTESIAN_POINT('Origin',(1.22047244094488,0.826771653543307,0.984251968503937));
#4132=CARTESIAN_POINT('Origin',(-1.04330708661417,0.590551181102362,3.15479049676293));
#4133=CARTESIAN_POINT('',(-0.866141732283464,0.590551181102362,3.11542041802278));
#4134=CARTESIAN_POINT('',(-0.866141732283464,0.551181102362205,3.15479049676293));
#4135=CARTESIAN_POINT('Origin',(-0.866141732283464,0.590551181102362,3.15479049676293));
#4136=CARTESIAN_POINT('',(-1.10236220472441,0.551181102362205,3.15479049676293));
#4137=CARTESIAN_POINT('',(-1.04330708661417,0.551181102362205,3.15479049676293));
#4138=CARTESIAN_POINT('',(-1.10236220472441,0.590551181102362,3.11542041802278));
#4139=CARTESIAN_POINT('Origin',(-1.10236220472441,0.590551181102362,3.15479049676293));
#4140=CARTESIAN_POINT('',(-1.04330708661417,0.590551181102362,3.11542041802278));
#4141=CARTESIAN_POINT('Origin',(-1.10236220472441,0.551181102362205,3.38628655975506));
#4142=CARTESIAN_POINT('',(-1.10236220472441,0.551181102362205,3.38628655975506));
#4143=CARTESIAN_POINT('',(-1.10236220472441,0.551181102362205,3.28763146885391));
#4144=CARTESIAN_POINT('',(-1.10236220472441,0.708661417322835,3.38628655975506));
#4145=CARTESIAN_POINT('',(-1.10236220472441,0.551181102362205,3.38628655975506));
#4146=CARTESIAN_POINT('',(-1.10236220472441,0.708661417322835,3.31227081172356));
#4147=CARTESIAN_POINT('',(-1.10236220472441,0.708661417322835,3.38628655975506));
#4148=CARTESIAN_POINT('',(-1.10236220472441,0.748031496062992,3.27290073298341));
#4149=CARTESIAN_POINT('Origin',(-1.10236220472441,0.748031496062992,3.31227081172356));
#4150=CARTESIAN_POINT('',(-1.10236220472441,0.826771653543307,3.27290073298341));
#4151=CARTESIAN_POINT('',(-1.10236220472441,0.708661417322835,3.27290073298341));
#4152=CARTESIAN_POINT('',(-1.10236220472441,0.826771653543307,3.11542041802278));
#4153=CARTESIAN_POINT('',(-1.10236220472441,0.826771653543307,3.28763146885391));
#4154=CARTESIAN_POINT('',(-1.10236220472441,0.551181102362205,3.11542041802278));
#4155=CARTESIAN_POINT('Origin',(-1.10236220472441,0.551181102362205,3.11542041802278));
#4156=CARTESIAN_POINT('',(-0.866141732283464,0.826771653543307,3.11542041802278));
#4157=CARTESIAN_POINT('',(-1.04330708661417,0.826771653543307,3.11542041802278));
#4158=CARTESIAN_POINT('',(-0.866141732283464,0.551181102362205,3.11542041802278));
#4159=CARTESIAN_POINT('Origin',(-0.925196850393701,0.748031496062992,3.31227081172356));
#4160=CARTESIAN_POINT('',(-0.866141732283464,0.708661417322835,3.31227081172356));
#4161=CARTESIAN_POINT('',(-0.925196850393701,0.708661417322835,3.31227081172356));
#4162=CARTESIAN_POINT('',(-0.866141732283464,0.748031496062992,3.27290073298341));
#4163=CARTESIAN_POINT('Origin',(-0.866141732283464,0.748031496062992,3.31227081172356));
#4164=CARTESIAN_POINT('',(-0.925196850393701,0.748031496062992,3.27290073298341));
#4165=CARTESIAN_POINT('Origin',(-0.866141732283464,0.708661417322835,3.27290073298341));
#4166=CARTESIAN_POINT('',(-0.866141732283464,0.826771653543307,3.27290073298341));
#4167=CARTESIAN_POINT('',(-0.866141732283464,0.708661417322835,3.27290073298341));
#4168=CARTESIAN_POINT('',(-0.9251968503937,0.826771653543307,3.27290073298341));
#4169=CARTESIAN_POINT('Origin',(-0.984251968503937,0.708661417322835,3.18897637795276));
#4170=CARTESIAN_POINT('',(-1.14173228346457,0.708661417322835,3.42565663849522));
#4171=CARTESIAN_POINT('Origin',(-1.14173228346457,0.708661417322835,3.38628655975506));
#4172=CARTESIAN_POINT('',(-1.18110236220472,0.708661417322835,3.42565663849522));
#4173=CARTESIAN_POINT('',(-1.18110236220472,0.708661417322835,3.42565663849522));
#4174=CARTESIAN_POINT('',(-1.22047244094488,0.708661417322835,3.38628655975506));
#4175=CARTESIAN_POINT('Origin',(-1.18110236220472,0.708661417322835,3.38628655975506));
#4176=CARTESIAN_POINT('',(-1.22047244094488,0.708661417322835,3.10203459125112));
#4177=CARTESIAN_POINT('',(-1.22047244094488,0.708661417322835,3.10203459125112));
#4178=CARTESIAN_POINT('',(-1.18110236220472,0.708661417322835,3.06266451251096));
#4179=CARTESIAN_POINT('Origin',(-1.18110236220472,0.708661417322835,3.10203459125112));
#4180=CARTESIAN_POINT('',(-0.787401574803149,0.708661417322835,3.06266451251096));
#4181=CARTESIAN_POINT('',(-0.787401574803149,0.708661417322835,3.06266451251096));
#4182=CARTESIAN_POINT('',(-0.748031496062992,0.708661417322835,3.10203459125112));
#4183=CARTESIAN_POINT('Origin',(-0.78740157480315,0.708661417322835,3.10203459125112));
#4184=CARTESIAN_POINT('',(-0.748031496062992,0.708661417322835,3.27290073298341));
#4185=CARTESIAN_POINT('',(-0.748031496062992,0.708661417322835,3.27290073298341));
#4186=CARTESIAN_POINT('',(-0.511811023622047,0.708661417322835,3.27290073298341));
#4187=CARTESIAN_POINT('',(-0.511811023622047,0.708661417322835,3.27290073298341));
#4188=CARTESIAN_POINT('',(-0.511811023622047,0.708661417322835,2.86581411881018));
#4189=CARTESIAN_POINT('',(-0.511811023622047,0.708661417322835,2.86581411881018));
#4190=CARTESIAN_POINT('',(-0.551181102362205,0.708661417322835,2.82644404007002));
#4191=CARTESIAN_POINT('Origin',(-0.551181102362205,0.708661417322835,2.86581411881018));
#4192=CARTESIAN_POINT('',(-1.41732283464567,0.708661417322835,2.82644404007002));
#4193=CARTESIAN_POINT('',(-1.41732283464567,0.708661417322835,2.82644404007002));
#4194=CARTESIAN_POINT('',(-1.45669291338583,0.708661417322835,2.86581411881018));
#4195=CARTESIAN_POINT('Origin',(-1.41732283464567,0.708661417322835,2.86581411881018));
#4196=CARTESIAN_POINT('',(-1.45669291338583,0.708661417322835,3.622507032196));
#4197=CARTESIAN_POINT('',(-1.45669291338583,0.708661417322835,3.622507032196));
#4198=CARTESIAN_POINT('',(-1.41732283464567,0.708661417322835,3.66187711093616));
#4199=CARTESIAN_POINT('Origin',(-1.41732283464567,0.708661417322835,3.622507032196));
#4200=CARTESIAN_POINT('',(-0.905511811023622,0.708661417322835,3.66187711093616));
#4201=CARTESIAN_POINT('',(-0.905511811023622,0.708661417322835,3.66187711093616));
#4202=CARTESIAN_POINT('',(-0.866141732283464,0.708661417322835,3.622507032196));
#4203=CARTESIAN_POINT('Origin',(-0.905511811023622,0.708661417322835,3.622507032196));
#4204=CARTESIAN_POINT('',(-0.866141732283464,0.708661417322835,3.11542041802278));
#4205=CARTESIAN_POINT('Origin',(-0.866141732283464,0.511811023622047,3.07605033928262));
#4206=CARTESIAN_POINT('',(-0.748031496062991,0.541388409403138,3.10203459125112));
#4207=CARTESIAN_POINT('',(-0.748031496062992,0.511811023622047,3.11542041802278));
#4208=CARTESIAN_POINT('Origin',(-0.748031496062992,0.511811023622047,3.07605033928262));
#4209=CARTESIAN_POINT('',(-0.757824189022058,0.551181102362205,3.07605033928262));
#4210=CARTESIAN_POINT('Ctrl Pts',(-0.748031496062992,0.54138840940314,3.10203459125112));
#4211=CARTESIAN_POINT('Ctrl Pts',(-0.748031496062992,0.542337627138706,
3.10095411453818));
#4212=CARTESIAN_POINT('Ctrl Pts',(-0.74807612770595,0.543222012297147,3.09982773933672));
#4213=CARTESIAN_POINT('Ctrl Pts',(-0.748389761122759,0.545785662810611,
3.09617482698679));
#4214=CARTESIAN_POINT('Ctrl Pts',(-0.748895075846108,0.547351975453303,
3.09327705732242));
#4215=CARTESIAN_POINT('Ctrl Pts',(-0.750720092293646,0.549638320305386,
3.08740880114299));
#4216=CARTESIAN_POINT('Ctrl Pts',(-0.752049818774248,0.550365523889148,
3.08444423432895));
#4217=CARTESIAN_POINT('Ctrl Pts',(-0.75481901218093,0.551055421287439,3.07980825547661));
#4218=CARTESIAN_POINT('Ctrl Pts',(-0.756233600265505,0.551181102362205,
3.07786087657762));
#4219=CARTESIAN_POINT('Ctrl Pts',(-0.757824189022059,0.551181102362205,
3.07605033928262));
#4220=CARTESIAN_POINT('',(-0.511811023622047,0.551181102362205,3.07605033928262));
#4221=CARTESIAN_POINT('',(-0.866141732283464,0.551181102362205,3.07605033928262));
#4222=CARTESIAN_POINT('',(-0.511811023622047,0.511811023622047,3.11542041802278));
#4223=CARTESIAN_POINT('Origin',(-0.511811023622047,0.511811023622047,3.07605033928262));
#4224=CARTESIAN_POINT('',(-0.866141732283464,0.511811023622047,3.11542041802278));
#4225=CARTESIAN_POINT('Origin',(-0.748031496062992,0.551181102362205,3.11542041802278));
#4226=CARTESIAN_POINT('',(-0.511811023622047,0.433070866141732,3.11542041802278));
#4227=CARTESIAN_POINT('',(-0.511811023622047,0.551181102362205,3.11542041802278));
#4228=CARTESIAN_POINT('',(-0.748031496062992,0.433070866141732,3.11542041802278));
#4229=CARTESIAN_POINT('',(-0.866141732283464,0.433070866141732,3.11542041802278));
#4230=CARTESIAN_POINT('',(-0.748031496062992,0.551181102362205,3.11542041802278));
#4231=CARTESIAN_POINT('Origin',(-0.984251968503937,0.433070866141732,3.18897637795275));
#4232=CARTESIAN_POINT('',(6.99353086378051E-16,0.433070866141732,4.17322834645669));
#4233=CARTESIAN_POINT('',(-1.96850393700787,0.433070866141732,4.17322834645669));
#4234=CARTESIAN_POINT('',(6.99353086378051E-16,0.433070866141732,4.17322834645669));
#4235=CARTESIAN_POINT('',(6.99353086378051E-16,0.433070866141732,2.20472440944882));
#4236=CARTESIAN_POINT('',(6.99353086378051E-16,0.433070866141732,2.20472440944882));
#4237=CARTESIAN_POINT('',(-1.96850393700787,0.433070866141732,2.20472440944882));
#4238=CARTESIAN_POINT('',(-1.96850393700787,0.433070866141732,2.20472440944882));
#4239=CARTESIAN_POINT('',(-1.96850393700787,0.433070866141732,4.17322834645669));
#4240=CARTESIAN_POINT('',(-0.511811023622047,0.433070866141732,3.27290073298341));
#4241=CARTESIAN_POINT('',(-0.511811023622047,0.433070866141732,3.15219839798777));
#4242=CARTESIAN_POINT('',(-0.748031496062992,0.433070866141732,3.27290073298341));
#4243=CARTESIAN_POINT('',(-0.748031496062991,0.433070866141732,3.27290073298341));
#4244=CARTESIAN_POINT('',(-0.748031496062992,0.433070866141732,3.23093855546808));
#4245=CARTESIAN_POINT('Origin',(6.99353086378051E-16,0.118110236220472,
4.17322834645669));
#4246=CARTESIAN_POINT('',(-1.96850393700787,0.118110236220472,4.17322834645669));
#4247=CARTESIAN_POINT('',(6.99353086378051E-16,0.118110236220472,4.17322834645669));
#4248=CARTESIAN_POINT('',(-0.492125984251968,0.118110236220472,4.17322834645669));
#4249=CARTESIAN_POINT('',(6.99353086378051E-16,0.118110236220472,4.17322834645669));
#4250=CARTESIAN_POINT('',(-1.96850393700787,0.118110236220472,4.17322834645669));
#4251=CARTESIAN_POINT('Origin',(6.99353086378051E-16,0.118110236220472,
2.20472440944882));
#4252=CARTESIAN_POINT('',(6.99353086378051E-16,0.118110236220472,2.20472440944882));
#4253=CARTESIAN_POINT('',(6.99353086378051E-16,0.118110236220472,2.69685039370079));
#4254=CARTESIAN_POINT('',(6.99353086378051E-16,0.118110236220472,2.20472440944882));
#4255=CARTESIAN_POINT('Origin',(-1.96850393700787,0.118110236220472,2.20472440944882));
#4256=CARTESIAN_POINT('',(-1.96850393700787,0.118110236220472,2.20472440944882));
#4257=CARTESIAN_POINT('',(-1.47637795275591,0.118110236220472,2.20472440944882));
#4258=CARTESIAN_POINT('',(-1.96850393700787,0.118110236220472,2.20472440944882));
#4259=CARTESIAN_POINT('Origin',(-1.96850393700787,0.118110236220472,4.17322834645669));
#4260=CARTESIAN_POINT('',(-1.96850393700787,0.118110236220472,3.68110236220472));
#4261=CARTESIAN_POINT('Origin',(-0.984251968503937,0.118110236220472,3.18897637795276));
#4262=CARTESIAN_POINT('Origin',(-1.14173228346457,0.551181102362205,3.38628655975506));
#4263=CARTESIAN_POINT('',(-1.14173228346457,0.551181102362205,3.42565663849522));
#4264=CARTESIAN_POINT('Origin',(-1.14173228346457,0.551181102362205,3.38628655975506));
#4265=CARTESIAN_POINT('',(-1.14173228346457,0.551181102362205,3.42565663849522));
#4266=CARTESIAN_POINT('Origin',(-1.18110236220472,0.551181102362205,3.42565663849522));
#4267=CARTESIAN_POINT('',(-1.18110236220472,0.551181102362205,3.42565663849522));
#4268=CARTESIAN_POINT('',(-1.08267716535433,0.551181102362205,3.42565663849522));
#4269=CARTESIAN_POINT('',(-1.18110236220472,0.551181102362205,3.42565663849522));
#4270=CARTESIAN_POINT('Origin',(-1.18110236220472,0.551181102362205,3.38628655975506));
#4271=CARTESIAN_POINT('',(-1.22047244094488,0.551181102362205,3.38628655975506));
#4272=CARTESIAN_POINT('Origin',(-1.18110236220472,0.551181102362205,3.38628655975506));
#4273=CARTESIAN_POINT('',(-1.22047244094488,0.551181102362205,3.38628655975506));
#4274=CARTESIAN_POINT('Origin',(-1.22047244094488,0.551181102362205,3.10203459125112));
#4275=CARTESIAN_POINT('',(-1.22047244094488,0.551181102362205,3.10203459125112));
#4276=CARTESIAN_POINT('',(-1.22047244094488,0.551181102362205,3.14550548460194));
#4277=CARTESIAN_POINT('',(-1.22047244094488,0.551181102362205,3.10203459125112));
#4278=CARTESIAN_POINT('Origin',(-1.18110236220472,0.551181102362205,3.10203459125112));
#4279=CARTESIAN_POINT('',(-1.18110236220472,0.551181102362205,3.06266451251096));
#4280=CARTESIAN_POINT('Origin',(-1.18110236220472,0.551181102362205,3.10203459125112));
#4281=CARTESIAN_POINT('',(-1.18110236220472,0.551181102362205,3.06266451251096));
#4282=CARTESIAN_POINT('Origin',(-0.787401574803149,0.551181102362205,3.06266451251096));
#4283=CARTESIAN_POINT('',(-0.787401574803149,0.551181102362205,3.06266451251096));
#4284=CARTESIAN_POINT('',(-0.885826771653543,0.551181102362205,3.06266451251096));
#4285=CARTESIAN_POINT('',(-0.787401574803149,0.551181102362205,3.06266451251096));
#4286=CARTESIAN_POINT('Origin',(-0.78740157480315,0.551181102362205,3.10203459125112));
#4287=CARTESIAN_POINT('Origin',(-0.78740157480315,0.551181102362205,3.10203459125112));
#4288=CARTESIAN_POINT('',(-0.748031496062992,0.551181102362205,3.10203459125112));
#4289=CARTESIAN_POINT('Origin',(-0.748031496062992,0.551181102362205,3.27290073298341));
#4290=CARTESIAN_POINT('',(-0.748031496062992,0.551181102362205,3.27290073298341));
#4291=CARTESIAN_POINT('Origin',(-0.511811023622047,0.551181102362205,3.27290073298341));
#4292=CARTESIAN_POINT('',(-0.511811023622047,0.551181102362205,3.27290073298341));
#4293=CARTESIAN_POINT('Origin',(-0.511811023622047,0.551181102362205,2.86581411881018));
#4294=CARTESIAN_POINT('',(-0.511811023622047,0.551181102362205,2.86581411881018));
#4295=CARTESIAN_POINT('',(-0.511811023622047,0.551181102362205,3.02739524838147));
#4296=CARTESIAN_POINT('',(-0.511811023622047,0.551181102362205,2.86581411881018));
#4297=CARTESIAN_POINT('Origin',(-0.551181102362205,0.551181102362205,2.86581411881018));
#4298=CARTESIAN_POINT('',(-0.551181102362205,0.551181102362205,2.82644404007002));
#4299=CARTESIAN_POINT('Origin',(-0.551181102362205,0.551181102362205,2.86581411881018));
#4300=CARTESIAN_POINT('',(-0.551181102362205,0.551181102362205,2.82644404007002));
#4301=CARTESIAN_POINT('Origin',(-1.41732283464567,0.551181102362205,2.82644404007002));
#4302=CARTESIAN_POINT('',(-1.41732283464567,0.551181102362205,2.82644404007002));
#4303=CARTESIAN_POINT('',(-1.2007874015748,0.551181102362205,2.82644404007002));
#4304=CARTESIAN_POINT('',(-1.41732283464567,0.551181102362205,2.82644404007002));
#4305=CARTESIAN_POINT('Origin',(-1.41732283464567,0.551181102362205,2.86581411881018));
#4306=CARTESIAN_POINT('',(-1.45669291338583,0.551181102362205,2.86581411881018));
#4307=CARTESIAN_POINT('Origin',(-1.41732283464567,0.551181102362205,2.86581411881018));
#4308=CARTESIAN_POINT('',(-1.45669291338583,0.551181102362205,2.86581411881018));
#4309=CARTESIAN_POINT('Origin',(-1.45669291338583,0.551181102362205,3.622507032196));
#4310=CARTESIAN_POINT('',(-1.45669291338583,0.551181102362205,3.622507032196));
#4311=CARTESIAN_POINT('',(-1.45669291338583,0.551181102362205,3.40574170507438));
#4312=CARTESIAN_POINT('',(-1.45669291338583,0.551181102362205,3.622507032196));
#4313=CARTESIAN_POINT('Origin',(-1.41732283464567,0.551181102362205,3.622507032196));
#4314=CARTESIAN_POINT('',(-1.41732283464567,0.551181102362205,3.66187711093616));
#4315=CARTESIAN_POINT('Origin',(-1.41732283464567,0.551181102362205,3.622507032196));
#4316=CARTESIAN_POINT('',(-1.41732283464567,0.551181102362205,3.66187711093616));
#4317=CARTESIAN_POINT('Origin',(-0.905511811023622,0.551181102362205,3.66187711093616));
#4318=CARTESIAN_POINT('',(-0.905511811023622,0.551181102362205,3.66187711093616));
#4319=CARTESIAN_POINT('',(-0.944881889763779,0.551181102362205,3.66187711093616));
#4320=CARTESIAN_POINT('',(-0.905511811023622,0.551181102362205,3.66187711093616));
#4321=CARTESIAN_POINT('Origin',(-0.905511811023622,0.551181102362205,3.622507032196));
#4322=CARTESIAN_POINT('',(-0.866141732283464,0.551181102362205,3.622507032196));
#4323=CARTESIAN_POINT('Origin',(-0.905511811023622,0.551181102362205,3.622507032196));
#4324=CARTESIAN_POINT('',(-0.866141732283464,0.551181102362205,3.622507032196));
#4325=CARTESIAN_POINT('Origin',(-0.866141732283464,0.551181102362205,3.11542041802278));
#4326=CARTESIAN_POINT('',(-0.866141732283464,0.826771653543307,3.15219839798777));
#4327=CARTESIAN_POINT('',(-0.866141732283464,0.551181102362205,3.15219839798777));
#4328=CARTESIAN_POINT('Origin',(-0.984251968503937,0.551181102362205,3.18897637795275));
#4329=CARTESIAN_POINT('Origin',(-0.984251968503937,0.826771653543307,3.18897637795276));
#4330=CARTESIAN_POINT('Origin',(1.16141732283465,0.590551181102362,3.15479049676293));
#4331=CARTESIAN_POINT('',(1.33858267716535,0.590551181102362,3.11542041802278));
#4332=CARTESIAN_POINT('',(1.33858267716535,0.551181102362205,3.15479049676293));
#4333=CARTESIAN_POINT('Origin',(1.33858267716535,0.590551181102362,3.15479049676293));
#4334=CARTESIAN_POINT('',(1.10236220472441,0.551181102362205,3.15479049676293));
#4335=CARTESIAN_POINT('',(1.16141732283465,0.551181102362205,3.15479049676293));
#4336=CARTESIAN_POINT('',(1.10236220472441,0.590551181102362,3.11542041802278));
#4337=CARTESIAN_POINT('Origin',(1.10236220472441,0.590551181102362,3.15479049676293));
#4338=CARTESIAN_POINT('',(1.16141732283465,0.590551181102362,3.11542041802278));
#4339=CARTESIAN_POINT('Origin',(1.10236220472441,0.551181102362205,3.38628655975506));
#4340=CARTESIAN_POINT('',(1.10236220472441,0.551181102362205,3.38628655975506));
#4341=CARTESIAN_POINT('',(1.10236220472441,0.551181102362205,3.28763146885391));
#4342=CARTESIAN_POINT('',(1.10236220472441,0.708661417322835,3.38628655975506));
#4343=CARTESIAN_POINT('',(1.10236220472441,0.551181102362205,3.38628655975506));
#4344=CARTESIAN_POINT('',(1.10236220472441,0.708661417322835,3.31227081172356));
#4345=CARTESIAN_POINT('',(1.10236220472441,0.708661417322835,3.38628655975506));
#4346=CARTESIAN_POINT('',(1.10236220472441,0.748031496062992,3.27290073298341));
#4347=CARTESIAN_POINT('Origin',(1.10236220472441,0.748031496062992,3.31227081172356));
#4348=CARTESIAN_POINT('',(1.10236220472441,0.826771653543307,3.27290073298341));
#4349=CARTESIAN_POINT('',(1.10236220472441,0.708661417322835,3.27290073298341));
#4350=CARTESIAN_POINT('',(1.10236220472441,0.826771653543307,3.11542041802278));
#4351=CARTESIAN_POINT('',(1.10236220472441,0.826771653543307,3.28763146885391));
#4352=CARTESIAN_POINT('',(1.10236220472441,0.551181102362205,3.11542041802278));
#4353=CARTESIAN_POINT('Origin',(1.10236220472441,0.551181102362205,3.11542041802278));
#4354=CARTESIAN_POINT('',(1.33858267716535,0.826771653543307,3.11542041802278));
#4355=CARTESIAN_POINT('',(1.16141732283465,0.826771653543307,3.11542041802278));
#4356=CARTESIAN_POINT('',(1.33858267716535,0.551181102362205,3.11542041802278));
#4357=CARTESIAN_POINT('Origin',(1.27952755905512,0.748031496062992,3.31227081172356));
#4358=CARTESIAN_POINT('',(1.33858267716535,0.708661417322835,3.31227081172356));
#4359=CARTESIAN_POINT('',(1.27952755905512,0.708661417322835,3.31227081172356));
#4360=CARTESIAN_POINT('',(1.33858267716535,0.748031496062992,3.27290073298341));
#4361=CARTESIAN_POINT('Origin',(1.33858267716535,0.748031496062992,3.31227081172356));
#4362=CARTESIAN_POINT('',(1.27952755905512,0.748031496062992,3.27290073298341));
#4363=CARTESIAN_POINT('Origin',(1.33858267716535,0.708661417322835,3.27290073298341));
#4364=CARTESIAN_POINT('',(1.33858267716535,0.826771653543307,3.27290073298341));
#4365=CARTESIAN_POINT('',(1.33858267716535,0.708661417322835,3.27290073298341));
#4366=CARTESIAN_POINT('',(1.27952755905512,0.826771653543307,3.27290073298341));
#4367=CARTESIAN_POINT('Origin',(1.22047244094488,0.708661417322835,3.18897637795276));
#4368=CARTESIAN_POINT('',(1.06299212598425,0.708661417322835,3.42565663849522));
#4369=CARTESIAN_POINT('Origin',(1.06299212598425,0.708661417322835,3.38628655975506));
#4370=CARTESIAN_POINT('',(1.02362204724409,0.708661417322835,3.42565663849522));
#4371=CARTESIAN_POINT('',(1.02362204724409,0.708661417322835,3.42565663849522));
#4372=CARTESIAN_POINT('',(0.984251968503937,0.708661417322835,3.38628655975506));
#4373=CARTESIAN_POINT('Origin',(1.0236220472441,0.708661417322835,3.38628655975506));
#4374=CARTESIAN_POINT('',(0.984251968503937,0.708661417322835,3.10203459125112));
#4375=CARTESIAN_POINT('',(0.984251968503937,0.708661417322835,3.10203459125112));
#4376=CARTESIAN_POINT('',(1.02362204724409,0.708661417322835,3.06266451251096));
#4377=CARTESIAN_POINT('Origin',(1.02362204724409,0.708661417322835,3.10203459125112));
#4378=CARTESIAN_POINT('',(1.41732283464567,0.708661417322835,3.06266451251096));
#4379=CARTESIAN_POINT('',(1.41732283464567,0.708661417322835,3.06266451251096));
#4380=CARTESIAN_POINT('',(1.45669291338583,0.708661417322835,3.10203459125112));
#4381=CARTESIAN_POINT('Origin',(1.41732283464567,0.708661417322835,3.10203459125112));
#4382=CARTESIAN_POINT('',(1.45669291338583,0.708661417322835,3.27290073298341));
#4383=CARTESIAN_POINT('',(1.45669291338583,0.708661417322835,3.27290073298341));
#4384=CARTESIAN_POINT('',(1.69291338582677,0.708661417322835,3.27290073298341));
#4385=CARTESIAN_POINT('',(1.69291338582677,0.708661417322835,3.27290073298341));
#4386=CARTESIAN_POINT('',(1.69291338582677,0.708661417322835,2.86581411881018));
#4387=CARTESIAN_POINT('',(1.69291338582677,0.708661417322835,2.86581411881018));
#4388=CARTESIAN_POINT('',(1.65354330708661,0.708661417322835,2.82644404007002));
#4389=CARTESIAN_POINT('Origin',(1.65354330708661,0.708661417322835,2.86581411881018));
#4390=CARTESIAN_POINT('',(0.78740157480315,0.708661417322835,2.82644404007002));
#4391=CARTESIAN_POINT('',(0.78740157480315,0.708661417322835,2.82644404007002));
#4392=CARTESIAN_POINT('',(0.748031496062993,0.708661417322835,2.86581411881018));
#4393=CARTESIAN_POINT('Origin',(0.78740157480315,0.708661417322835,2.86581411881018));
#4394=CARTESIAN_POINT('',(0.748031496062993,0.708661417322835,3.622507032196));
#4395=CARTESIAN_POINT('',(0.748031496062993,0.708661417322835,3.622507032196));
#4396=CARTESIAN_POINT('',(0.78740157480315,0.708661417322835,3.66187711093616));
#4397=CARTESIAN_POINT('Origin',(0.787401574803151,0.708661417322835,3.622507032196));
#4398=CARTESIAN_POINT('',(1.2992125984252,0.708661417322835,3.66187711093616));
#4399=CARTESIAN_POINT('',(1.2992125984252,0.708661417322835,3.66187711093616));
#4400=CARTESIAN_POINT('',(1.33858267716535,0.708661417322835,3.622507032196));
#4401=CARTESIAN_POINT('Origin',(1.2992125984252,0.708661417322835,3.622507032196));
#4402=CARTESIAN_POINT('',(1.33858267716535,0.708661417322835,3.11542041802278));
#4403=CARTESIAN_POINT('Origin',(1.33858267716535,0.511811023622047,3.07605033928262));
#4404=CARTESIAN_POINT('',(1.45669291338583,0.541388409403138,3.10203459125112));
#4405=CARTESIAN_POINT('',(1.45669291338583,0.511811023622047,3.11542041802278));
#4406=CARTESIAN_POINT('Origin',(1.45669291338583,0.511811023622047,3.07605033928262));
#4407=CARTESIAN_POINT('',(1.44690022042676,0.551181102362205,3.07605033928262));
#4408=CARTESIAN_POINT('Ctrl Pts',(1.45669291338583,0.54138840940314,3.10203459125112));
#4409=CARTESIAN_POINT('Ctrl Pts',(1.45669291338583,0.542337627138706,3.10095411453818));
#4410=CARTESIAN_POINT('Ctrl Pts',(1.45664828174287,0.543222012297147,3.09982773933672));
#4411=CARTESIAN_POINT('Ctrl Pts',(1.45633464832606,0.545785662810611,3.09617482698679));
#4412=CARTESIAN_POINT('Ctrl Pts',(1.45582933360271,0.547351975453303,3.09327705732242));
#4413=CARTESIAN_POINT('Ctrl Pts',(1.45400431715517,0.549638320305386,3.08740880114299));
#4414=CARTESIAN_POINT('Ctrl Pts',(1.45267459067457,0.550365523889148,3.08444423432895));
#4415=CARTESIAN_POINT('Ctrl Pts',(1.44990539726789,0.551055421287439,3.07980825547661));
#4416=CARTESIAN_POINT('Ctrl Pts',(1.44849080918331,0.551181102362205,3.07786087657762));
#4417=CARTESIAN_POINT('Ctrl Pts',(1.44690022042676,0.551181102362205,3.07605033928262));
#4418=CARTESIAN_POINT('',(1.69291338582677,0.551181102362205,3.07605033928262));
#4419=CARTESIAN_POINT('',(1.33858267716535,0.551181102362205,3.07605033928262));
#4420=CARTESIAN_POINT('',(1.69291338582677,0.511811023622047,3.11542041802278));
#4421=CARTESIAN_POINT('Origin',(1.69291338582677,0.511811023622047,3.07605033928262));
#4422=CARTESIAN_POINT('',(1.33858267716535,0.511811023622047,3.11542041802278));
#4423=CARTESIAN_POINT('Origin',(1.45669291338583,0.551181102362205,3.11542041802278));
#4424=CARTESIAN_POINT('',(1.69291338582677,0.433070866141732,3.11542041802278));
#4425=CARTESIAN_POINT('',(1.69291338582677,0.551181102362205,3.11542041802278));
#4426=CARTESIAN_POINT('',(1.45669291338583,0.433070866141732,3.11542041802278));
#4427=CARTESIAN_POINT('',(1.33858267716535,0.433070866141732,3.11542041802278));
#4428=CARTESIAN_POINT('',(1.45669291338583,0.551181102362205,3.11542041802278));
#4429=CARTESIAN_POINT('Origin',(1.22047244094488,0.433070866141732,3.18897637795275));
#4430=CARTESIAN_POINT('',(2.20472440944882,0.433070866141732,4.17322834645669));
#4431=CARTESIAN_POINT('',(0.236220472440946,0.433070866141732,4.17322834645669));
#4432=CARTESIAN_POINT('',(2.20472440944882,0.433070866141732,4.17322834645669));
#4433=CARTESIAN_POINT('',(2.20472440944882,0.433070866141732,2.20472440944882));
#4434=CARTESIAN_POINT('',(2.20472440944882,0.433070866141732,2.20472440944882));
#4435=CARTESIAN_POINT('',(0.236220472440946,0.433070866141732,2.20472440944882));
#4436=CARTESIAN_POINT('',(0.236220472440946,0.433070866141732,2.20472440944882));
#4437=CARTESIAN_POINT('',(0.236220472440946,0.433070866141732,4.17322834645669));
#4438=CARTESIAN_POINT('',(1.69291338582677,0.433070866141732,3.27290073298341));
#4439=CARTESIAN_POINT('',(1.69291338582677,0.433070866141732,3.15219839798777));
#4440=CARTESIAN_POINT('',(1.45669291338583,0.433070866141732,3.27290073298341));
#4441=CARTESIAN_POINT('',(1.45669291338583,0.433070866141732,3.27290073298341));
#4442=CARTESIAN_POINT('',(1.45669291338583,0.433070866141732,3.23093855546808));
#4443=CARTESIAN_POINT('Origin',(2.20472440944882,0.118110236220472,4.17322834645669));
#4444=CARTESIAN_POINT('',(0.236220472440946,0.118110236220472,4.17322834645669));
#4445=CARTESIAN_POINT('',(2.20472440944882,0.118110236220472,4.17322834645669));
#4446=CARTESIAN_POINT('',(1.71259842519685,0.118110236220472,4.17322834645669));
#4447=CARTESIAN_POINT('',(2.20472440944882,0.118110236220472,4.17322834645669));
#4448=CARTESIAN_POINT('',(0.236220472440946,0.118110236220472,4.17322834645669));
#4449=CARTESIAN_POINT('Origin',(2.20472440944882,0.118110236220472,2.20472440944882));
#4450=CARTESIAN_POINT('',(2.20472440944882,0.118110236220472,2.20472440944882));
#4451=CARTESIAN_POINT('',(2.20472440944882,0.118110236220472,2.69685039370079));
#4452=CARTESIAN_POINT('',(2.20472440944882,0.118110236220472,2.20472440944882));
#4453=CARTESIAN_POINT('Origin',(0.236220472440946,0.118110236220472,2.20472440944882));
#4454=CARTESIAN_POINT('',(0.236220472440946,0.118110236220472,2.20472440944882));
#4455=CARTESIAN_POINT('',(0.728346456692914,0.118110236220472,2.20472440944882));
#4456=CARTESIAN_POINT('',(0.236220472440946,0.118110236220472,2.20472440944882));
#4457=CARTESIAN_POINT('Origin',(0.236220472440946,0.118110236220472,4.17322834645669));
#4458=CARTESIAN_POINT('',(0.236220472440946,0.118110236220472,3.68110236220472));
#4459=CARTESIAN_POINT('Origin',(1.22047244094488,0.118110236220472,3.18897637795276));
#4460=CARTESIAN_POINT('Origin',(1.06299212598425,0.551181102362205,3.38628655975506));
#4461=CARTESIAN_POINT('',(1.06299212598425,0.551181102362205,3.42565663849522));
#4462=CARTESIAN_POINT('Origin',(1.06299212598425,0.551181102362205,3.38628655975506));
#4463=CARTESIAN_POINT('',(1.06299212598425,0.551181102362205,3.42565663849522));
#4464=CARTESIAN_POINT('Origin',(1.02362204724409,0.551181102362205,3.42565663849522));
#4465=CARTESIAN_POINT('',(1.02362204724409,0.551181102362205,3.42565663849522));
#4466=CARTESIAN_POINT('',(1.12204724409449,0.551181102362205,3.42565663849522));
#4467=CARTESIAN_POINT('',(1.02362204724409,0.551181102362205,3.42565663849522));
#4468=CARTESIAN_POINT('Origin',(1.0236220472441,0.551181102362205,3.38628655975506));
#4469=CARTESIAN_POINT('',(0.984251968503937,0.551181102362205,3.38628655975506));
#4470=CARTESIAN_POINT('Origin',(1.0236220472441,0.551181102362205,3.38628655975506));
#4471=CARTESIAN_POINT('',(0.984251968503937,0.551181102362205,3.38628655975506));
#4472=CARTESIAN_POINT('Origin',(0.984251968503937,0.551181102362205,3.10203459125112));
#4473=CARTESIAN_POINT('',(0.984251968503937,0.551181102362205,3.10203459125112));
#4474=CARTESIAN_POINT('',(0.984251968503937,0.551181102362205,3.14550548460194));
#4475=CARTESIAN_POINT('',(0.984251968503937,0.551181102362205,3.10203459125112));
#4476=CARTESIAN_POINT('Origin',(1.02362204724409,0.551181102362205,3.10203459125112));
#4477=CARTESIAN_POINT('',(1.02362204724409,0.551181102362205,3.06266451251096));
#4478=CARTESIAN_POINT('Origin',(1.02362204724409,0.551181102362205,3.10203459125112));
#4479=CARTESIAN_POINT('',(1.02362204724409,0.551181102362205,3.06266451251096));
#4480=CARTESIAN_POINT('Origin',(1.41732283464567,0.551181102362205,3.06266451251096));
#4481=CARTESIAN_POINT('',(1.41732283464567,0.551181102362205,3.06266451251096));
#4482=CARTESIAN_POINT('',(1.31889763779528,0.551181102362205,3.06266451251096));
#4483=CARTESIAN_POINT('',(1.41732283464567,0.551181102362205,3.06266451251096));
#4484=CARTESIAN_POINT('Origin',(1.41732283464567,0.551181102362205,3.10203459125112));
#4485=CARTESIAN_POINT('Origin',(1.41732283464567,0.551181102362205,3.10203459125112));
#4486=CARTESIAN_POINT('',(1.45669291338583,0.551181102362205,3.10203459125112));
#4487=CARTESIAN_POINT('Origin',(1.45669291338583,0.551181102362205,3.27290073298341));
#4488=CARTESIAN_POINT('',(1.45669291338583,0.551181102362205,3.27290073298341));
#4489=CARTESIAN_POINT('Origin',(1.69291338582677,0.551181102362205,3.27290073298341));
#4490=CARTESIAN_POINT('',(1.69291338582677,0.551181102362205,3.27290073298341));
#4491=CARTESIAN_POINT('Origin',(1.69291338582677,0.551181102362205,2.86581411881018));
#4492=CARTESIAN_POINT('',(1.69291338582677,0.551181102362205,2.86581411881018));
#4493=CARTESIAN_POINT('',(1.69291338582677,0.551181102362205,3.02739524838147));
#4494=CARTESIAN_POINT('',(1.69291338582677,0.551181102362205,2.86581411881018));
#4495=CARTESIAN_POINT('Origin',(1.65354330708661,0.551181102362205,2.86581411881018));
#4496=CARTESIAN_POINT('',(1.65354330708661,0.551181102362205,2.82644404007002));
#4497=CARTESIAN_POINT('Origin',(1.65354330708661,0.551181102362205,2.86581411881018));
#4498=CARTESIAN_POINT('',(1.65354330708661,0.551181102362205,2.82644404007002));
#4499=CARTESIAN_POINT('Origin',(0.78740157480315,0.551181102362205,2.82644404007002));
#4500=CARTESIAN_POINT('',(0.78740157480315,0.551181102362205,2.82644404007002));
#4501=CARTESIAN_POINT('',(1.00393700787402,0.551181102362205,2.82644404007002));
#4502=CARTESIAN_POINT('',(0.78740157480315,0.551181102362205,2.82644404007002));
#4503=CARTESIAN_POINT('Origin',(0.78740157480315,0.551181102362205,2.86581411881018));
#4504=CARTESIAN_POINT('',(0.748031496062993,0.551181102362205,2.86581411881018));
#4505=CARTESIAN_POINT('Origin',(0.78740157480315,0.551181102362205,2.86581411881018));
#4506=CARTESIAN_POINT('',(0.748031496062993,0.551181102362205,2.86581411881018));
#4507=CARTESIAN_POINT('Origin',(0.748031496062993,0.551181102362205,3.622507032196));
#4508=CARTESIAN_POINT('',(0.748031496062993,0.551181102362205,3.622507032196));
#4509=CARTESIAN_POINT('',(0.748031496062993,0.551181102362205,3.40574170507438));
#4510=CARTESIAN_POINT('',(0.748031496062993,0.551181102362205,3.622507032196));
#4511=CARTESIAN_POINT('Origin',(0.787401574803151,0.551181102362205,3.622507032196));
#4512=CARTESIAN_POINT('',(0.78740157480315,0.551181102362205,3.66187711093616));
#4513=CARTESIAN_POINT('Origin',(0.787401574803151,0.551181102362205,3.622507032196));
#4514=CARTESIAN_POINT('',(0.78740157480315,0.551181102362205,3.66187711093616));
#4515=CARTESIAN_POINT('Origin',(1.2992125984252,0.551181102362205,3.66187711093616));
#4516=CARTESIAN_POINT('',(1.2992125984252,0.551181102362205,3.66187711093616));
#4517=CARTESIAN_POINT('',(1.25984251968504,0.551181102362205,3.66187711093616));
#4518=CARTESIAN_POINT('',(1.2992125984252,0.551181102362205,3.66187711093616));
#4519=CARTESIAN_POINT('Origin',(1.2992125984252,0.551181102362205,3.622507032196));
#4520=CARTESIAN_POINT('',(1.33858267716535,0.551181102362205,3.622507032196));
#4521=CARTESIAN_POINT('Origin',(1.2992125984252,0.551181102362205,3.622507032196));
#4522=CARTESIAN_POINT('',(1.33858267716535,0.551181102362205,3.622507032196));
#4523=CARTESIAN_POINT('Origin',(1.33858267716535,0.551181102362205,3.11542041802278));
#4524=CARTESIAN_POINT('',(1.33858267716535,0.826771653543307,3.15219839798777));
#4525=CARTESIAN_POINT('',(1.33858267716535,0.551181102362205,3.15219839798777));
#4526=CARTESIAN_POINT('Origin',(1.22047244094488,0.551181102362205,3.18897637795275));
#4527=CARTESIAN_POINT('Origin',(1.22047244094488,0.826771653543307,3.18897637795276));
#4528=CARTESIAN_POINT('',(0.,0.,0.));
#4529=UNCERTAINTY_MEASURE_WITH_UNIT(LENGTH_MEASURE(0.000393700787401575),
#4537,'DISTANCE_ACCURACY_VALUE',
'Maximum model space distance between geometric entities at asserted c
onnectivities');
#4530=UNCERTAINTY_MEASURE_WITH_UNIT(LENGTH_MEASURE(0.000393700787401575),
#4537,'DISTANCE_ACCURACY_VALUE',
'Maximum model space distance between geometric entities at asserted c
onnectivities');
#4531=UNCERTAINTY_MEASURE_WITH_UNIT(LENGTH_MEASURE(0.000393700787401575),
#4537,'DISTANCE_ACCURACY_VALUE',
'Maximum model space distance between geometric entities at asserted c
onnectivities');
#4532=(
GEOMETRIC_REPRESENTATION_CONTEXT(3)
GLOBAL_UNCERTAINTY_ASSIGNED_CONTEXT((#4529))
GLOBAL_UNIT_ASSIGNED_CONTEXT((#4537,#4541,#4542))
REPRESENTATION_CONTEXT('','3D')
);
#4533=(
GEOMETRIC_REPRESENTATION_CONTEXT(3)
GLOBAL_UNCERTAINTY_ASSIGNED_CONTEXT((#4530))
GLOBAL_UNIT_ASSIGNED_CONTEXT((#4537,#4541,#4542))
REPRESENTATION_CONTEXT('','3D')
);
#4534=(
GEOMETRIC_REPRESENTATION_CONTEXT(3)
GLOBAL_UNCERTAINTY_ASSIGNED_CONTEXT((#4531))
GLOBAL_UNIT_ASSIGNED_CONTEXT((#4537,#4541,#4542))
REPRESENTATION_CONTEXT('','3D')
);
#4535=DIMENSIONAL_EXPONENTS(1.,0.,0.,0.,0.,0.,0.);
#4536=DIMENSIONAL_EXPONENTS(0.,1.,0.,0.,0.,0.,0.);
#4537=(
CONVERSION_BASED_UNIT('inch',#4540)
LENGTH_UNIT()
NAMED_UNIT(#4535)
);
#4538=(
LENGTH_UNIT()
NAMED_UNIT(*)
SI_UNIT(.MILLI.,.METRE.)
);
#4539=(
LENGTH_UNIT()
NAMED_UNIT(*)
SI_UNIT(.CENTI.,.METRE.)
);
#4540=LENGTH_MEASURE_WITH_UNIT(LENGTH_MEASURE(25.4),#4538);
#4541=(
NAMED_UNIT(*)
PLANE_ANGLE_UNIT()
SI_UNIT($,.RADIAN.)
);
#4542=(
NAMED_UNIT(*)
SI_UNIT($,.STERADIAN.)
SOLID_ANGLE_UNIT()
);
#4543=SHAPE_DEFINITION_REPRESENTATION(#4545,#4548);
#4544=SHAPE_DEFINITION_REPRESENTATION(#4546,#4549);
#4545=PRODUCT_DEFINITION_SHAPE('',$,#4551);
#4546=PRODUCT_DEFINITION_SHAPE('',$,#4552);
#4547=PRODUCT_DEFINITION_SHAPE($,$,#14);
#4548=SHAPE_REPRESENTATION('',(#2773,#2999),#4532);
#4549=SHAPE_REPRESENTATION('',(#2774),#4533);
#4550=PRODUCT_DEFINITION_CONTEXT('part definition',#4558,'design');
#4551=PRODUCT_DEFINITION('2x2 250Hz-negative.ipt',
'2x2 250Hz-negative.ipt',#4553,#4550);
#4552=PRODUCT_DEFINITION('Part1','Part1',#4554,#4550);
#4553=PRODUCT_DEFINITION_FORMATION('',$,#4560);
#4554=PRODUCT_DEFINITION_FORMATION('',$,#4561);
#4555=PRODUCT_RELATED_PRODUCT_CATEGORY('2x2 250Hz-negative.ipt',
'2x2 250Hz-negative.ipt',(#4560));
#4556=PRODUCT_RELATED_PRODUCT_CATEGORY('Part1','Part1',(#4561));
#4557=APPLICATION_PROTOCOL_DEFINITION('international standard',
'automotive_design',2009,#4558);
#4558=APPLICATION_CONTEXT(
'Core Data for Automotive Mechanical Design Process');
#4559=PRODUCT_CONTEXT('part definition',#4558,'mechanical');
#4560=PRODUCT('2x2 250Hz-negative.ipt','2x2 250Hz-negative.ipt',$,(#4559));
#4561=PRODUCT('Part1','Part1',$,(#4559));
ENDSEC;
END-ISO-10303-21;
